Latitude,Longitude,precip
48.3,26.5,547.2305660377357
48.3,26.6,536.1115094339622
48.3,26.7,536.9647169811321
48.3,26.8,540.0018867924526
48.3,26.9,557.2477358490565
48.2,23.2,697.4581132075471
48.2,26.3,536.5496226415096
48.2,26.4,536.857358490566
48.2,26.5,538.5913207547169
48.2,26.6,552.8922641509434
48.2,26.7,552.9684905660375
48.2,26.8,547.6149056603773
48.2,26.9,554.0722641509432
48.2,27.0,554.5422641509434
48.2,27.1,558.8166037735849
48.1,22.9,644.742641509434
48.1,23.0,663.5366037735848
48.1,23.1,691.9445283018865
48.1,23.2,712.5373584905657
48.1,23.3,739.0975471698112
48.1,23.4,709.7237735849054
48.1,23.5,707.1611320754715
48.1,23.6,732.5426415094339
48.1,26.2,563.3332075471698
48.1,26.3,555.2866037735848
48.1,26.4,552.2124528301886
48.1,26.5,546.2596226415094
48.1,26.6,540.54
48.1,26.7,544.7379245283016
48.1,26.8,550.4550943396223
48.1,26.9,547.7318867924527
48.1,27.0,551.7728301886791
48.1,27.1,560.8971698113206
48.0,22.8,639.4169811320754
48.0,22.9,644.7022641509433
48.0,23.0,659.4211320754713
48.0,23.1,671.8667924528299
48.0,23.2,724.8373584905657
48.0,23.3,778.3188679245285
48.0,23.4,795.278679245283
48.0,23.5,798.7013207547171
48.0,23.6,785.0626415094337
48.0,23.7,728.4666037735848
48.0,23.8,714.3984905660375
48.0,23.9,749.5920754716977
48.0,24.0,846.3471698113207
48.0,24.1,898.3628301886791
48.0,24.2,928.500188679245
48.0,24.3,1076.9505660377358
48.0,24.4,1010.0696226415093
48.0,24.5,1151.6205660377357
48.0,24.6,1144.7184905660376
48.0,24.7,1018.4699999999998
48.0,25.3,839.4794339622641
48.0,25.4,814.4601886792452
48.0,25.5,730.5315094339621
48.0,25.6,642.2915094339622
48.0,25.7,624.5122641509431
48.0,25.8,620.16679245283
48.0,25.9,616.3184905660376
48.0,26.0,596.4945283018868
48.0,26.1,591.3581132075469
48.0,26.2,567.5599999999998
48.0,26.3,555.9356603773583
48.0,26.4,545.3039622641509
48.0,26.5,539.5179245283019
48.0,26.6,543.1758490566039
48.0,26.7,545.3092452830188
48.0,26.8,549.4626415094336
48.0,26.9,554.0245283018869
48.0,27.0,549.0432075471697
48.0,27.1,555.6516981132075
48.0,27.2,566.1426415094337
47.9,22.5,609.6177358490565
47.9,22.7,626.3879245283017
47.9,22.8,637.6832075471698
47.9,22.9,643.5224528301887
47.9,23.0,659.710754716981
47.9,23.1,676.9752830188678
47.9,23.2,702.1441509433961
47.9,23.3,735.3477358490564
47.9,23.4,767.6996226415091
47.9,23.5,787.5437735849054
47.9,23.6,861.2043396226414
47.9,23.7,877.4599999999999
47.9,23.8,883.0426415094336
47.9,23.9,849.9328301886787
47.9,24.0,791.7073584905656
47.9,24.1,884.0558490566036
47.9,24.2,955.4130188679245
47.9,24.3,1031.8577358490566
47.9,24.4,1009.3352830188676
47.9,24.5,1041.755471698113
47.9,24.6,1045.7224528301883
47.9,24.7,1156.7590566037736
47.9,24.8,1073.4050943396226
47.9,25.2,866.2449056603773
47.9,25.3,842.0845283018864
47.9,25.4,815.9824528301882
47.9,25.5,725.0958490566034
47.9,25.6,671.0986792452829
47.9,25.7,629.1505660377356
47.9,25.8,613.0045283018866
47.9,25.9,604.6958490566036
47.9,26.0,596.9130188679244
47.9,26.1,591.0098113207542
47.9,26.2,585.8607547169811
47.9,26.3,567.4435849056603
47.9,26.4,550.5083018867924
47.9,26.5,548.9203773584904
47.9,26.6,547.0016981132073
47.9,26.7,550.1586792452829
47.9,26.8,550.364716981132
47.9,26.9,551.6101886792453
47.9,27.0,551.6326415094338
47.9,27.1,552.1822641509431
47.9,27.2,559.4115094339621
47.9,27.3,567.2043396226414
47.8,22.2,604.5524528301886
47.8,22.3,602.7283018867923
47.8,22.4,598.1999999999999
47.8,22.5,601.766603773585
47.8,22.6,609.7096226415096
47.8,22.7,621.2181132075469
47.8,22.8,637.8296226415093
47.8,22.9,639.9952830188677
47.8,23.0,657.5126415094339
47.8,23.1,675.6362264150944
47.8,23.2,717.6445283018867
47.8,23.3,757.3683018867926
47.8,23.4,795.7790566037731
47.8,23.5,897.6481132075469
47.8,23.6,1000.6726415094342
47.8,23.7,971.9979245283018
47.8,23.8,910.2183018867925
47.8,23.9,765.7671698113209
47.8,24.0,736.1249056603768
47.8,24.1,791.0939622641507
47.8,24.2,815.6273584905659
47.8,24.3,881.1071698113208
47.8,24.4,1020.4713207547169
47.8,24.5,972.4458490566037
47.8,24.6,1057.9303773584904
47.8,24.7,1105.1622641509434
47.8,24.8,1068.8369811320754
47.8,24.9,1053.9684905660376
47.8,25.0,996.1460377358491
47.8,25.1,926.4709433962263
47.8,25.2,846.0486792452826
47.8,25.3,813.9183018867923
47.8,25.4,829.2956603773582
47.8,25.5,800.9518867924525
47.8,25.6,761.8792452830191
47.8,25.7,698.1066037735847
47.8,25.8,632.4420754716981
47.8,25.9,605.6069811320754
47.8,26.0,600.0826415094339
47.8,26.1,608.8203773584902
47.8,26.2,608.0049056603773
47.8,26.3,593.4460377358489
47.8,26.4,577.8252830188677
47.8,26.5,551.220754716981
47.8,26.6,551.1601886792453
47.8,26.7,546.5511320754715
47.8,26.8,545.5564150943394
47.8,26.9,547.9426415094338
47.8,27.0,550.7250943396224
47.8,27.1,555.8403773584905
47.8,27.2,561.4218867924526
47.8,27.3,556.2486792452828
47.7,22.2,601.0341509433961
47.7,22.3,600.8479245283017
47.7,22.4,597.0409433962262
47.7,22.5,599.7149056603773
47.7,22.6,603.2771698113206
47.7,22.7,612.1856603773585
47.7,22.8,627.7960377358488
47.7,22.9,642.7009433962263
47.7,23.0,657.1686792452829
47.7,23.1,672.8722641509432
47.7,23.2,685.7277358490566
47.7,23.3,704.2239622641507
47.7,23.4,750.5018867924526
47.7,23.5,796.2858490566035
47.7,23.6,879.7752830188679
47.7,23.7,939.2162264150943
47.7,23.8,976.7288679245283
47.7,23.9,991.2632075471696
47.7,24.0,954.0709433962262
47.7,24.1,875.0077358490565
47.7,24.2,802.4992452830186
47.7,24.3,773.9826415094338
47.7,24.4,783.2035849056604
47.7,24.5,800.1184905660377
47.7,24.6,865.5347169811317
47.7,24.7,883.7609433962265
47.7,24.8,960.2513207547167
47.7,24.9,1085.3564150943394
47.7,25.0,1025.8986792452827
47.7,25.1,941.8928301886787
47.7,25.2,899.9045283018864
47.7,25.3,878.6824528301886
47.7,25.4,819.4056603773579
47.7,25.5,803.0179245283017
47.7,25.6,773.4603773584904
47.7,25.7,748.4850943396225
47.7,25.8,708.3360377358489
47.7,25.9,637.0986792452829
47.7,26.0,597.7349056603774
47.7,26.1,594.9209433962263
47.7,26.2,606.9532075471698
47.7,26.3,600.0864150943395
47.7,26.4,587.3441509433957
47.7,26.5,574.6464150943392
47.7,26.6,558.1881132075471
47.7,26.7,549.6969811320753
47.7,26.8,540.3215094339621
47.7,26.9,539.3847169811321
47.7,27.0,550.3150943396225
47.7,27.1,554.9071698113206
47.7,27.2,557.4441509433963
47.7,27.3,561.703962264151
47.7,27.4,559.4062264150944
47.6,22.0,598.4632075471698
47.6,22.1,597.0879245283016
47.6,22.2,595.142075471698
47.6,22.3,592.9354716981129
47.6,22.4,593.0184905660377
47.6,22.5,590.1952830188677
47.6,22.6,590.7815094339624
47.6,22.7,601.8133962264152
47.6,22.8,617.435471698113
47.6,22.9,641.0211320754718
47.6,23.0,649.7196226415094
47.6,23.1,684.8632075471698
47.6,23.2,711.1803773584905
47.6,23.3,719.4532075471698
47.6,23.4,732.1735849056603
47.6,23.5,755.1828301886788
47.6,23.6,759.1267924528302
47.6,23.7,787.7109433962263
47.6,23.8,817.9567924528297
47.6,23.9,884.4688679245285
47.6,24.0,932.1145283018868
47.6,24.1,922.1745283018861
47.6,24.2,900.6345283018867
47.6,24.3,879.03679245283
47.6,24.4,939.2471698113204
47.6,24.5,982.5700000000002
47.6,24.6,1072.228113207547
47.6,24.7,1108.5830188679242
47.6,24.8,1100.4366037735847
47.6,24.9,1076.71679245283
47.6,25.0,995.6386792452829
47.6,25.1,869.4369811320754
47.6,25.2,874.2105660377358
47.6,25.3,839.5254716981129
47.6,25.4,797.2462264150939
47.6,25.5,784.8511320754716
47.6,25.6,743.114905660377
47.6,25.7,752.2832075471695
47.6,25.8,716.3526415094339
47.6,25.9,657.1905660377355
47.6,26.0,625.6843396226415
47.6,26.1,616.913396226415
47.6,26.2,611.4279245283017
47.6,26.3,603.6539622641508
47.6,26.4,591.7688679245283
47.6,26.5,584.7941509433962
47.6,26.6,570.6899999999998
47.6,26.7,562.0409433962263
47.6,26.8,544.4145283018868
47.6,26.9,540.3550943396226
47.6,27.0,555.7077358490565
47.6,27.1,565.1683018867924
47.6,27.2,557.7205660377356
47.6,27.3,549.9796226415093
47.6,27.4,564.5101886792452
47.6,27.5,552.7322641509433
47.5,22.0,591.553962264151
47.5,22.1,589.4535849056603
47.5,22.2,587.2290566037731
47.5,22.3,585.3649056603772
47.5,22.4,586.4443396226415
47.5,22.5,587.9475471698113
47.5,22.6,588.0226415094338
47.5,22.7,596.6439622641508
47.5,22.8,609.7069811320753
47.5,22.9,628.9424528301886
47.5,23.0,651.4458490566037
47.5,23.1,686.5156603773582
47.5,23.2,699.3016981132074
47.5,23.3,693.8626415094337
47.5,23.4,707.6756603773583
47.5,23.5,728.3988679245283
47.5,23.6,733.9956603773584
47.5,23.7,743.9799999999999
47.5,23.8,790.4450943396225
47.5,23.9,758.1637735849054
47.5,24.0,725.9296226415092
47.5,24.1,801.1299999999998
47.5,24.2,882.9154716981127
47.5,24.3,957.621886792453
47.5,24.4,896.824339622641
47.5,24.5,825.5224528301884
47.5,24.6,1007.5166037735847
47.5,24.7,903.1458490566037
47.5,24.8,983.7518867924526
47.5,24.9,1020.2116981132073
47.5,25.0,842.8205660377357
47.5,25.1,945.9932075471698
47.5,25.2,859.2056603773585
47.5,25.3,876.2769811320752
47.5,25.4,787.7515094339622
47.5,25.5,788.5600000000002
47.5,25.6,734.5573584905658
47.5,25.7,740.9877358490562
47.5,25.8,694.2005660377357
47.5,25.9,688.8703773584905
47.5,26.0,641.959433962264
47.5,26.1,621.0462264150941
47.5,26.2,608.6852830188677
47.5,26.3,610.7816981132074
47.5,26.4,602.1899999999996
47.5,26.5,589.1916981132074
47.5,26.6,585.8447169811319
47.5,26.7,593.2050943396227
47.5,26.8,567.1456603773584
47.5,26.9,543.2705660377358
47.5,27.0,555.2058490566035
47.5,27.1,555.175283018868
47.5,27.2,549.0337735849054
47.5,27.3,557.4403773584905
47.5,27.4,555.6116981132074
47.5,27.5,568.1513207547166
47.5,27.6,555.4945283018866
47.4,21.9,583.0718867924528
47.4,22.0,585.0611320754716
47.4,22.1,581.4083018867923
47.4,22.2,582.8001886792453
47.4,22.3,594.1456603773584
47.4,22.4,601.449433962264
47.4,22.5,606.3132075471693
47.4,22.6,609.2271698113207
47.4,22.7,622.874716981132
47.4,22.8,618.7764150943394
47.4,22.9,631.2126415094338
47.4,23.0,653.3139622641507
47.4,23.1,655.3145283018866
47.4,23.2,669.0767924528302
47.4,23.3,674.176226415094
47.4,23.4,700.8839622641507
47.4,23.5,722.2915094339622
47.4,23.6,731.4309433962262
47.4,23.7,742.3503773584905
47.4,23.8,771.7707547169808
47.4,23.9,762.818113207547
47.4,24.0,787.3594339622639
47.4,24.1,756.5818867924525
47.4,24.2,797.1552830188679
47.4,24.3,854.0494339622642
47.4,24.4,758.4466037735847
47.4,24.5,828.5681132075467
47.4,24.6,952.2830188679245
47.4,24.7,806.6252830188678
47.4,24.8,738.2671698113206
47.4,24.9,752.3405660377356
47.4,25.0,765.8420754716982
47.4,25.1,821.750754716981
47.4,25.2,757.6911320754715
47.4,25.3,731.309433962264
47.4,25.4,790.0539622641506
47.4,25.5,743.6764150943391
47.4,25.6,780.6875471698111
47.4,25.7,756.3145283018866
47.4,25.8,744.4058490566034
47.4,25.9,700.0807547169811
47.4,26.0,667.8947169811322
47.4,26.1,649.1988679245279
47.4,26.2,619.2433962264147
47.4,26.3,608.5256603773583
47.4,26.4,618.9567924528302
47.4,26.5,604.5677358490565
47.4,26.6,597.5775471698112
47.4,26.7,605.4837735849053
47.4,26.8,595.2979245283019
47.4,26.9,566.2039622641508
47.4,27.0,543.0133962264148
47.4,27.1,544.0011320754716
47.4,27.2,541.1824528301885
47.4,27.3,549.7764150943397
47.4,27.4,542.7898113207546
47.4,27.5,552.3022641509433
47.4,27.6,548.1732075471696
47.4,27.7,558.8918867924526
47.3,21.8,567.1016981132074
47.3,21.9,569.9832075471696
47.3,22.0,568.7520754716979
47.3,22.1,576.9535849056601
47.3,22.2,581.2013207547168
47.3,22.3,580.7871698113206
47.3,22.4,582.9747169811317
47.3,22.5,585.7828301886791
47.3,22.6,597.6894339622639
47.3,22.7,612.1879245283017
47.3,22.8,620.4198113207545
47.3,22.9,629.1983018867924
47.3,23.0,637.8179245283018
47.3,23.1,635.6484905660376
47.3,23.2,637.5492452830189
47.3,23.3,648.5399999999996
47.3,23.4,678.1307547169808
47.3,23.5,685.5264150943395
47.3,23.6,678.7626415094337
47.3,23.7,680.6564150943393
47.3,23.8,714.4233962264149
47.3,23.9,718.6945283018867
47.3,24.0,761.1356603773582
47.3,24.1,706.8877358490565
47.3,24.2,691.4858490566037
47.3,24.3,715.6807547169808
47.3,24.4,702.1101886792451
47.3,24.5,749.757358490566
47.3,24.6,774.7998113207545
47.3,24.7,769.098867924528
47.3,24.8,749.6507547169813
47.3,24.9,772.8183018867923
47.3,25.0,802.3586792452832
47.3,25.1,749.6186792452829
47.3,25.2,705.4471698113206
47.3,25.3,748.7090566037733
47.3,25.4,733.735471698113
47.3,25.5,770.8692452830187
47.3,25.6,777.4803773584905
47.3,25.7,791.130188679245
47.3,25.8,773.7154716981128
47.3,25.9,763.7539622641505
47.3,26.0,731.5535849056602
47.3,26.1,683.8730188679242
47.3,26.2,668.4386792452827
47.3,26.3,629.8760377358487
47.3,26.4,618.9413207547168
47.3,26.5,608.9079245283017
47.3,26.6,589.6418867924525
47.3,26.7,574.181320754717
47.3,26.8,586.1588679245282
47.3,26.9,565.5005660377356
47.3,27.0,540.891509433962
47.3,27.1,536.9928301886791
47.3,27.2,535.9492452830185
47.3,27.3,539.6147169811318
47.3,27.4,557.0520754716979
47.3,27.5,556.4922641509432
47.3,27.6,551.6245283018866
47.3,27.7,557.4349056603772
47.3,27.8,548.9424528301886
47.2,21.8,565.2579245283018
47.2,21.9,565.6183018867924
47.2,22.0,571.5905660377358
47.2,22.1,582.4752830188678
47.2,22.2,601.6609433962262
47.2,22.3,617.6403773584906
47.2,22.4,632.9839622641507
47.2,22.5,649.4660377358488
47.2,22.6,616.652830188679
47.2,22.7,598.8526415094339
47.2,22.8,607.3118867924527
47.2,22.9,617.2898113207546
47.2,23.0,626.8237735849056
47.2,23.1,632.6739622641506
47.2,23.2,649.8733962264151
47.2,23.3,650.7103773584904
47.2,23.4,661.2822641509432
47.2,23.5,680.0916981132074
47.2,23.6,648.2243396226411
47.2,23.7,631.0598113207546
47.2,23.8,626.4207547169812
47.2,23.9,653.9413207547171
47.2,24.0,624.2137735849057
47.2,24.1,616.6156603773585
47.2,24.2,620.4909433962264
47.2,24.3,644.8726415094338
47.2,24.4,661.3739622641508
47.2,24.5,695.5111320754717
47.2,24.6,703.5905660377358
47.2,24.7,709.1941509433964
47.2,24.8,734.2930188679244
47.2,24.9,863.2916981132073
47.2,25.0,807.2490566037733
47.2,25.1,800.0473584905661
47.2,25.2,865.3105660377357
47.2,25.3,765.7252830188678
47.2,25.4,760.0383018867924
47.2,25.5,816.0556603773587
47.2,25.6,742.287547169811
47.2,25.7,709.9269811320753
47.2,25.8,713.6850943396224
47.2,25.9,719.5716981132075
47.2,26.0,739.8633962264146
47.2,26.1,724.8479245283015
47.2,26.2,670.419433962264
47.2,26.3,646.4035849056601
47.2,26.4,607.0956603773582
47.2,26.5,595.958679245283
47.2,26.6,580.4190566037734
47.2,26.7,561.8615094339623
47.2,26.8,567.718867924528
47.2,26.9,558.744716981132
47.2,27.0,532.3171698113206
47.2,27.1,521.9379245283016
47.2,27.2,522.3266037735847
47.2,27.3,525.8709433962264
47.2,27.4,524.292075471698
47.2,27.5,532.7045283018866
47.2,27.6,533.1849056603772
47.2,27.7,533.2779245283017
47.2,27.8,533.913396226415
47.2,27.9,541.5067924528302
47.1,21.6,558.3822641509433
47.1,21.7,558.327358490566
47.1,21.8,559.0599999999998
47.1,21.9,563.3867924528303
47.1,22.0,574.8366037735847
47.1,22.1,590.3149056603772
47.1,22.2,605.896226415094
47.1,22.3,602.4730188679243
47.1,22.4,643.284150943396
47.1,22.5,701.1233962264151
47.1,22.6,679.898113207547
47.1,22.7,660.864905660377
47.1,22.8,644.1560377358487
47.1,22.9,613.5896226415093
47.1,23.0,654.018679245283
47.1,23.1,638.9141509433962
47.1,23.2,624.3569811320755
47.1,23.3,614.2837735849052
47.1,23.4,658.1675471698111
47.1,23.5,674.2371698113203
47.1,23.6,659.0756603773584
47.1,23.7,678.9077358490564
47.1,23.8,642.1660377358487
47.1,23.9,621.8337735849057
47.1,24.0,640.8154716981131
47.1,24.1,648.4318867924529
47.1,24.2,618.8960377358488
47.1,24.3,624.302075471698
47.1,24.4,646.8441509433962
47.1,24.5,677.0047169811317
47.1,24.6,690.3371698113206
47.1,24.7,754.4505660377358
47.1,24.8,885.6632075471696
47.1,24.9,968.4086792452831
47.1,25.0,901.0641509433957
47.1,25.1,889.5043396226414
47.1,25.2,871.7109433962263
47.1,25.3,881.788113207547
47.1,25.4,800.4552830188679
47.1,25.5,757.9020754716979
47.1,25.6,776.7432075471696
47.1,25.7,790.7867924528302
47.1,25.8,725.453018867924
47.1,25.9,716.0596226415092
47.1,26.0,690.5824528301882
47.1,26.1,691.2613207547167
47.1,26.2,700.803018867924
47.1,26.3,666.3507547169809
47.1,26.4,638.8901886792453
47.1,26.5,613.5043396226413
47.1,26.6,593.9228301886789
47.1,26.7,562.4966037735848
47.1,26.8,550.6490566037735
47.1,26.9,552.2452830188677
47.1,27.0,546.5869811320752
47.1,27.1,539.0305660377358
47.1,27.2,539.2605660377358
47.1,27.3,536.6469811320754
47.1,27.4,536.8305660377358
47.1,27.5,542.3833962264149
47.1,27.6,537.1098113207544
47.1,27.7,535.1198113207547
47.1,27.8,530.5432075471697
47.1,27.9,529.6645283018869
47.1,28.0,521.3543396226413
47.1,28.1,528.732641509434
47.0,21.6,551.6852830188678
47.0,21.7,552.9001886792452
47.0,21.8,559.2037735849055
47.0,21.9,569.3333962264151
47.0,22.0,593.2011320754715
47.0,22.1,613.8418867924526
47.0,22.2,639.8230188679242
47.0,22.3,667.388301886792
47.0,22.4,674.5407547169809
47.0,22.5,673.6084905660377
47.0,22.6,661.9077358490565
47.0,22.7,702.2037735849055
47.0,22.8,678.1279245283017
47.0,22.9,712.6052830188679
47.0,23.0,680.2494339622639
47.0,23.1,653.1633962264148
47.0,23.2,622.3107547169809
47.0,23.3,605.8756603773583
47.0,23.4,621.1577358490564
47.0,23.5,629.5724528301885
47.0,23.6,626.155471698113
47.0,23.7,633.5583018867924
47.0,23.8,605.2150943396225
47.0,23.9,578.4039622641508
47.0,24.0,593.0386792452828
47.0,24.1,665.0449056603773
47.0,24.2,622.543396226415
47.0,24.3,630.3637735849055
47.0,24.4,638.5556603773585
47.0,24.5,659.6999999999999
47.0,24.6,649.8847169811321
47.0,24.7,685.0966037735845
47.0,24.8,779.8873584905657
47.0,24.9,760.192830188679
47.0,25.0,711.6849056603771
47.0,25.1,660.1705660377356
47.0,25.2,706.5192452830187
47.0,25.3,679.1899999999998
47.0,25.4,668.312641509434
47.0,25.5,661.41
47.0,25.6,684.4990566037734
47.0,25.7,688.8190566037732
47.0,25.8,699.0969811320751
47.0,25.9,653.1235849056598
47.0,26.0,672.4384905660376
47.0,26.1,687.7732075471696
47.0,26.2,681.2916981132074
47.0,26.3,656.8694339622638
47.0,26.4,631.2266037735848
47.0,26.5,625.2732075471696
47.0,26.6,602.9152830188682
47.0,26.7,583.9696226415092
47.0,26.8,542.0445283018867
47.0,26.9,544.6699999999997
47.0,27.0,543.436226415094
47.0,27.1,546.0673584905659
47.0,27.2,544.0030188679244
47.0,27.3,551.0350943396223
47.0,27.4,547.3443396226414
47.0,27.5,545.7537735849056
47.0,27.6,556.6069811320752
47.0,27.7,545.3288679245283
47.0,27.8,521.5239622641509
47.0,27.9,518.094150943396
47.0,28.0,535.876037735849
47.0,28.1,518.6554716981132
46.9,21.5,551.6356603773582
46.9,21.6,551.2832075471698
46.9,21.7,550.8241509433963
46.9,21.8,568.4086792452828
46.9,21.9,579.7577358490563
46.9,22.0,589.7198113207547
46.9,22.1,611.6856603773584
46.9,22.2,640.9915094339619
46.9,22.3,708.4496226415093
46.9,22.4,730.243396226415
46.9,22.5,769.4143396226413
46.9,22.6,754.3154716981129
46.9,22.7,702.9560377358489
46.9,22.8,752.2762264150945
46.9,22.9,708.9541509433963
46.9,23.0,658.049433962264
46.9,23.1,619.0656603773583
46.9,23.2,624.2343396226413
46.9,23.3,630.2573584905656
46.9,23.4,633.7984905660375
46.9,23.5,635.5360377358489
46.9,23.6,620.9411320754715
46.9,23.7,601.1052830188677
46.9,23.8,577.6498113207547
46.9,23.9,565.9975471698114
46.9,24.0,581.5462264150941
46.9,24.1,600.6511320754714
46.9,24.2,594.4950943396225
46.9,24.3,635.1098113207545
46.9,24.4,623.9296226415095
46.9,24.5,652.7760377358488
46.9,24.6,641.498679245283
46.9,24.7,678.8564150943396
46.9,24.8,698.9379245283016
46.9,24.9,702.7098113207545
46.9,25.0,744.802075471698
46.9,25.1,739.9418867924526
46.9,25.2,722.6432075471697
46.9,25.3,663.5652830188676
46.9,25.4,644.0809433962262
46.9,25.5,662.6941509433962
46.9,25.6,693.6690566037735
46.9,25.7,671.2003773584903
46.9,25.8,650.9543396226412
46.9,25.9,672.123396226415
46.9,26.0,644.469433962264
46.9,26.1,648.2915094339618
46.9,26.2,656.6564150943393
46.9,26.3,646.7103773584903
46.9,26.4,611.4730188679243
46.9,26.5,603.3539622641508
46.9,26.6,598.8430188679242
46.9,26.7,590.7064150943396
46.9,26.8,563.5118867924526
46.9,26.9,536.5484905660378
46.9,27.0,531.0118867924525
46.9,27.1,544.6181132075469
46.9,27.2,539.2296226415091
46.9,27.3,527.549433962264
46.9,27.4,526.5345283018867
46.9,27.5,527.4743396226412
46.9,27.6,521.4749056603771
46.9,27.7,546.4430188679245
46.9,27.8,539.569433962264
46.9,27.9,516.2475471698112
46.9,28.0,505.4733962264151
46.9,28.1,512.0937735849056
46.9,28.2,501.3211320754715
46.8,21.4,551.9571698113207
46.8,21.5,551.1126415094337
46.8,21.6,552.2835849056602
46.8,21.7,551.9833962264147
46.8,21.8,559.1743396226414
46.8,21.9,569.2499999999998
46.8,22.0,591.981509433962
46.8,22.1,589.3771698113206
46.8,22.2,610.6841509433962
46.8,22.3,649.8483018867921
46.8,22.4,731.2907547169808
46.8,22.5,815.7379245283016
46.8,22.6,885.8535849056603
46.8,22.7,911.3879245283017
46.8,22.8,925.7684905660375
46.8,22.9,808.6477358490566
46.8,23.0,710.9092452830185
46.8,23.1,680.5047169811318
46.8,23.2,661.4522641509433
46.8,23.3,630.3407547169808
46.8,23.4,600.9758490566036
46.8,23.5,594.9183018867925
46.8,23.6,573.4388679245282
46.8,23.7,545.8462264150941
46.8,23.8,540.8362264150942
46.8,23.9,564.0118867924526
46.8,24.0,564.4596226415092
46.8,24.1,563.6264150943394
46.8,24.2,580.9411320754714
46.8,24.3,589.3462264150943
46.8,24.4,603.6962264150943
46.8,24.5,655.0756603773586
46.8,24.6,630.7316981132074
46.8,24.7,629.9652830188677
46.8,24.8,616.084150943396
46.8,24.9,636.035471698113
46.8,25.0,675.930188679245
46.8,25.1,671.3162264150942
46.8,25.2,682.17358490566
46.8,25.3,629.3164150943394
46.8,25.4,594.9024528301885
46.8,25.5,625.5805660377357
46.8,25.6,697.3141509433962
46.8,25.7,695.9437735849056
46.8,25.8,691.3160377358488
46.8,25.9,670.2318867924524
46.8,26.0,667.1662264150943
46.8,26.1,682.4720754716977
46.8,26.2,671.3424528301883
46.8,26.3,681.5775471698113
46.8,26.4,637.4422641509432
46.8,26.5,600.0230188679242
46.8,26.6,592.1513207547168
46.8,26.7,584.1047169811319
46.8,26.8,575.4130188679246
46.8,26.9,539.8283018867922
46.8,27.0,542.339245283019
46.8,27.1,552.7626415094339
46.8,27.2,555.0009433962264
46.8,27.3,540.9045283018867
46.8,27.4,529.6856603773584
46.8,27.5,537.5839622641507
46.8,27.6,517.1683018867924
46.8,27.7,526.9337735849055
46.8,27.8,523.5256603773585
46.8,27.9,525.4916981132073
46.8,28.0,503.8673584905658
46.8,28.1,497.9077358490564
46.8,28.2,497.32547169811306
46.7,21.3,545.2109433962263
46.7,21.4,554.5575471698112
46.7,21.5,551.5645283018866
46.7,21.6,553.6494339622641
46.7,21.7,559.5279245283018
46.7,21.8,572.2607547169812
46.7,21.9,586.4939622641508
46.7,22.0,609.0554716981129
46.7,22.1,609.8424528301886
46.7,22.2,617.4432075471694
46.7,22.3,618.8232075471697
46.7,22.4,668.2124528301886
46.7,22.5,767.4558490566035
46.7,22.6,1033.8803773584903
46.7,22.7,1132.4116981132072
46.7,22.8,1086.7241509433961
46.7,22.9,900.6967924528302
46.7,23.0,815.7594339622639
46.7,23.1,812.8688679245282
46.7,23.2,705.4845283018864
46.7,23.3,681.2054716981132
46.7,23.4,712.0960377358494
46.7,23.5,615.9018867924527
46.7,23.6,637.6273584905656
46.7,23.7,617.9118867924526
46.7,23.8,588.4147169811318
46.7,23.9,562.5073584905657
46.7,24.0,560.030188679245
46.7,24.1,549.3864150943394
46.7,24.2,577.2111320754714
46.7,24.3,590.6667924528299
46.7,24.4,583.3367924528302
46.7,24.5,614.846603773585
46.7,24.6,617.1899999999999
46.7,24.7,610.5560377358489
46.7,24.8,625.1458490566034
46.7,24.9,621.1533962264149
46.7,25.0,667.493962264151
46.7,25.1,759.1984905660375
46.7,25.2,796.2860377358489
46.7,25.3,781.1237735849055
46.7,25.4,619.9035849056601
46.7,25.5,557.0311320754713
46.7,25.6,594.6018867924525
46.7,25.7,699.2558490566036
46.7,25.8,739.5069811320753
46.7,25.9,709.9703773584903
46.7,26.0,761.884150943396
46.7,26.1,756.2843396226414
46.7,26.2,776.6671698113199
46.7,26.3,751.62
46.7,26.4,680.5383018867922
46.7,26.5,618.5520754716978
46.7,26.6,585.7960377358489
46.7,26.7,574.5983018867923
46.7,26.8,562.3658490566035
46.7,26.9,535.0584905660377
46.7,27.0,538.3652830188679
46.7,27.1,545.3243396226413
46.7,27.2,554.8360377358488
46.7,27.3,538.0013207547167
46.7,27.4,522.6243396226414
46.7,27.5,502.2345283018869
46.7,27.6,502.84150943396224
46.7,27.7,510.1673584905658
46.7,27.8,504.0735849056602
46.7,27.9,512.6443396226414
46.7,28.0,499.52735849056586
46.7,28.1,495.10660377358494
46.7,28.2,490.13094339622637
46.7,28.3,490.33075471698095
46.6,21.2,546.4726415094339
46.6,21.3,548.972075471698
46.6,21.4,557.6347169811319
46.6,21.5,556.0852830188678
46.6,21.6,559.5277358490564
46.6,21.7,567.9966037735848
46.6,21.8,579.1328301886791
46.6,21.9,599.6379245283018
46.6,22.0,656.5909433962263
46.6,22.1,703.3016981132074
46.6,22.2,740.5254716981129
46.6,22.3,765.5888679245278
46.6,22.4,679.9684905660376
46.6,22.5,707.5811320754717
46.6,22.6,934.255471698113
46.6,22.7,1118.1666037735847
46.6,22.8,1083.7943396226412
46.6,22.9,1041.5201886792452
46.6,23.0,1037.9971698113206
46.6,23.1,984.7898113207546
46.6,23.2,892.7109433962264
46.6,23.3,803.3647169811318
46.6,23.4,676.6720754716978
46.6,23.5,633.4284905660375
46.6,23.6,601.4737735849054
46.6,23.7,584.9899999999997
46.6,23.8,547.2986792452826
46.6,23.9,536.4583018867924
46.6,24.0,550.3124528301886
46.6,24.1,555.0513207547168
46.6,24.2,570.7979245283018
46.6,24.3,572.8505660377355
46.6,24.4,581.5983018867923
46.6,24.5,639.7533962264147
46.6,24.6,603.9679245283015
46.6,24.7,600.5183018867923
46.6,24.8,598.616037735849
46.6,24.9,600.2866037735848
46.6,25.0,618.6907547169809
46.6,25.1,639.4132075471697
46.6,25.2,682.1232075471696
46.6,25.3,703.4467924528302
46.6,25.4,679.6607547169809
46.6,25.5,692.9726415094337
46.6,25.6,623.5888679245279
46.6,25.7,653.9292452830188
46.6,25.8,655.1713207547166
46.6,25.9,693.3350943396225
46.6,26.0,708.8041509433963
46.6,26.1,720.3413207547169
46.6,26.2,768.8079245283018
46.6,26.3,794.2050943396225
46.6,26.4,724.8618867924524
46.6,26.5,686.3677358490563
46.6,26.6,623.3045283018864
46.6,26.7,597.6637735849055
46.6,26.8,565.4750943396223
46.6,26.9,544.8722641509431
46.6,27.0,528.5209433962262
46.6,27.1,559.0890566037734
46.6,27.2,551.8462264150943
46.6,27.3,579.6684905660376
46.6,27.4,541.6198113207546
46.6,27.5,533.246037735849
46.6,27.6,520.3118867924527
46.6,27.7,514.5590566037733
46.6,27.8,507.70716981132057
46.6,27.9,502.40867924528266
46.6,28.0,503.55207547169806
46.6,28.1,496.6467924528301
46.6,28.2,491.08566037735824
46.6,28.3,484.0537735849055
46.5,21.2,552.2543396226413
46.5,21.3,553.9064150943395
46.5,21.4,553.7447169811318
46.5,21.5,559.5967924528302
46.5,21.6,567.4864150943393
46.5,21.7,579.7245283018867
46.5,21.8,587.7339622641508
46.5,21.9,595.6913207547167
46.5,22.0,612.5192452830186
46.5,22.1,673.1766037735846
46.5,22.2,863.2777358490562
46.5,22.3,830.897735849056
46.5,22.4,783.1754716981133
46.5,22.5,775.7779245283014
46.5,22.6,861.7437735849055
46.5,22.7,1077.0477358490564
46.5,22.8,1115.1871698113207
46.5,22.9,945.2784905660371
46.5,23.0,1040.460754716981
46.5,23.1,1072.4573584905656
46.5,23.2,1016.7371698113208
46.5,23.3,944.8715094339622
46.5,23.4,769.0075471698111
46.5,23.5,626.7515094339622
46.5,23.6,585.2726415094339
46.5,23.7,569.7996226415091
46.5,23.8,545.5260377358488
46.5,23.9,543.2784905660377
46.5,24.0,545.558679245283
46.5,24.1,541.4539622641507
46.5,24.2,551.6622641509433
46.5,24.3,570.8792452830188
46.5,24.4,577.9658490566036
46.5,24.5,585.7235849056601
46.5,24.6,597.5273584905659
46.5,24.7,595.1075471698111
46.5,24.8,597.8222641509433
46.5,24.9,600.7656603773581
46.5,25.0,611.3379245283019
46.5,25.1,608.5724528301886
46.5,25.2,631.0190566037735
46.5,25.3,653.277358490566
46.5,25.4,690.0560377358488
46.5,25.5,648.8979245283018
46.5,25.6,663.797547169811
46.5,25.7,626.9183018867922
46.5,25.8,618.344150943396
46.5,25.9,705.5873584905657
46.5,26.0,721.0494339622641
46.5,26.1,704.5156603773581
46.5,26.2,688.3494339622638
46.5,26.3,720.9439622641511
46.5,26.4,736.3888679245282
46.5,26.5,671.795471698113
46.5,26.6,644.4337735849058
46.5,26.7,596.1979245283018
46.5,26.8,609.2971698113205
46.5,26.9,549.6298113207546
46.5,27.0,537.392075471698
46.5,27.1,551.3871698113209
46.5,27.2,556.8416981132073
46.5,27.3,542.6564150943394
46.5,27.4,528.6373584905659
46.5,27.5,525.5099999999999
46.5,27.6,515.029433962264
46.5,27.7,509.53075471698116
46.5,27.8,511.2630188679243
46.5,27.9,502.2979245283019
46.5,28.0,505.54943396226395
46.5,28.1,488.5760377358489
46.5,28.2,477.00849056603755
46.5,28.3,477.258679245283
46.4,21.1,553.1049056603773
46.4,21.2,556.7199999999996
46.4,21.3,560.9103773584906
46.4,21.4,563.7045283018867
46.4,21.5,575.392830188679
46.4,21.6,582.3522641509433
46.4,21.7,590.213396226415
46.4,21.8,600.910754716981
46.4,21.9,611.7899999999996
46.4,22.0,619.5713207547168
46.4,22.1,638.3339622641508
46.4,22.2,698.8792452830187
46.4,22.3,801.5266037735847
46.4,22.4,807.7539622641508
46.4,22.5,785.3922641509434
46.4,22.6,875.3583018867924
46.4,22.7,1180.7592452830186
46.4,22.8,1144.674150943396
46.4,22.9,957.1273584905656
46.4,23.0,858.5896226415093
46.4,23.1,797.8032075471696
46.4,23.2,813.1811320754715
46.4,23.3,681.8441509433962
46.4,23.4,640.1590566037736
46.4,23.5,645.8892452830186
46.4,23.6,616.6011320754715
46.4,23.7,557.4484905660377
46.4,23.8,533.2543396226415
46.4,23.9,533.992830188679
46.4,24.0,554.9599999999997
46.4,24.1,569.1235849056603
46.4,24.2,578.7260377358489
46.4,24.3,574.580188679245
46.4,24.4,586.0988679245281
46.4,24.5,576.85358490566
46.4,24.6,588.7783018867923
46.4,24.7,587.9139622641507
46.4,24.8,592.0709433962263
46.4,24.9,600.9754716981131
46.4,25.0,610.4009433962261
46.4,25.1,603.5947169811319
46.4,25.2,604.8781132075469
46.4,25.3,614.5926415094337
46.4,25.4,595.0886792452831
46.4,25.5,650.2449056603772
46.4,25.6,744.3477358490563
46.4,25.7,643.0739622641506
46.4,25.8,598.879433962264
46.4,25.9,657.7747169811317
46.4,26.0,751.7839622641509
46.4,26.1,734.1745283018868
46.4,26.2,716.3000000000002
46.4,26.3,690.7566037735845
46.4,26.4,687.5216981132074
46.4,26.5,641.4320754716979
46.4,26.6,638.3326415094338
46.4,26.7,625.9035849056601
46.4,26.8,624.8811320754713
46.4,26.9,578.7871698113206
46.4,27.0,542.7683018867925
46.4,27.1,543.7067924528297
46.4,27.2,556.3133962264149
46.4,27.3,549.400943396226
46.4,27.4,533.9350943396228
46.4,27.5,533.4660377358491
46.4,27.6,527.102075471698
46.4,27.7,513.420754716981
46.4,27.8,500.4024528301886
46.4,27.9,497.5043396226413
46.4,28.0,493.4941509433961
46.4,28.1,489.02188679245273
46.4,28.2,482.51301886792453
46.4,28.3,480.1384905660376
46.3,20.7,542.2107547169812
46.3,20.8,547.108113207547
46.3,20.9,551.5428301886791
46.3,21.0,555.1415094339618
46.3,21.1,558.7698113207547
46.3,21.2,563.5003773584904
46.3,21.3,568.7945283018865
46.3,21.4,576.5275471698112
46.3,21.5,595.9081132075471
46.3,21.6,599.9794339622639
46.3,21.7,605.7018867924525
46.3,21.8,608.3326415094339
46.3,21.9,622.572830188679
46.3,22.0,635.8952830188679
46.3,22.1,641.1941509433962
46.3,22.2,648.860188679245
46.3,22.3,679.1990566037733
46.3,22.4,719.8632075471695
46.3,22.5,693.7401886792453
46.3,22.6,731.0169811320753
46.3,22.7,912.3498113207542
46.3,22.8,943.6726415094336
46.3,22.9,846.0492452830183
46.3,23.0,827.248301886792
46.3,23.1,796.4928301886788
46.3,23.2,824.6047169811322
46.3,23.3,749.2437735849055
46.3,23.4,679.073962264151
46.3,23.5,612.8875471698113
46.3,23.6,592.4433962264151
46.3,23.7,551.9781132075472
46.3,23.8,531.8926415094338
46.3,23.9,562.8809433962263
46.3,24.0,559.8826415094337
46.3,24.1,578.5177358490564
46.3,24.2,583.9339622641508
46.3,24.3,590.5039622641506
46.3,24.4,604.8816981132076
46.3,24.5,612.2711320754713
46.3,24.6,616.200188679245
46.3,24.7,596.8154716981129
46.3,24.8,602.6967924528302
46.3,24.9,606.170754716981
46.3,25.0,587.7062264150943
46.3,25.1,584.6547169811322
46.3,25.2,597.263962264151
46.3,25.3,591.7122641509434
46.3,25.4,591.1103773584904
46.3,25.5,612.0924528301884
46.3,25.6,691.3964150943392
46.3,25.7,643.7896226415091
46.3,25.8,605.7786792452831
46.3,25.9,611.3096226415095
46.3,26.0,693.9341509433962
46.3,26.1,736.3922641509436
46.3,26.2,757.3241509433961
46.3,26.3,750.3909433962261
46.3,26.4,664.4662264150942
46.3,26.5,617.0188679245282
46.3,26.6,626.4098113207543
46.3,26.7,583.9654716981129
46.3,26.8,600.7954716981129
46.3,26.9,610.0596226415092
46.3,27.0,548.2294339622639
46.3,27.1,542.8705660377359
46.3,27.2,539.6009433962261
46.3,27.3,536.5309433962263
46.3,27.4,537.7703773584906
46.3,27.5,526.23679245283
46.3,27.6,519.366037735849
46.3,27.7,512.7218867924528
46.3,27.8,496.09358490566024
46.3,27.9,498.17113207547146
46.3,28.0,486.6813207547168
46.3,28.1,482.5611320754715
46.3,28.2,477.6392452830187
46.3,28.3,476.14207547169804
46.2,20.2,526.01679245283
46.2,20.3,528.294716981132
46.2,20.4,531.0496226415094
46.2,20.5,535.3813207547167
46.2,20.6,540.2024528301886
46.2,20.7,546.480754716981
46.2,20.8,551.7158490566036
46.2,20.9,557.963396226415
46.2,21.0,562.8971698113207
46.2,21.1,565.4252830188678
46.2,21.2,570.7966037735847
46.2,21.3,575.301509433962
46.2,21.4,583.2741509433961
46.2,21.5,599.2739622641508
46.2,21.6,620.2418867924525
46.2,21.7,706.997358490566
46.2,21.8,766.027358490566
46.2,21.9,722.5249056603774
46.2,22.0,734.8792452830188
46.2,22.1,749.3262264150942
46.2,22.2,858.3909433962261
46.2,22.3,763.737358490566
46.2,22.4,779.6766037735846
46.2,22.5,750.4273584905661
46.2,22.6,695.4196226415091
46.2,22.7,695.4664150943393
46.2,22.8,723.6137735849055
46.2,22.9,702.2352830188676
46.2,23.0,764.4645283018867
46.2,23.1,791.072075471698
46.2,23.2,841.5758490566037
46.2,23.3,801.6611320754715
46.2,23.4,784.5398113207544
46.2,23.5,689.7628301886791
46.2,23.6,554.8577358490563
46.2,23.7,512.2164150943394
46.2,23.8,542.1356603773582
46.2,23.9,559.9639622641508
46.2,24.0,571.6433962264147
46.2,24.1,588.03
46.2,24.2,602.9024528301887
46.2,24.3,609.0899999999998
46.2,24.4,607.5520754716979
46.2,24.5,606.3439622641508
46.2,24.6,607.8167924528301
46.2,24.7,613.0011320754714
46.2,24.8,616.8556603773582
46.2,24.9,621.5924528301886
46.2,25.0,620.2815094339619
46.2,25.1,602.3133962264149
46.2,25.2,600.5564150943395
46.2,25.3,595.1439622641508
46.2,25.4,580.7143396226414
46.2,25.5,588.6692452830187
46.2,25.6,610.5894339622639
46.2,25.7,657.0637735849054
46.2,25.8,655.2192452830185
46.2,25.9,600.5639622641507
46.2,26.0,628.4250943396224
46.2,26.1,638.3103773584904
46.2,26.2,698.441320754717
46.2,26.3,749.7484905660376
46.2,26.4,706.5005660377358
46.2,26.5,660.332264150943
46.2,26.6,603.5918867924526
46.2,26.7,605.0284905660375
46.2,26.8,581.1703773584904
46.2,26.9,570.0003773584903
46.2,27.0,561.6856603773584
46.2,27.1,530.8871698113205
46.2,27.2,551.9937735849055
46.2,27.3,524.4099999999999
46.2,27.4,527.116037735849
46.2,27.5,525.6464150943395
46.2,27.6,513.8760377358489
46.2,27.7,506.85094339622634
46.2,27.8,521.0086792452828
46.2,27.9,515.9798113207544
46.2,28.0,489.99056603773585
46.2,28.1,481.34716981132055
46.2,28.2,474.8975471698112
46.1,20.2,532.2247169811321
46.1,20.3,533.6928301886793
46.1,20.4,536.1924528301886
46.1,20.5,539.3750943396225
46.1,20.6,545.0309433962263
46.1,20.7,546.8316981132076
46.1,20.8,549.8247169811318
46.1,20.9,557.6654716981132
46.1,21.0,563.56
46.1,21.1,569.9756603773585
46.1,21.2,578.1858490566037
46.1,21.3,588.5798113207546
46.1,21.4,597.1175471698111
46.1,21.5,598.9809433962264
46.1,21.6,606.2149056603772
46.1,21.7,631.4077358490565
46.1,21.8,656.7671698113209
46.1,21.9,661.3858490566034
46.1,22.0,660.2335849056603
46.1,22.1,706.3984905660375
46.1,22.2,761.728867924528
46.1,22.3,752.9615094339621
46.1,22.4,746.9309433962261
46.1,22.5,835.6443396226415
46.1,22.6,855.67358490566
46.1,22.7,806.7433962264148
46.1,22.8,692.6766037735849
46.1,22.9,672.8896226415092
46.1,23.0,723.9737735849051
46.1,23.1,701.8513207547168
46.1,23.2,689.0194339622639
46.1,23.3,656.5343396226414
46.1,23.4,624.7016981132075
46.1,23.5,614.1747169811321
46.1,23.6,543.0937735849053
46.1,23.7,548.1126415094337
46.1,23.8,555.7233962264149
46.1,23.9,576.9111320754715
46.1,24.0,595.9739622641506
46.1,24.1,614.107358490566
46.1,24.2,622.0962264150943
46.1,24.3,619.2237735849056
46.1,24.4,632.3081132075471
46.1,24.5,642.9635849056602
46.1,24.6,648.7788679245278
46.1,24.7,642.6260377358487
46.1,24.8,640.1030188679246
46.1,24.9,631.0824528301886
46.1,25.0,633.4330188679244
46.1,25.1,618.8730188679244
46.1,25.2,611.2399999999996
46.1,25.3,596.5994339622641
46.1,25.4,572.0403773584904
46.1,25.5,581.772075471698
46.1,25.6,557.1479245283017
46.1,25.7,572.2550943396224
46.1,25.8,600.9103773584903
46.1,25.9,557.5545283018868
46.1,26.0,577.6052830188678
46.1,26.1,572.0986792452827
46.1,26.2,611.6624528301884
46.1,26.3,674.9292452830188
46.1,26.4,667.0337735849054
46.1,26.5,692.3443396226412
46.1,26.6,696.770754716981
46.1,26.7,648.1852830188676
46.1,26.8,668.5871698113203
46.1,26.9,625.6690566037736
46.1,27.0,626.4445283018866
46.1,27.1,549.631509433962
46.1,27.2,530.1081132075469
46.1,27.3,526.970754716981
46.1,27.4,521.5273584905658
46.1,27.5,518.6373584905659
46.1,27.6,502.15679245283
46.1,27.7,503.3160377358491
46.1,27.8,527.4575471698114
46.1,27.9,514.5090566037734
46.1,28.0,490.09339622641505
46.1,28.1,475.88490566037717
46.1,28.2,471.39754716981116
46.0,20.3,536.6175471698114
46.0,20.4,538.3250943396226
46.0,20.5,540.1875471698111
46.0,20.6,544.9105660377359
46.0,20.7,549.209433962264
46.0,20.8,554.6088679245281
46.0,20.9,560.314716981132
46.0,21.0,566.6630188679244
46.0,21.1,575.0577358490566
46.0,21.2,581.9228301886792
46.0,21.3,598.1747169811318
46.0,21.4,612.7630188679245
46.0,21.5,634.3143396226416
46.0,21.6,669.3920754716977
46.0,21.7,686.1326415094339
46.0,21.8,721.6622641509432
46.0,21.9,694.6939622641507
46.0,22.0,709.7583018867925
46.0,22.1,698.5658490566035
46.0,22.2,702.4009433962261
46.0,22.3,744.5126415094339
46.0,22.4,691.8969811320753
46.0,22.5,730.700754716981
46.0,22.6,707.4999999999998
46.0,22.7,697.5550943396229
46.0,22.8,663.2832075471695
46.0,22.9,622.4605660377358
46.0,23.0,672.1211320754712
46.0,23.1,687.7816981132075
46.0,23.2,685.4296226415091
46.0,23.3,640.8198113207544
46.0,23.4,614.3813207547169
46.0,23.5,548.0879245283015
46.0,23.6,558.2994339622642
46.0,23.7,576.1430188679241
46.0,23.8,597.794905660377
46.0,23.9,615.3447169811317
46.0,24.0,620.2188679245281
46.0,24.1,646.0545283018865
46.0,24.2,627.1420754716979
46.0,24.3,656.9060377358487
46.0,24.4,659.4118867924526
46.0,24.5,668.2732075471697
46.0,24.6,673.2524528301885
46.0,24.7,654.9415094339622
46.0,24.8,643.6535849056602
46.0,24.9,649.7033962264151
46.0,25.0,647.7792452830187
46.0,25.1,626.4013207547171
46.0,25.2,635.4826415094338
46.0,25.3,586.7105660377356
46.0,25.4,587.4583018867922
46.0,25.5,606.3364150943395
46.0,25.6,556.3409433962263
46.0,25.7,563.6973584905656
46.0,25.8,605.354150943396
46.0,25.9,614.6166037735848
46.0,26.0,589.2730188679245
46.0,26.1,564.386037735849
46.0,26.2,578.066037735849
46.0,26.3,617.4458490566036
46.0,26.4,686.2066037735847
46.0,26.5,709.7501886792451
46.0,26.6,702.1013207547168
46.0,26.7,677.285471698113
46.0,26.8,660.2969811320753
46.0,26.9,628.3605660377356
46.0,27.0,611.3241509433959
46.0,27.1,564.9456603773583
46.0,27.2,534.8309433962262
46.0,27.3,536.5333962264149
46.0,27.4,529.3773584905657
46.0,27.5,508.54264150943374
46.0,27.6,515.0141509433962
46.0,27.7,517.3113207547167
46.0,27.8,536.1320754716979
46.0,27.9,512.8620754716978
46.0,28.0,491.5626415094338
46.0,28.1,471.6554716981131
46.0,28.2,473.46339622641506
45.9,20.4,540.6835849056602
45.9,20.5,543.5743396226414
45.9,20.6,547.9196226415094
45.9,20.7,552.8286792452828
45.9,20.8,557.9716981132076
45.9,20.9,563.2803773584903
45.9,21.0,569.441886792453
45.9,21.1,575.2558490566036
45.9,21.2,588.4588679245281
45.9,21.3,598.0026415094337
45.9,21.4,612.1630188679244
45.9,21.5,634.9247169811321
45.9,21.6,668.8332075471696
45.9,21.7,660.5792452830186
45.9,21.8,702.1360377358487
45.9,21.9,693.4692452830186
45.9,22.0,749.2488679245282
45.9,22.1,700.922264150943
45.9,22.2,741.1158490566037
45.9,22.3,730.4711320754716
45.9,22.4,711.3222641509434
45.9,22.5,689.0915094339622
45.9,22.6,676.6454716981129
45.9,22.7,678.5337735849058
45.9,22.8,613.6424528301885
45.9,22.9,589.7345283018866
45.9,23.0,587.4769811320751
45.9,23.1,657.1390566037735
45.9,23.2,568.7658490566037
45.9,23.3,589.4583018867922
45.9,23.4,572.7347169811319
45.9,23.5,591.030943396226
45.9,23.6,574.3137735849054
45.9,23.7,578.698113207547
45.9,23.8,590.022075471698
45.9,23.9,588.9898113207545
45.9,24.0,627.5649056603771
45.9,24.1,653.5590566037733
45.9,24.2,660.0392452830187
45.9,24.3,675.0639622641507
45.9,24.4,683.8539622641506
45.9,24.5,666.2664150943394
45.9,24.6,661.5458490566036
45.9,24.7,658.8175471698111
45.9,24.8,658.1720754716977
45.9,24.9,651.3692452830187
45.9,25.0,634.7883018867922
45.9,25.1,633.2041509433963
45.9,25.2,611.0339622641508
45.9,25.3,607.1196226415095
45.9,25.4,630.6086792452829
45.9,25.5,625.5839622641507
45.9,25.6,602.4873584905658
45.9,25.7,623.6490566037734
45.9,25.8,575.9513207547169
45.9,25.9,583.474716981132
45.9,26.0,569.3283018867924
45.9,26.1,569.0845283018867
45.9,26.2,593.6992452830187
45.9,26.3,650.9145283018865
45.9,26.4,743.0196226415093
45.9,26.5,738.563396226415
45.9,26.6,724.2726415094335
45.9,26.7,673.4267924528298
45.9,26.8,639.6399999999999
45.9,26.9,613.1860377358489
45.9,27.0,617.4120754716978
45.9,27.1,586.0032075471696
45.9,27.2,527.2250943396224
45.9,27.3,528.4184905660376
45.9,27.4,505.7109433962261
45.9,27.5,502.1049056603773
45.9,27.6,505.9054716981131
45.9,27.7,512.5767924528301
45.9,27.8,520.3220754716981
45.9,27.9,490.7764150943396
45.9,28.0,503.8418867924527
45.9,28.1,478.9096226415092
45.9,28.2,468.1688679245282
45.8,20.5,549.0111320754714
45.8,20.6,551.6990566037736
45.8,20.7,556.0630188679245
45.8,20.8,561.108679245283
45.8,20.9,566.5152830188678
45.8,21.0,572.0256603773583
45.8,21.1,578.6035849056601
45.8,21.2,586.7133962264151
45.8,21.3,595.4022641509434
45.8,21.4,608.6456603773584
45.8,21.5,618.4516981132075
45.8,21.6,637.9807547169811
45.8,21.7,651.9532075471698
45.8,21.8,653.0490566037736
45.8,21.9,666.222075471698
45.8,22.0,696.9524528301885
45.8,22.1,702.8167924528301
45.8,22.2,748.1273584905656
45.8,22.3,743.6366037735846
45.8,22.4,822.7177358490566
45.8,22.5,851.2396226415095
45.8,22.6,775.3552830188678
45.8,22.7,729.1247169811321
45.8,22.8,678.4462264150943
45.8,22.9,626.6754716981131
45.8,23.0,589.2494339622642
45.8,23.1,602.9035849056602
45.8,23.2,587.7949056603771
45.8,23.3,580.1281132075471
45.8,23.4,654.8077358490561
45.8,23.5,689.5190566037734
45.8,23.6,750.2341509433959
45.8,23.7,722.0243396226413
45.8,23.8,707.710943396226
45.8,23.9,667.988113207547
45.8,24.0,644.5860377358488
45.8,24.1,626.3977358490562
45.8,24.2,645.3071698113206
45.8,24.3,658.2437735849055
45.8,24.4,669.2352830188677
45.8,24.5,644.6018867924524
45.8,24.6,644.7956603773584
45.8,24.7,625.5630188679241
45.8,24.8,619.5837735849054
45.8,24.9,614.2249056603771
45.8,25.0,613.3847169811319
45.8,25.1,596.4169811320752
45.8,25.2,582.6656603773583
45.8,25.3,605.834150943396
45.8,25.4,644.5452830188678
45.8,25.5,590.1281132075471
45.8,25.6,573.051509433962
45.8,25.7,619.0292452830186
45.8,25.8,571.3741509433961
45.8,25.9,570.7254716981131
45.8,26.0,583.8930188679244
45.8,26.1,578.2481132075469
45.8,26.2,629.9156603773582
45.8,26.3,733.0635849056603
45.8,26.4,802.4824528301887
45.8,26.5,807.4939622641506
45.8,26.6,742.246037735849
45.8,26.7,661.9000000000001
45.8,26.8,622.8992452830187
45.8,26.9,619.3577358490563
45.8,27.0,594.3615094339623
45.8,27.1,549.8711320754716
45.8,27.2,524.0426415094338
45.8,27.3,509.8667924528299
45.8,27.4,501.70660377358473
45.8,27.5,491.97245283018844
45.8,27.6,496.6396226415094
45.8,27.7,502.36716981132054
45.8,27.8,509.54018867924515
45.8,27.9,486.58754716981133
45.8,28.0,490.9696226415094
45.8,28.1,472.8671698113206
45.8,28.2,467.8588679245283
45.7,20.7,562.5849056603773
45.7,20.8,566.8156603773587
45.7,20.9,572.4075471698113
45.7,21.0,578.7524528301885
45.7,21.1,585.5352830188677
45.7,21.2,594.5490566037736
45.7,21.3,602.9796226415094
45.7,21.4,613.2369811320751
45.7,21.5,626.3630188679243
45.7,21.6,636.2218867924523
45.7,21.7,651.0475471698111
45.7,21.8,656.9109433962263
45.7,21.9,686.6003773584902
45.7,22.0,742.1090566037731
45.7,22.1,810.4030188679243
45.7,22.2,858.4390566037736
45.7,22.3,905.422075471698
45.7,22.4,936.4826415094337
45.7,22.5,954.4137735849056
45.7,22.6,899.7854716981132
45.7,22.7,801.6149056603773
45.7,22.8,714.392830188679
45.7,22.9,658.8556603773582
45.7,23.0,621.8049056603771
45.7,23.1,618.6390566037734
45.7,23.2,672.1092452830189
45.7,23.3,771.1413207547165
45.7,23.4,872.3343396226412
45.7,23.5,854.3935849056603
45.7,23.6,856.890754716981
45.7,23.7,904.7335849056602
45.7,23.8,925.8816981132073
45.7,23.9,771.1745283018865
45.7,24.0,770.4598113207542
45.7,24.1,681.4550943396223
45.7,24.2,660.0152830188676
45.7,24.3,650.1113207547166
45.7,24.4,655.6077358490568
45.7,24.5,655.1615094339621
45.7,24.6,663.1520754716978
45.7,24.7,675.6598113207543
45.7,24.8,670.29358490566
45.7,24.9,640.3249056603772
45.7,25.0,635.9986792452829
45.7,25.1,640.8692452830187
45.7,25.2,657.011320754717
45.7,25.3,670.034716981132
45.7,25.4,715.4969811320751
45.7,25.5,618.6845283018866
45.7,25.6,586.3237735849056
45.7,25.7,586.6249056603771
45.7,25.8,585.4113207547169
45.7,25.9,632.4971698113204
45.7,26.0,636.3320754716976
45.7,26.1,639.1643396226414
45.7,26.2,709.569433962264
45.7,26.3,779.4566037735849
45.7,26.4,811.4432075471697
45.7,26.5,805.7211320754717
45.7,26.6,734.9092452830188
45.7,26.7,687.5590566037736
45.7,26.8,653.8430188679243
45.7,26.9,643.8471698113207
45.7,27.0,601.0135849056603
45.7,27.1,555.7435849056602
45.7,27.2,515.4975471698111
45.7,27.3,500.9883018867924
45.7,27.4,491.7928301886791
45.7,27.5,485.5169811320752
45.7,27.6,487.55622641509405
45.7,27.7,485.6054716981131
45.7,27.8,495.4649056603772
45.7,27.9,497.4399999999999
45.7,28.0,490.94584905660366
45.7,28.1,471.7758490566037
45.7,28.2,481.53358490566035
45.6,20.7,568.412075471698
45.6,20.8,574.651320754717
45.6,20.9,581.2958490566036
45.6,21.0,588.952075471698
45.6,21.1,596.372641509434
45.6,21.2,606.5928301886792
45.6,21.3,616.8156603773582
45.6,21.4,629.4320754716978
45.6,21.5,648.106226415094
45.6,21.6,673.4711320754715
45.6,21.7,696.8505660377357
45.6,21.8,711.9777358490566
45.6,21.9,718.9050943396226
45.6,22.0,732.5815094339621
45.6,22.1,769.1898113207545
45.6,22.2,847.185471698113
45.6,22.3,913.0626415094337
45.6,22.4,959.004905660377
45.6,22.5,941.0169811320752
45.6,22.6,860.87679245283
45.6,22.7,785.801509433962
45.6,22.8,696.8458490566037
45.6,22.9,641.5432075471696
45.6,23.0,632.1375471698112
45.6,23.1,710.3632075471698
45.6,23.2,812.26679245283
45.6,23.3,939.3058490566035
45.6,23.4,1006.994716981132
45.6,23.5,1179.2873584905658
45.6,23.6,1093.4632075471693
45.6,23.7,1073.0139622641507
45.6,23.8,1149.8632075471696
45.6,23.9,1054.8726415094336
45.6,24.0,880.8420754716977
45.6,24.1,877.5441509433963
45.6,24.2,801.5681132075473
45.6,24.3,818.9696226415093
45.6,24.4,871.4405660377354
45.6,24.5,1082.849811320755
45.6,24.6,1234.4854716981129
45.6,24.7,1215.382830188679
45.6,24.8,1103.0054716981128
45.6,24.9,1033.1935849056604
45.6,25.0,926.3583018867923
45.6,25.1,870.7954716981134
45.6,25.2,783.386603773585
45.6,25.3,731.9354716981128
45.6,25.4,704.1311320754713
45.6,25.5,695.8277358490565
45.6,25.6,735.3471698113202
45.6,25.7,738.7915094339621
45.6,25.8,677.9299999999997
45.6,25.9,720.3799999999999
45.6,26.0,699.0003773584904
45.6,26.1,699.702075471698
45.6,26.2,744.4790566037733
45.6,26.3,758.7939622641505
45.6,26.4,791.3824528301888
45.6,26.5,767.904905660377
45.6,26.6,756.6126415094338
45.6,26.7,709.9415094339623
45.6,26.8,658.2811320754718
45.6,26.9,613.924716981132
45.6,27.0,581.8847169811319
45.6,27.1,537.014716981132
45.6,27.2,500.985471698113
45.6,27.3,493.62830188679237
45.6,27.4,484.49283018867897
45.6,27.5,475.3013207547168
45.6,27.6,474.2513207547169
45.6,27.7,474.6516981132075
45.6,27.8,488.56283018867913
45.6,27.9,494.9845283018864
45.6,28.0,488.20018867924523
45.6,28.1,465.6067924528299
45.6,28.2,474.9560377358489
45.5,20.7,579.0590566037736
45.5,20.8,586.438867924528
45.5,20.9,594.63679245283
45.5,21.0,603.4758490566037
45.5,21.1,612.2628301886789
45.5,21.2,623.3624528301885
45.5,21.3,635.9790566037734
45.5,21.4,649.8005660377357
45.5,21.5,669.7377358490564
45.5,21.6,698.2684905660373
45.5,21.7,717.1952830188677
45.5,21.8,739.4379245283014
45.5,21.9,763.8620754716977
45.5,22.0,769.8749056603773
45.5,22.1,773.1756603773583
45.5,22.2,840.8245283018866
45.5,22.3,888.9896226415094
45.5,22.4,886.8324528301887
45.5,22.5,911.2377358490563
45.5,22.6,871.0237735849053
45.5,22.7,840.101509433962
45.5,22.8,759.6805660377358
45.5,22.9,647.9435849056601
45.5,23.0,598.6898113207544
45.5,23.1,612.7343396226414
45.5,23.2,659.1226415094337
45.5,23.3,818.2116981132071
45.5,23.4,944.8696226415092
45.5,23.5,1007.9058490566035
45.5,23.6,1002.6009433962264
45.5,23.7,1048.8081132075472
45.5,23.8,1050.2862264150942
45.5,23.9,1048.8422641509435
45.5,24.0,991.6566037735847
45.5,24.1,1035.4307547169808
45.5,24.2,922.6886792452827
45.5,24.3,757.3907547169808
45.5,24.4,810.0696226415093
45.5,24.5,1009.7747169811319
45.5,24.6,1081.696226415094
45.5,24.7,1087.8683018867923
45.5,24.8,1176.318679245283
45.5,24.9,1038.551509433962
45.5,25.0,1070.446415094339
45.5,25.1,1000.6843396226413
45.5,25.2,931.0839622641508
45.5,25.3,847.9133962264146
45.5,25.4,776.5062264150943
45.5,25.5,845.3788679245284
45.5,25.6,849.1969811320753
45.5,25.7,881.8452830188678
45.5,25.8,855.0424528301885
45.5,25.9,882.8766037735847
45.5,26.0,821.7830188679244
45.5,26.1,783.5890566037734
45.5,26.2,760.3724528301886
45.5,26.3,740.4984905660376
45.5,26.4,711.6556603773585
45.5,26.5,719.6741509433962
45.5,26.6,698.8103773584902
45.5,26.7,659.3032075471698
45.5,26.8,621.1469811320752
45.5,26.9,587.1813207547168
45.5,27.0,570.1652830188677
45.5,27.1,528.5094339622641
45.5,27.2,501.00320754716967
45.5,27.3,486.0962264150942
45.5,27.4,475.49622641509404
45.5,27.5,469.8907547169809
45.5,27.6,461.57584905660343
45.5,27.7,462.1184905660375
45.5,27.8,471.628679245283
45.5,27.9,481.58603773584883
45.5,28.0,479.1328301886792
45.5,28.1,461.94339622641485
45.5,28.2,469.716037735849
45.5,28.3,467.33962264150915
45.5,29.2,349.00981132075475
45.5,29.3,333.4911320754717
45.5,29.4,317.9567924528301
45.5,29.5,304.1594339622641
45.4,20.8,584.6315094339619
45.4,20.9,607.3524528301884
45.4,21.0,618.0624528301885
45.4,21.1,636.3113207547168
45.4,21.2,639.9096226415094
45.4,21.3,653.6886792452829
45.4,21.4,676.6241509433961
45.4,21.5,698.8449056603768
45.4,21.6,718.5726415094337
45.4,21.7,734.5484905660373
45.4,21.8,780.1339622641509
45.4,21.9,801.3660377358492
45.4,22.0,819.6826415094337
45.4,22.1,807.6516981132074
45.4,22.2,803.4139622641509
45.4,22.3,837.1537735849056
45.4,22.4,887.4124528301887
45.4,22.5,963.1052830188678
45.4,22.6,947.2409433962263
45.4,22.7,963.0084905660375
45.4,22.8,954.444905660377
45.4,22.9,955.3056603773584
45.4,23.0,993.3960377358492
45.4,23.1,893.4709433962263
45.4,23.2,799.9830188679243
45.4,23.3,791.6916981132075
45.4,23.4,825.5428301886787
45.4,23.5,927.8073584905658
45.4,23.6,1245.587169811321
45.4,23.7,1231.3356603773582
45.4,23.8,1203.5643396226412
45.4,23.9,985.6649056603774
45.4,24.0,774.417547169811
45.4,24.1,770.2107547169807
45.4,24.2,740.9609433962263
45.4,24.3,661.2049056603773
45.4,24.4,763.1783018867923
45.4,24.5,931.1183018867922
45.4,24.6,915.6533962264145
45.4,24.7,926.7922641509431
45.4,24.8,861.2124528301881
45.4,24.9,906.9720754716981
45.4,25.0,974.4158490566035
45.4,25.1,959.8726415094338
45.4,25.2,892.371320754717
45.4,25.3,920.4175471698109
45.4,25.4,916.2758490566039
45.4,25.5,963.8598113207543
45.4,25.6,939.0181132075469
45.4,25.7,959.0398113207546
45.4,25.8,853.239433962264
45.4,25.9,877.9947169811318
45.4,26.0,837.7137735849055
45.4,26.1,793.47679245283
45.4,26.2,723.9524528301887
45.4,26.3,689.4462264150942
45.4,26.4,666.1918867924527
45.4,26.5,646.5428301886791
45.4,26.6,625.8366037735846
45.4,26.7,607.7650943396226
45.4,26.8,596.5807547169809
45.4,26.9,585.0990566037735
45.4,27.0,562.3754716981132
45.4,27.1,519.2683018867921
45.4,27.2,491.038113207547
45.4,27.3,478.9899999999999
45.4,27.4,467.85886792452817
45.4,27.5,460.05471698113206
45.4,27.6,454.6132075471696
45.4,27.7,452.07905660377327
45.4,27.8,449.5841509433961
45.4,27.9,454.23905660377335
45.4,28.0,457.87698113207534
45.4,28.1,452.4975471698113
45.4,28.2,450.44132075471686
45.4,28.3,449.394716981132
45.4,28.4,448.00490566037723
45.4,28.8,420.0911320754716
45.4,28.9,402.26150943396215
45.4,29.0,383.03735849056596
45.4,29.1,365.6933962264152
45.4,29.2,348.72264150943397
45.4,29.3,334.19018867924524
45.4,29.4,319.31018867924524
45.4,29.5,306.47528301886786
45.4,29.6,295.33188679245274
45.4,29.7,284.8826415094339
45.3,20.9,603.811320754717
45.3,21.0,619.5233962264148
45.3,21.1,633.5198113207545
45.3,21.2,647.5020754716979
45.3,21.3,664.4350943396224
45.3,21.4,688.8545283018865
45.3,21.5,721.8124528301885
45.3,21.6,754.9722641509433
45.3,21.7,803.881320754717
45.3,21.8,856.2739622641511
45.3,21.9,839.1273584905657
45.3,22.0,839.3309433962263
45.3,22.1,877.6660377358488
45.3,22.2,836.2915094339622
45.3,22.3,794.9249056603776
45.3,22.4,950.2711320754714
45.3,22.5,1015.8196226415089
45.3,22.6,1054.8773584905662
45.3,22.7,1134.000188679245
45.3,22.8,1042.2060377358491
45.3,22.9,1172.990566037736
45.3,23.0,992.0105660377352
45.3,23.1,931.9622641509434
45.3,23.2,940.653962264151
45.3,23.3,978.8662264150938
45.3,23.4,919.0352830188674
45.3,23.5,1036.3847169811318
45.3,23.6,1103.7105660377356
45.3,23.7,1176.6213207547166
45.3,23.8,1177.264150943396
45.3,23.9,1109.468301886792
45.3,24.0,1051.5815094339623
45.3,24.1,1055.8632075471694
45.3,24.2,932.8364150943393
45.3,24.3,764.9999999999998
45.3,24.4,756.4605660377358
45.3,24.5,793.9584905660375
45.3,24.6,839.3924528301886
45.3,24.7,839.2960377358488
45.3,24.8,796.9467924528299
45.3,24.9,837.2775471698109
45.3,25.0,838.694716981132
45.3,25.1,820.2788679245278
45.3,25.2,803.9245283018864
45.3,25.3,871.5575471698111
45.3,25.4,1013.5147169811321
45.3,25.5,928.6524528301886
45.3,25.6,882.5398113207544
45.3,25.7,839.4820754716978
45.3,25.8,844.7918867924528
45.3,25.9,824.3445283018868
45.3,26.0,749.0352830188675
45.3,26.1,740.9901886792446
45.3,26.2,701.46358490566
45.3,26.3,665.3577358490563
45.3,26.4,631.2096226415092
45.3,26.5,606.906603773585
45.3,26.6,577.9477358490564
45.3,26.7,569.5279245283019
45.3,26.8,566.7777358490563
45.3,26.9,577.0818867924527
45.3,27.0,527.803396226415
45.3,27.1,494.11811320754714
45.3,27.2,481.76660377358485
45.3,27.3,470.0303773584904
45.3,27.4,464.9571698113207
45.3,27.5,451.72962264150925
45.3,27.6,447.0116981132074
45.3,27.7,444.66716981132055
45.3,27.8,445.768113207547
45.3,27.9,451.3937735849055
45.3,28.0,454.0032075471699
45.3,28.1,459.4064150943395
45.3,28.2,455.5132075471696
45.3,28.3,447.21509433962245
45.3,28.4,437.9881132075472
45.3,28.5,434.7111320754718
45.3,28.6,428.95264150943393
45.3,28.7,421.10207547169796
45.3,28.8,414.7411320754716
45.3,28.9,401.05377358490557
45.3,29.0,380.8762264150943
45.3,29.1,365.39396226415084
45.3,29.2,349.5637735849056
45.3,29.3,333.94509433962264
45.3,29.4,319.16094339622646
45.3,29.5,305.6781132075472
45.3,29.6,293.6952830188678
45.3,29.7,283.5841509433961
45.2,21.1,636.8779245283017
45.2,21.2,658.8975471698112
45.2,21.3,676.6654716981129
45.2,21.4,691.0592452830189
45.2,21.5,720.7233962264149
45.2,21.6,739.5605660377358
45.2,21.7,781.0892452830188
45.2,21.8,786.1443396226415
45.2,21.9,836.820188679245
45.2,22.0,893.1418867924531
45.2,22.1,1017.91679245283
45.2,22.2,942.8558490566037
45.2,22.3,826.9822641509433
45.2,22.4,903.1918867924529
45.2,22.5,956.7867924528301
45.2,22.6,1032.2911320754715
45.2,22.7,1032.8109433962265
45.2,22.8,986.0666037735846
45.2,22.9,1002.2039622641507
45.2,23.0,926.4405660377355
45.2,23.1,908.3154716981132
45.2,23.2,891.9983018867922
45.2,23.3,861.3979245283018
45.2,23.4,769.3437735849055
45.2,23.5,816.1469811320751
45.2,23.6,832.6243396226412
45.2,23.7,805.66358490566
45.2,23.8,816.6866037735848
45.2,23.9,819.4113207547167
45.2,24.0,858.2996226415092
45.2,24.1,820.4324528301881
45.2,24.2,768.0732075471694
45.2,24.3,748.2635849056603
45.2,24.4,741.4605660377356
45.2,24.5,743.9101886792452
45.2,24.6,759.528679245283
45.2,24.7,742.6694339622638
45.2,24.8,753.5479245283017
45.2,24.9,740.4975471698111
45.2,25.0,733.9562264150942
45.2,25.1,724.0477358490565
45.2,25.2,772.2018867924527
45.2,25.3,848.2007547169812
45.2,25.4,831.7032075471697
45.2,25.5,789.7871698113207
45.2,25.6,789.0205660377358
45.2,25.7,774.2832075471696
45.2,25.8,766.8084905660377
45.2,25.9,740.355471698113
45.2,26.0,688.6892452830185
45.2,26.1,675.0879245283015
45.2,26.2,669.425283018868
45.2,26.3,658.5739622641506
45.2,26.4,630.5986792452828
45.2,26.5,623.5858490566036
45.2,26.6,572.7318867924528
45.2,26.7,561.6867924528301
45.2,26.8,543.1286792452829
45.2,26.9,528.8147169811318
45.2,27.0,505.8171698113206
45.2,27.1,488.27773584905657
45.2,27.2,474.6356603773584
45.2,27.3,464.9381132075472
45.2,27.4,456.33735849056615
45.2,27.5,446.02830188679224
45.2,27.6,442.7511320754715
45.2,27.7,440.2209433962263
45.2,27.8,442.8032075471695
45.2,27.9,443.6379245283017
45.2,28.0,442.22698113207537
45.2,28.1,451.0396226415093
45.2,28.2,456.05943396226417
45.2,28.3,458.15679245283013
45.2,28.4,460.2152830188679
45.2,28.5,449.50716981132064
45.2,28.6,440.61339622641515
45.2,28.7,426.45754716981116
45.2,28.8,407.49339622641503
45.2,28.9,391.36792452830184
45.2,29.0,375.7884905660375
45.2,29.1,362.44188679245286
45.2,29.2,349.69905660377356
45.2,29.3,335.22377358490564
45.2,29.4,320.30867924528303
45.2,29.5,306.70490566037734
45.2,29.6,294.4115094339623
45.2,29.7,285.0458490566038
45.2,29.8,277.25339622641513
45.1,21.4,708.1213207547169
45.1,21.5,753.1316981132073
45.1,21.6,762.7926415094339
45.1,21.7,785.282075471698
45.1,21.8,847.7822641509434
45.1,21.9,919.8398113207547
45.1,22.0,995.4569811320753
45.1,22.1,1019.1639622641508
45.1,22.2,900.3507547169805
45.1,22.3,848.1362264150945
45.1,22.4,852.3507547169806
45.1,22.5,964.8609433962259
45.1,22.6,1050.132264150943
45.1,22.7,947.9830188679242
45.1,22.8,870.8413207547167
45.1,22.9,905.1464150943395
45.1,23.0,830.5979245283016
45.1,23.1,799.9532075471697
45.1,23.2,783.1386792452829
45.1,23.3,754.0645283018866
45.1,23.4,741.1866037735849
45.1,23.5,768.5041509433964
45.1,23.6,749.6133962264147
45.1,23.7,742.2343396226413
45.1,23.8,756.4250943396222
45.1,23.9,772.2207547169812
45.1,24.0,756.9086792452827
45.1,24.1,751.4220754716978
45.1,24.2,726.8120754716978
45.1,24.3,707.3445283018863
45.1,24.4,699.4939622641506
45.1,24.5,710.8432075471694
45.1,24.6,724.1779245283014
45.1,24.7,738.2584905660373
45.1,24.8,733.5326415094336
45.1,24.9,734.9198113207545
45.1,25.0,728.5241509433961
45.1,25.1,728.1399999999999
45.1,25.2,740.7718867924525
45.1,25.3,746.4645283018867
45.1,25.4,738.1235849056599
45.1,25.5,751.577547169811
45.1,25.6,737.1535849056601
45.1,25.7,724.6673584905658
45.1,25.8,709.7875471698109
45.1,25.9,672.5894339622641
45.1,26.0,651.4639622641505
45.1,26.1,635.2498113207546
45.1,26.2,622.394150943396
45.1,26.3,631.1486792452828
45.1,26.4,634.1590566037735
45.1,26.5,621.5450943396224
45.1,26.6,579.738867924528
45.1,26.7,539.1064150943396
45.1,26.8,514.1839622641506
45.1,26.9,506.39943396226397
45.1,27.0,494.6449056603774
45.1,27.1,481.1837735849054
45.1,27.2,469.6152830188677
45.1,27.3,459.58660377358484
45.1,27.4,452.0750943396226
45.1,27.5,443.6792452830188
45.1,27.6,440.18566037735854
45.1,27.7,437.5530188679243
45.1,27.8,438.0443396226415
45.1,27.9,436.716037735849
45.1,28.0,437.3598113207545
45.1,28.1,435.9132075471697
45.1,28.2,437.6075471698112
45.1,28.3,447.57132075471696
45.1,28.4,447.8062264150942
45.1,28.5,434.92433962264147
45.1,28.6,430.93452830188676
45.1,28.7,422.73188679245266
45.1,28.8,410.13056603773583
45.1,28.9,400.16433962264136
45.1,29.0,383.9294339622643
45.1,29.1,368.0867924528301
45.1,29.2,350.31358490566026
45.1,29.3,334.9916981132075
45.1,29.4,321.5832075471699
45.1,29.5,308.7507547169811
45.1,29.6,297.0486792452831
45.1,29.7,287.67849056603774
45.0,21.3,674.1394339622639
45.0,21.4,700.2690566037735
45.0,21.5,711.5943396226414
45.0,21.6,726.8939622641507
45.0,21.7,771.8109433962262
45.0,21.8,920.3879245283018
45.0,21.9,924.582264150943
45.0,22.0,931.7986792452829
45.0,22.1,864.5754716981129
45.0,22.2,760.1409433962262
45.0,22.3,727.9056603773582
45.0,22.4,779.4892452830187
45.0,22.5,898.5407547169809
45.0,22.6,954.7456603773581
45.0,22.7,870.6515094339621
45.0,22.8,822.8090566037733
45.0,22.9,810.6805660377357
45.0,23.0,767.8192452830187
45.0,23.1,740.2724528301886
45.0,23.2,726.1724528301883
45.0,23.3,720.5867924528302
45.0,23.4,717.8492452830187
45.0,23.5,726.005471698113
45.0,23.6,718.7062264150942
45.0,23.7,721.2656603773582
45.0,23.8,723.2694339622643
45.0,23.9,721.4441509433959
45.0,24.0,717.1252830188678
45.0,24.1,685.0560377358489
45.0,24.2,684.2456603773583
45.0,24.3,670.6469811320753
45.0,24.4,693.5518867924526
45.0,24.5,714.9401886792454
45.0,24.6,717.3405660377354
45.0,24.7,712.6277358490564
45.0,24.8,713.4743396226413
45.0,24.9,696.7030188679246
45.0,25.0,706.5616981132075
45.0,25.1,717.8022641509432
45.0,25.2,714.0547169811317
45.0,25.3,699.2875471698113
45.0,25.4,695.7790566037734
45.0,25.5,681.073396226415
45.0,25.6,689.0839622641507
45.0,25.7,693.132830188679
45.0,25.8,663.6167924528298
45.0,25.9,643.5267924528299
45.0,26.0,628.027358490566
45.0,26.1,613.4605660377358
45.0,26.2,608.6428301886792
45.0,26.3,594.3092452830188
45.0,26.4,581.9160377358489
45.0,26.5,567.5496226415091
45.0,26.6,543.9998113207547
45.0,26.7,520.2735849056602
45.0,26.8,514.4996226415092
45.0,26.9,501.31226415094324
45.0,27.0,491.6081132075471
45.0,27.1,478.7743396226414
45.0,27.2,466.9354716981133
45.0,27.3,457.08981132075456
45.0,27.4,449.3809433962263
45.0,27.5,441.7432075471697
45.0,27.6,436.64849056603765
45.0,27.7,436.1281132075472
45.0,27.8,433.36245283018866
45.0,27.9,431.27490566037727
45.0,28.0,432.5956603773584
45.0,28.1,429.71169811320743
45.0,28.2,433.2813207547169
45.0,28.3,440.8033962264149
45.0,28.4,440.9250943396226
45.0,28.5,433.1113207547171
45.0,28.6,412.82132075471696
45.0,28.7,399.1509433962263
45.0,28.8,394.6588679245282
45.0,28.9,385.2692452830186
45.0,29.0,369.923396226415
45.0,29.1,357.3890566037735
45.0,29.2,346.06905660377356
45.0,29.3,335.9722641509433
45.0,29.4,324.012641509434
45.0,29.5,312.5318867924529
45.0,29.6,302.02792452830187
45.0,29.7,292.99622641509427
44.9,21.3,668.9820754716982
44.9,21.4,675.5067924528302
44.9,21.5,714.7945283018867
44.9,21.6,717.8733962264146
44.9,21.7,724.5273584905658
44.9,21.8,820.4747169811319
44.9,21.9,835.6999999999998
44.9,22.0,725.456226415094
44.9,22.1,740.9156603773581
44.9,22.2,763.4958490566036
44.9,22.3,822.9616981132076
44.9,22.4,806.5224528301884
44.9,22.5,923.5184905660375
44.9,22.6,853.4799999999999
44.9,22.7,804.6960377358483
44.9,22.8,769.2952830188676
44.9,22.9,757.7243396226412
44.9,23.0,743.4901886792451
44.9,23.1,737.882830188679
44.9,23.2,711.4062264150944
44.9,23.3,701.2132075471694
44.9,23.4,699.414150943396
44.9,23.5,692.976037735849
44.9,23.6,693.6866037735849
44.9,23.7,700.938867924528
44.9,23.8,698.6816981132075
44.9,23.9,695.5509433962262
44.9,24.0,697.2898113207543
44.9,24.1,688.5183018867922
44.9,24.2,664.5001886792452
44.9,24.3,651.7377358490565
44.9,24.4,674.0984905660375
44.9,24.5,695.2990566037736
44.9,24.6,703.7752830188679
44.9,24.7,686.6954716981132
44.9,24.8,683.8164150943396
44.9,24.9,670.8445283018868
44.9,25.0,681.0216981132072
44.9,25.1,687.1203773584901
44.9,25.2,692.6950943396224
44.9,25.3,678.1083018867923
44.9,25.4,664.376037735849
44.9,25.5,656.390754716981
44.9,25.6,651.5633962264149
44.9,25.7,647.4198113207549
44.9,25.8,642.9775471698111
44.9,25.9,629.5130188679244
44.9,26.0,611.8709433962262
44.9,26.1,597.8918867924527
44.9,26.2,590.8632075471696
44.9,26.3,574.5962264150943
44.9,26.4,559.0394339622638
44.9,26.5,545.8337735849058
44.9,26.6,532.420754716981
44.9,26.7,521.7373584905658
44.9,26.8,513.2375471698111
44.9,26.9,502.65301886792463
44.9,27.0,491.32962264150945
44.9,27.1,481.16018867924515
44.9,27.2,471.6377358490565
44.9,27.3,463.2020754716981
44.9,27.4,456.2845283018865
44.9,27.5,448.06377358490545
44.9,27.6,442.3343396226414
44.9,27.7,437.2088679245283
44.9,27.8,433.01283018867923
44.9,27.9,428.552830188679
44.9,28.0,428.5328301886792
44.9,28.1,417.90773584905645
44.9,28.2,425.426037735849
44.9,28.3,434.58018867924517
44.9,28.4,436.362830188679
44.9,28.5,425.26301886792436
44.9,28.6,408.7603773584904
44.9,28.7,401.31622641509415
44.9,28.8,398.0871698113208
44.9,28.9,379.00433962264134
44.9,29.0,363.35528301886774
44.9,29.1,357.0964150943396
44.9,29.2,347.70811320754717
44.9,29.3,337.04018867924526
44.9,29.4,326.8769811320755
44.9,29.5,317.4930188679245
44.9,29.6,313.3411320754717
44.9,29.7,300.88490566037734
44.8,21.3,638.4898113207544
44.8,21.4,688.1679245283019
44.8,21.5,686.9190566037736
44.8,21.6,723.7571698113204
44.8,21.7,779.2016981132072
44.8,21.8,897.0915094339622
44.8,21.9,860.5826415094339
44.8,22.0,806.1152830188676
44.8,22.1,849.1915094339619
44.8,22.2,932.9403773584903
44.8,22.3,818.901509433962
44.8,22.4,754.2856603773583
44.8,22.5,756.5903773584902
44.8,22.6,786.6396226415095
44.8,22.7,771.2928301886791
44.8,22.8,734.8335849056604
44.8,22.9,712.3573584905656
44.8,23.0,715.7424528301885
44.8,23.1,706.5224528301881
44.8,23.2,681.2975471698114
44.8,23.3,678.1709433962262
44.8,23.4,683.9743396226411
44.8,23.5,670.9103773584907
44.8,23.6,676.688113207547
44.8,23.7,679.1684905660379
44.8,23.8,677.3060377358489
44.8,23.9,675.0118867924527
44.8,24.0,662.355471698113
44.8,24.1,653.3616981132075
44.8,24.2,639.7309433962263
44.8,24.3,623.1724528301885
44.8,24.4,661.2569811320751
44.8,24.5,674.235471698113
44.8,24.6,667.5081132075471
44.8,24.7,665.6349056603773
44.8,24.8,658.6358490566039
44.8,24.9,651.4554716981131
44.8,25.0,647.3960377358491
44.8,25.1,640.1550943396226
44.8,25.2,639.9571698113207
44.8,25.3,640.9299999999998
44.8,25.4,636.5058490566033
44.8,25.5,631.2056603773583
44.8,25.6,625.655471698113
44.8,25.7,621.9364150943394
44.8,25.8,617.7852830188677
44.8,25.9,609.6511320754715
44.8,26.0,599.8494339622641
44.8,26.1,589.9067924528299
44.8,26.2,580.9218867924528
44.8,26.3,567.6835849056602
44.8,26.4,555.2015094339619
44.8,26.5,542.7403773584905
44.8,26.6,531.8152830188677
44.8,26.7,522.4649056603771
44.8,26.8,513.4849056603771
44.8,26.9,503.3966037735849
44.8,27.0,491.84339622641505
44.8,27.1,483.85735849056596
44.8,27.2,474.56622641509415
44.8,27.3,467.8588679245281
44.8,27.4,458.6505660377356
44.8,27.5,451.482075471698
44.8,27.6,444.9203773584905
44.8,27.7,438.9494339622639
44.8,27.8,433.24188679245253
44.8,27.9,428.6873584905659
44.8,28.0,423.96396226415095
44.8,28.1,413.4411320754715
44.8,28.2,419.8611320754716
44.8,28.3,428.3911320754715
44.8,28.4,439.0349056603774
44.8,28.5,431.84603773584894
44.8,28.6,411.044150943396
44.8,28.7,394.31999999999994
44.8,28.8,384.11018867924514
44.8,28.9,376.5962264150943
44.8,29.0,363.78509433962256
44.8,29.1,355.41358490566023
44.8,29.2,347.078679245283
44.8,29.3,338.6122641509434
44.8,29.4,330.1015094339623
44.8,29.5,322.1588679245283
44.8,29.6,314.8418867924528
44.7,21.4,650.8447169811319
44.7,21.5,662.9979245283017
44.7,21.6,657.30679245283
44.7,21.7,741.1869811320753
44.7,21.8,698.3986792452831
44.7,21.9,664.9733962264149
44.7,22.0,685.4041509433961
44.7,22.1,726.8984905660376
44.7,22.2,805.756037735849
44.7,22.3,744.7884905660376
44.7,22.4,627.3143396226413
44.7,22.5,651.8833962264151
44.7,22.6,705.6141509433962
44.7,22.7,699.6109433962263
44.7,22.8,690.8622641509434
44.7,22.9,696.0475471698109
44.7,23.0,680.1833962264151
44.7,23.1,682.2466037735845
44.7,23.2,667.1330188679242
44.7,23.3,650.4166037735847
44.7,23.4,650.0147169811319
44.7,23.5,640.7990566037732
44.7,23.6,653.6730188679243
44.7,23.7,657.7094339622638
44.7,23.8,651.2684905660374
44.7,23.9,639.7532075471695
44.7,24.0,637.3820754716979
44.7,24.1,646.2418867924526
44.7,24.2,634.4545283018867
44.7,24.3,610.0932075471696
44.7,24.4,632.8556603773583
44.7,24.5,644.3818867924531
44.7,24.6,641.7620754716977
44.7,24.7,637.5024528301883
44.7,24.8,637.8237735849054
44.7,24.9,632.9866037735848
44.7,25.0,622.9441509433957
44.7,25.1,618.7620754716979
44.7,25.2,613.4837735849057
44.7,25.3,609.0775471698112
44.7,25.4,605.6956603773584
44.7,25.5,607.0592452830188
44.7,25.6,604.7584905660375
44.7,25.7,603.3009433962264
44.7,25.8,605.3447169811319
44.7,25.9,603.6075471698113
44.7,26.0,596.9745283018868
44.7,26.1,588.9537735849055
44.7,26.2,581.8566037735847
44.7,26.3,570.5945283018866
44.7,26.4,559.563962264151
44.7,26.5,546.5945283018868
44.7,26.6,534.2369811320755
44.7,26.7,523.6862264150942
44.7,26.8,509.74735849056583
44.7,26.9,501.4026415094337
44.7,27.0,493.1639622641507
44.7,27.1,486.1701886792453
44.7,27.2,480.4003773584905
44.7,27.3,474.3456603773583
44.7,27.4,466.65283018867916
44.7,27.5,460.13641509433955
44.7,27.6,452.72113207547153
44.7,27.7,444.2539622641509
44.7,27.8,437.78679245283
44.7,27.9,436.0249056603772
44.7,28.0,431.82320754716983
44.7,28.1,424.1466037735849
44.7,28.2,420.09452830188667
44.7,28.3,421.854150943396
44.7,28.4,427.4941509433961
44.7,28.5,425.93566037735843
44.7,28.6,405.68377358490557
44.7,28.7,388.1398113207548
44.7,28.8,383.1992452830189
44.7,28.9,374.982075471698
44.7,29.0,360.91226415094326
44.7,29.1,354.8952830188678
44.7,29.2,347.80698113207546
44.6,21.6,675.0983018867923
44.6,21.7,784.0043396226414
44.6,21.8,802.0137735849055
44.6,21.9,701.3996226415093
44.6,22.0,712.3220754716981
44.6,22.1,851.2905660377357
44.6,22.2,825.7713207547168
44.6,22.3,733.3950943396225
44.6,22.4,697.662075471698
44.6,22.5,673.6118867924527
44.6,22.6,636.0518867924526
44.6,22.7,631.6177358490565
44.6,22.8,653.3986792452828
44.6,22.9,670.4322641509432
44.6,23.0,666.5739622641506
44.6,23.1,641.8399999999999
44.6,23.2,643.9966037735846
44.6,23.3,621.6330188679243
44.6,23.4,607.9928301886792
44.6,23.5,611.6799999999997
44.6,23.6,623.8216981132073
44.6,23.7,629.4424528301885
44.6,23.8,628.5862264150941
44.6,23.9,625.7281132075468
44.6,24.0,618.5979245283015
44.6,24.1,618.7396226415095
44.6,24.2,616.1094339622639
44.6,24.3,592.8247169811322
44.6,24.4,609.7652830188678
44.6,24.5,617.2096226415091
44.6,24.6,610.7884905660375
44.6,24.7,607.470754716981
44.6,24.8,604.7013207547169
44.6,24.9,602.1767924528301
44.6,25.0,601.2705660377358
44.6,25.1,596.2898113207548
44.6,25.2,592.475471698113
44.6,25.3,586.4922641509434
44.6,25.4,584.8926415094339
44.6,25.5,585.8264150943396
44.6,25.6,590.6154716981131
44.6,25.7,589.3390566037734
44.6,25.8,591.6622641509432
44.6,25.9,594.1003773584905
44.6,26.0,593.0901886792451
44.6,26.1,590.3160377358489
44.6,26.2,583.8445283018868
44.6,26.3,576.3171698113206
44.6,26.4,565.391320754717
44.6,26.5,551.9035849056602
44.6,26.6,540.4530188679245
44.6,26.7,530.9260377358489
44.6,26.8,521.1315094339622
44.6,26.9,508.81169811320734
44.6,27.0,499.80320754716985
44.6,27.1,491.4556603773583
44.6,27.2,484.35641509433964
44.6,27.3,478.24716981132065
44.6,27.4,472.87037735849066
44.6,27.5,469.0398113207546
44.6,27.6,462.86924528301864
44.6,27.7,455.30660377358475
44.6,27.8,448.13792452830177
44.6,27.9,439.2709433962264
44.6,28.0,436.15150943396213
44.6,28.1,432.67452830188665
44.6,28.2,429.13660377358474
44.6,28.3,425.474150943396
44.6,28.4,419.8162264150943
44.6,28.5,420.0132075471697
44.6,28.6,411.07849056603766
44.6,28.7,389.5366037735849
44.6,28.8,376.40547169811305
44.6,28.9,372.152641509434
44.6,29.0,367.3771698113209
44.5,22.0,703.6554716981129
44.5,22.1,715.9086792452828
44.5,22.2,638.5813207547166
44.5,22.3,674.4549056603776
44.5,22.4,660.6977358490562
44.5,22.5,606.9441509433963
44.5,22.6,586.1398113207547
44.5,22.7,596.4798113207546
44.5,22.8,626.3326415094339
44.5,22.9,657.6
44.5,23.0,653.589433962264
44.5,23.1,644.9577358490563
44.5,23.2,621.768113207547
44.5,23.3,614.3135849056602
44.5,23.4,606.3128301886788
44.5,23.5,597.5296226415094
44.5,23.6,599.3709433962264
44.5,23.7,601.3539622641506
44.5,23.8,606.9988679245281
44.5,23.9,610.5352830188677
44.5,24.0,603.0756603773584
44.5,24.1,604.2084905660374
44.5,24.2,595.8224528301884
44.5,24.3,578.2498113207545
44.5,24.4,589.3983018867923
44.5,24.5,596.688679245283
44.5,24.6,586.1324528301885
44.5,24.7,586.5705660377357
44.5,24.8,583.8058490566036
44.5,24.9,583.401509433962
44.5,25.0,580.2607547169812
44.5,25.1,576.1011320754716
44.5,25.2,572.9988679245282
44.5,25.3,571.6709433962262
44.5,25.4,567.6111320754716
44.5,25.5,570.0622641509435
44.5,25.6,576.128113207547
44.5,25.7,577.4284905660377
44.5,25.8,582.0232075471697
44.5,25.9,586.4126415094339
44.5,26.0,585.930188679245
44.5,26.1,586.0579245283018
44.5,26.2,589.3330188679242
44.5,26.3,579.4437735849054
44.5,26.4,567.4373584905658
44.5,26.5,551.6947169811319
44.5,26.6,545.8849056603772
44.5,26.7,535.2990566037731
44.5,26.8,525.6462264150944
44.5,26.9,516.2579245283018
44.5,27.0,508.6637735849055
44.5,27.1,503.8275471698111
44.5,27.2,498.55754716981124
44.5,27.3,493.67188679245277
44.5,27.4,488.0598113207546
44.5,27.5,483.1845283018867
44.5,27.6,477.4677358490565
44.5,27.7,467.25679245283
44.5,27.8,459.5849056603773
44.5,27.9,448.52056603773565
44.5,28.0,438.3075471698112
44.5,28.1,434.7175471698113
44.5,28.2,435.35452830188683
44.5,28.3,431.6792452830189
44.5,28.4,418.50037735849065
44.5,28.5,413.4647169811318
44.5,28.6,408.0124528301887
44.5,28.7,394.9698113207547
44.5,28.8,379.35754716981114
44.5,28.9,374.2047169811319
44.4,22.1,694.5937735849054
44.4,22.2,668.9354716981131
44.4,22.4,607.4218867924528
44.4,22.5,576.3490566037732
44.4,22.6,576.1252830188679
44.4,22.7,581.0869811320754
44.4,22.8,586.0596226415092
44.4,22.9,610.854716981132
44.4,23.0,618.8028301886792
44.4,23.1,628.9441509433958
44.4,23.2,621.0164150943397
44.4,23.3,608.5632075471698
44.4,23.4,600.1860377358488
44.4,23.5,581.8264150943396
44.4,23.6,579.2479245283016
44.4,23.7,582.5939622641507
44.4,23.8,585.4683018867925
44.4,23.9,595.6611320754718
44.4,24.0,592.607358490566
44.4,24.1,582.7879245283015
44.4,24.2,578.3592452830188
44.4,24.3,568.157358490566
44.4,24.4,573.662830188679
44.4,24.5,580.4686792452828
44.4,24.6,576.8309433962264
44.4,24.7,569.9647169811319
44.4,24.8,564.6916981132075
44.4,24.9,566.7494339622639
44.4,25.0,561.3464150943395
44.4,25.1,556.2884905660378
44.4,25.2,558.0918867924528
44.4,25.3,556.5967924528301
44.4,25.4,555.8035849056604
44.4,25.5,556.6996226415092
44.4,25.6,563.0832075471695
44.4,25.7,567.9056603773585
44.4,25.8,572.949433962264
44.4,25.9,580.7356603773584
44.4,26.0,585.6522641509436
44.4,26.1,586.4437735849056
44.4,26.2,583.6315094339622
44.4,26.3,568.8147169811318
44.4,26.4,567.3205660377357
44.4,26.5,559.7301886792454
44.4,26.6,552.854150943396
44.4,26.7,542.2090566037734
44.4,26.8,532.1918867924527
44.4,26.9,523.4905660377357
44.4,27.0,516.0379245283019
44.4,27.1,510.83981132075473
44.4,27.2,506.4979245283018
44.4,27.3,503.1009433962264
44.4,27.4,498.04716981132077
44.4,27.5,494.15679245282996
44.4,27.6,487.4056603773584
44.4,27.7,480.87056603773584
44.4,27.8,472.5201886792452
44.4,27.9,460.52113207547166
44.4,28.0,446.0592452830188
44.4,28.1,442.3466037735849
44.4,28.2,440.68962264150935
44.4,28.3,438.10622641509417
44.4,28.4,425.9683018867924
44.4,28.5,412.27603773584894
44.4,28.6,408.10018867924526
44.4,28.7,392.39396226415096
44.4,28.8,386.1367924528301
44.3,22.5,579.4571698113206
44.3,22.6,569.3758490566033
44.3,22.7,572.6830188679244
44.3,22.8,573.6158490566037
44.3,22.9,582.4594339622639
44.3,23.0,588.9256603773582
44.3,23.1,601.28679245283
44.3,23.2,607.1784905660378
44.3,23.3,599.3596226415094
44.3,23.4,585.5452830188676
44.3,23.5,583.2118867924526
44.3,23.6,571.4483018867921
44.3,23.7,566.7632075471697
44.3,23.8,569.6152830188679
44.3,23.9,583.7166037735847
44.3,24.0,582.3858490566035
44.3,24.1,575.674150943396
44.3,24.2,563.3318867924528
44.3,24.3,556.2226415094337
44.3,24.4,556.3999999999999
44.3,24.5,563.976037735849
44.3,24.6,564.4898113207546
44.3,24.7,554.3949056603773
44.3,24.8,549.9420754716981
44.3,24.9,548.312830188679
44.3,25.0,545.55320754717
44.3,25.1,544.7615094339621
44.3,25.2,545.4905660377359
44.3,25.3,544.6350943396225
44.3,25.4,546.4526415094338
44.3,25.5,547.6707547169808
44.3,25.6,553.1152830188679
44.3,25.7,562.3069811320753
44.3,25.8,569.1905660377357
44.3,25.9,576.0137735849055
44.3,26.0,581.743396226415
44.3,26.1,585.2864150943393
44.3,26.2,583.9177358490566
44.3,26.3,570.9852830188676
44.3,26.4,565.204716981132
44.3,26.5,559.6662264150943
44.3,26.6,551.1828301886792
44.3,26.7,544.5022641509433
44.3,26.8,541.2092452830186
44.3,26.9,533.7049056603771
44.3,27.0,527.2330188679244
44.3,27.1,521.5483018867922
44.3,27.2,513.6718867924528
44.3,27.3,508.8254716981131
44.3,27.4,502.3637735849055
44.3,27.5,497.72773584905644
44.3,27.6,493.38584905660366
44.3,27.7,484.95226415094334
44.3,27.8,474.9350943396227
44.3,27.9,460.9413207547167
44.3,28.0,449.3613207547168
44.3,28.1,446.67547169811303
44.3,28.2,439.97509433962273
44.3,28.3,433.5324528301887
44.3,28.4,426.4279245283019
44.3,28.5,416.4752830188679
44.3,28.6,405.7669811320756
44.3,28.7,397.39566037735847
44.2,22.6,558.8913207547167
44.2,22.7,549.9471698113206
44.2,22.8,552.7822641509432
44.2,22.9,552.0332075471698
44.2,23.0,558.8298113207544
44.2,23.1,573.1994339622643
44.2,23.2,577.0075471698111
44.2,23.3,578.2790566037734
44.2,23.4,578.2381132075469
44.2,23.5,576.6813207547167
44.2,23.6,571.604716981132
44.2,23.7,567.4383018867925
44.2,23.8,557.6832075471699
44.2,23.9,567.3696226415092
44.2,24.0,571.9422641509432
44.2,24.1,570.4198113207543
44.2,24.2,558.9611320754715
44.2,24.3,549.6684905660376
44.2,24.4,542.9486792452827
44.2,24.5,546.9832075471699
44.2,24.6,553.2215094339621
44.2,24.7,550.7145283018864
44.2,24.8,542.7783018867924
44.2,24.9,538.3886792452829
44.2,25.0,535.9992452830188
44.2,25.1,536.0733962264152
44.2,25.2,537.4718867924527
44.2,25.3,538.4605660377357
44.2,25.4,539.60679245283
44.2,25.5,543.9705660377356
44.2,25.6,550.890754716981
44.2,25.7,558.8533962264149
44.2,25.8,564.6560377358489
44.2,25.9,572.2816981132075
44.2,26.0,576.1218867924526
44.2,26.1,579.4194339622642
44.2,26.2,581.1030188679244
44.2,26.3,571.1688679245283
44.2,26.4,560.7816981132074
44.2,26.5,558.6779245283017
44.2,26.6,551.7341509433962
44.2,26.7,545.1509433962262
44.2,26.8,537.513962264151
44.2,26.9,530.8118867924527
44.2,27.0,521.1881132075471
44.2,27.1,514.7873584905659
44.2,27.2,508.2164150943394
44.2,27.3,505.2649056603771
44.2,27.4,505.4392452830187
44.2,27.5,500.3152830188678
44.2,27.6,497.274716981132
44.2,27.7,488.45716981132057
44.2,27.8,474.2043396226415
44.2,27.9,471.7184905660375
44.2,28.0,464.40113207547165
44.2,28.1,457.81924528301874
44.2,28.2,446.326037735849
44.2,28.3,439.01132075471696
44.2,28.4,431.4741509433961
44.2,28.5,425.0950943396228
44.2,28.6,414.10358490566034
44.2,28.7,406.38490566037734
44.1,22.8,574.0366037735846
44.1,22.9,557.45
44.1,23.0,550.1330188679243
44.1,23.1,550.2796226415093
44.1,23.2,552.0041509433961
44.1,23.3,554.5077358490566
44.1,23.4,554.8854716981131
44.1,23.5,553.28
44.1,23.6,553.651509433962
44.1,23.7,557.5664150943395
44.1,23.8,558.5116981132076
44.1,23.9,552.1928301886792
44.1,24.0,560.7426415094337
44.1,24.1,564.3709433962264
44.1,24.2,559.1284905660376
44.1,24.3,553.6267924528298
44.1,24.4,541.5864150943396
44.1,24.5,535.8696226415094
44.1,24.6,535.4856603773584
44.1,24.7,539.8292452830186
44.1,24.8,536.6918867924528
44.1,24.9,532.9552830188677
44.1,25.0,532.2675471698113
44.1,25.1,530.0416981132074
44.1,25.2,531.4390566037733
44.1,25.3,534.2247169811317
44.1,25.4,539.5564150943395
44.1,25.5,543.3996226415095
44.1,25.6,551.2079245283018
44.1,25.7,558.0271698113206
44.1,25.8,565.7313207547166
44.1,25.9,572.5518867924526
44.1,26.0,578.9718867924527
44.1,26.1,583.391509433962
44.1,26.2,576.7513207547169
44.1,26.3,561.5332075471697
44.1,26.4,550.8839622641508
44.1,26.5,551.1809433962263
44.1,26.6,543.9715094339624
44.1,26.7,543.3918867924526
44.1,26.8,537.7826415094341
44.1,26.9,536.4237735849057
44.1,27.0,530.0196226415092
44.1,27.1,518.8994339622641
44.1,27.2,519.0066037735846
44.1,27.3,513.6628301886793
44.1,27.4,508.48849056603757
44.1,27.5,501.1277358490566
44.1,27.6,499.37
44.1,27.7,492.24716981132065
44.1,27.8,486.02169811320744
44.1,27.9,477.822641509434
44.1,28.0,473.1371698113207
44.1,28.1,463.62094339622627
44.1,28.2,457.66603773584905
44.1,28.3,452.62188679245276
44.1,28.4,438.6213207547169
44.1,28.5,428.12754716981124
44.1,28.6,414.9541509433962
44.1,28.7,405.0345283018868
44.1,28.8,400.8558490566038
44.0,22.8,553.2269811320754
44.0,22.9,540.313396226415
44.0,23.0,541.5601886792452
44.0,23.1,543.723396226415
44.0,23.2,542.9239622641509
44.0,23.3,545.2950943396226
44.0,23.4,544.7716981132073
44.0,23.5,542.3049056603772
44.0,23.6,540.8513207547169
44.0,23.7,547.4018867924528
44.0,23.8,553.0286792452828
44.0,23.9,541.9235849056603
44.0,24.0,548.4737735849054
44.0,24.1,556.3407547169812
44.0,24.2,551.23679245283
44.0,24.3,546.5777358490564
44.0,24.4,537.2809433962263
44.0,24.5,528.2984905660377
44.0,24.6,528.0933962264149
44.0,24.7,533.4960377358487
44.0,24.8,533.9043396226414
44.0,24.9,530.8637735849055
44.0,25.0,528.959433962264
44.0,25.1,529.585471698113
44.0,25.2,532.1779245283019
44.0,25.3,532.9864150943395
44.0,25.4,539.2979245283017
44.0,25.5,545.1037735849055
44.0,25.6,552.3611320754715
44.0,25.7,559.5777358490565
44.0,25.8,566.6703773584904
44.0,25.9,570.6977358490562
44.0,26.0,577.4247169811321
44.0,26.1,575.7464150943395
44.0,26.2,561.1896226415095
44.0,26.3,553.2645283018867
44.0,26.4,557.1347169811322
44.0,26.5,556.34679245283
44.0,26.6,555.1788679245284
44.0,26.7,569.8524528301884
44.0,26.8,564.2469811320755
44.0,27.3,514.0337735849057
44.0,27.4,505.3107547169811
44.0,27.5,500.09999999999997
44.0,27.6,504.3090566037737
44.0,27.7,494.5143396226413
44.0,27.8,492.2362264150942
44.0,27.9,485.35716981132055
44.0,28.0,468.54999999999984
44.0,28.1,460.6283018867924
44.0,28.2,456.2952830188678
44.0,28.3,445.711320754717
44.0,28.4,437.3635849056601
44.0,28.5,426.1222641509432
44.0,28.6,420.46698113207555
44.0,28.7,410.2401886792452
43.9,22.8,537.5905660377356
43.9,22.9,529.9043396226415
43.9,23.0,529.2922641509432
43.9,23.1,532.8120754716981
43.9,23.2,530.665471698113
43.9,23.3,523.6039622641507
43.9,23.4,523.6390566037735
43.9,23.5,521.815471698113
43.9,23.6,523.7705660377358
43.9,23.7,529.0628301886792
43.9,23.8,537.9016981132073
43.9,23.9,535.2213207547169
43.9,24.0,543.6407547169808
43.9,24.1,552.8869811320752
43.9,24.2,547.6635849056604
43.9,24.3,544.1664150943394
43.9,24.4,533.966603773585
43.9,24.5,524.1737735849055
43.9,24.6,521.773396226415
43.9,24.7,531.4456603773585
43.9,24.8,534.6175471698114
43.9,24.9,533.542830188679
43.9,25.0,530.7339622641507
43.9,25.1,530.0735849056605
43.9,25.2,530.1541509433962
43.9,25.3,534.8864150943396
43.9,25.4,540.0947169811319
43.9,25.5,543.597547169811
43.9,25.6,552.8384905660375
43.9,25.7,558.5450943396226
43.9,25.8,566.8620754716978
43.9,25.9,573.1458490566035
43.9,26.0,571.0764150943395
43.9,26.1,570.1443396226415
43.9,26.2,560.8001886792453
43.9,27.7,499.62566037735854
43.9,27.8,496.2820754716981
43.9,27.9,486.39698113207567
43.9,28.0,476.77698113207543
43.9,28.1,465.0049056603771
43.9,28.2,457.49452830188676
43.9,28.3,450.60584905660386
43.9,28.4,441.2481132075472
43.9,28.5,430.0898113207546
43.9,28.6,418.80886792452816
43.9,28.7,412.6628301886792
43.8,22.8,548.1818867924526
43.8,22.9,543.2649056603773
43.8,23.0,535.1122641509432
43.8,23.1,534.4243396226417
43.8,23.2,539.0911320754715
43.8,23.3,543.6771698113207
43.8,23.4,547.7707547169811
43.8,23.5,532.090754716981
43.8,23.6,529.8437735849056
43.8,23.7,528.4398113207543
43.8,23.8,526.14679245283
43.8,23.9,516.5816981132074
43.8,24.0,522.7550943396226
43.8,24.1,524.2469811320755
43.8,24.2,526.1543396226416
43.8,24.3,523.3437735849055
43.8,24.4,517.0384905660376
43.8,24.5,516.128113207547
43.8,24.6,514.7547169811321
43.8,24.7,515.4596226415093
43.8,24.8,521.169433962264
43.8,24.9,523.5211320754715
43.8,25.0,524.0713207547169
43.8,25.1,530.9679245283018
43.8,25.2,539.5101886792452
43.8,25.3,542.3147169811318
43.8,25.4,542.7352830188678
43.8,25.5,550.6232075471696
43.8,25.6,556.3922641509433
43.8,25.7,564.5167924528303
43.8,25.8,564.2567924528303
43.8,25.9,568.5873584905659
43.8,26.0,562.1083018867923
43.8,28.0,482.99415094339605
43.8,28.1,464.118679245283
43.8,28.2,458.8132075471697
43.8,28.3,448.8058490566039
43.8,28.4,438.0330188679244
43.8,28.5,430.16471698113185
43.8,28.6,421.46433962264143
43.8,28.7,416.35905660377347
43.7,23.6,546.6066037735845
43.7,23.8,531.8935849056604
43.7,23.9,541.1492452830189
43.7,24.0,547.8116981132074
43.7,24.1,531.4792452830186
43.7,24.2,527.8026415094339
43.7,24.3,530.4850943396226
43.7,24.4,539.8754716981131
43.7,24.5,517.0169811320754
43.7,24.6,515.7118867924528
43.7,24.7,511.13433962264133
43.7,24.8,525.3856603773585
43.7,24.9,529.6454716981132
43.7,25.0,532.2028301886791
43.7,25.1,522.1458490566037
43.7,25.2,522.9343396226413
43.7,25.3,527.8118867924527
43.7,25.4,532.0081132075471
43.7,25.5,540.298113207547
43.7,25.6,551.5243396226414
43.7,25.7,559.0881132075472
43.7,25.8,560.7356603773583
43.7,25.9,558.0767924528302
43.7,28.1,471.66075471698116
43.7,28.2,461.0898113207547
43.7,28.3,445.9883018867925
43.7,28.4,437.1239622641508
43.7,28.5,431.44641509433956
43.7,28.6,422.7601886792452
43.6,24.2,538.3379245283018
43.6,24.3,536.9075471698113
43.6,24.7,521.1590566037733
43.6,24.8,528.1230188679247
43.6,25.1,544.2905660377357
43.6,25.2,545.4024528301886
43.6,25.3,540.3779245283017
43.6,25.4,556.461320754717
43.6,25.5,551.5109433962264
43.6,25.6,565.079433962264
43.6,25.7,567.9160377358489
