Latitude,Longitude,tmax
48.3,26.5,13.9997163963219
48.3,26.6,14.521794606880908
48.3,26.7,14.183150635396116
48.3,26.8,14.386578675482973
48.3,26.9,13.69639167269347
48.2,23.2,14.502454282467117
48.2,26.3,14.477008471949611
48.2,26.4,14.534720012397996
48.2,26.5,14.580352825705178
48.2,26.6,13.58682818472987
48.2,26.7,13.638285463374322
48.2,26.8,14.179769087715636
48.2,26.9,14.824971071391552
48.2,27.0,14.265157041016609
48.2,27.1,14.355217481144743
48.1,22.9,15.55522109722088
48.1,23.0,15.512202190308866
48.1,23.1,15.489895133794866
48.1,23.2,15.239016427316852
48.1,23.3,14.845406550263572
48.1,23.4,15.261239280917472
48.1,23.5,14.964004545924281
48.1,23.6,14.742372145882852
48.1,26.2,14.156996073974561
48.1,26.3,13.684088232255375
48.1,26.4,13.620323380514433
48.1,26.5,13.993236904639016
48.1,26.6,14.666691290422548
48.1,26.7,14.077144849674486
48.1,26.8,14.51796776526493
48.1,26.9,13.684350656059557
48.1,27.0,14.559671453662595
48.1,27.1,14.217085959293302
48.0,22.8,15.585675173055035
48.0,22.9,15.56124444674043
48.0,23.0,15.529220993904321
48.0,23.1,15.521883975617289
48.0,23.2,14.483650170472139
48.0,23.3,15.199265936563759
48.0,23.4,12.235565657609287
48.0,23.5,14.492074077900622
48.0,23.6,15.050303750387462
48.0,23.7,14.921023349519604
48.0,23.8,14.567525570823314
48.0,23.9,14.665963425973716
48.0,24.0,12.010074904432438
48.0,24.1,12.82083324723633
48.0,24.2,13.943514825911695
48.0,24.3,8.064007128835664
48.0,24.4,12.228221407170182
48.0,24.5,7.6056875710300424
48.0,24.6,9.7448398594896
48.0,24.7,8.979297964665772
48.0,25.3,10.043169232358679
48.0,25.4,9.688916726934574
48.0,25.5,11.45834900299618
48.0,25.6,13.002912490959876
48.0,25.7,12.893959603264825
48.0,25.8,13.252553466267122
48.0,25.9,12.944292798842822
48.0,26.0,13.640812583944738
48.0,26.1,13.200509350139479
48.0,26.2,13.586188139270664
48.0,26.3,13.983010641595218
48.0,26.4,14.042045665874596
48.0,26.5,14.102147949168264
48.0,26.6,13.943465750594017
48.0,26.7,14.304887901642767
48.0,26.8,14.59692995144117
48.0,26.9,14.552343733856762
48.0,27.0,14.397224919929785
48.0,27.1,14.946017667114411
48.0,27.2,14.428726108069084
47.9,22.5,15.64039156937697
47.9,22.7,15.614751007335462
47.9,22.8,15.582017770430763
47.9,22.9,15.53414763921899
47.9,23.0,15.55179822295697
47.9,23.1,15.521067259014274
47.9,23.2,15.5149653889865
47.9,23.3,15.253129972104443
47.9,23.4,15.296801839032957
47.9,23.5,12.858190412232652
47.9,23.6,11.056192788511142
47.9,23.7,11.110167889244808
47.9,23.8,12.95486672176886
47.9,23.9,13.331523917760098
47.9,24.0,14.42782570513479
47.9,24.1,11.189161586940807
47.9,24.2,10.248205393119143
47.9,24.3,7.47229620828598
47.9,24.4,11.85477477012087
47.9,24.5,10.665649860522771
47.9,24.6,10.61913937390223
47.9,24.7,6.741373592313277
47.9,24.8,7.60259117677452
47.9,25.2,10.561319867754865
47.9,25.3,9.735138960636537
47.9,25.4,9.61986982126256
47.9,25.5,12.894010228329334
47.9,25.6,13.022501291455741
47.9,25.7,13.154955573922935
47.9,25.8,13.329835210248978
47.9,25.9,13.446505320797588
47.9,26.0,13.257830354375415
47.9,26.1,13.404717429486507
47.9,26.2,13.738376898439867
47.9,26.3,13.257332885628713
47.9,26.4,14.257981196404602
47.9,26.5,14.473477631986746
47.9,26.6,14.559967455315684
47.9,26.7,14.706315735096657
47.9,26.8,14.756657712573487
47.9,26.9,14.540670007232126
47.9,27.0,14.870118813927085
47.9,27.1,14.145898853187319
47.9,27.2,14.99353187312743
47.9,27.3,14.423427006922186
47.8,22.2,15.47299101146817
47.8,22.3,15.49818782932132
47.8,22.4,15.683978716809484
47.8,22.5,15.664114061370066
47.8,22.6,15.629999999999974
47.8,22.7,15.602178427523512
47.8,22.8,15.563139270585928
47.8,22.9,15.572111271825518
47.8,23.0,15.571564727761167
47.8,23.1,15.510278954437501
47.8,23.2,15.48650997003823
47.8,23.3,15.397191342080857
47.8,23.4,13.791771877260077
47.8,23.5,11.254965388986495
47.8,23.6,9.960877156731078
47.8,23.7,9.644954540758329
47.8,23.8,10.398674966422154
47.8,23.9,14.334412129352211
47.8,24.0,13.534396631883414
47.8,24.1,11.846190722182062
47.8,24.2,13.376763095361056
47.8,24.3,14.055402934187343
47.8,24.4,10.622776113234815
47.8,24.5,9.698894513896127
47.8,24.6,7.602888211592096
47.8,24.7,8.248450253125325
47.8,24.8,8.293692530220069
47.8,24.9,7.070790370906127
47.8,25.0,7.696072941419548
47.8,25.1,9.78934342390741
47.8,25.2,10.908426490339908
47.8,25.3,11.630411716086341
47.8,25.4,10.461681991941289
47.8,25.5,10.531979543341189
47.8,25.6,12.069198264283411
47.8,25.7,11.677786961463012
47.8,25.8,13.359814546957352
47.8,25.9,13.33673055067672
47.8,26.0,13.702867548300473
47.8,26.1,13.044645107965769
47.8,26.2,12.665630746977973
47.8,26.3,13.638857836553342
47.8,26.4,13.400238144436395
47.8,26.5,14.479431242896958
47.8,26.6,14.488878499845008
47.8,26.7,14.716755346626691
47.8,26.8,14.30932792643865
47.8,26.9,14.390948961669594
47.8,27.0,15.093387746667975
47.8,27.1,14.76399473086057
47.8,27.2,15.186140613699735
47.8,27.3,14.166991424733938
47.7,22.2,15.511398388263194
47.7,22.3,15.565916933567545
47.7,22.4,15.566677859282956
47.7,22.5,15.66487498708541
47.7,22.6,15.654518545304281
47.7,22.7,15.648178014257647
47.7,22.8,15.61925250542409
47.7,22.9,15.593219857423305
47.7,23.0,15.596781175741135
47.7,23.1,15.493855253641941
47.7,23.2,15.467773013741178
47.7,23.3,15.430713400144622
47.7,23.4,15.110796569893619
47.7,23.5,13.718933257567956
47.7,23.6,12.274220993904262
47.7,23.7,12.687150532079759
47.7,23.8,10.400319247856144
47.7,23.9,11.497754416778589
47.7,24.0,10.32959035024281
47.7,24.1,12.90746977993591
47.7,24.2,13.081347246616406
47.7,24.3,12.64298481248063
47.7,24.4,13.68261080690158
47.7,24.5,11.879822812273979
47.7,24.6,9.870068705444748
47.7,24.7,8.919318111375146
47.7,24.8,8.086975410682928
47.7,24.9,5.89202138650688
47.7,25.0,7.647262630437033
47.7,25.1,9.353086579192071
47.7,25.2,10.309989151771852
47.7,25.3,9.753593863002333
47.7,25.4,11.466913937390165
47.7,25.5,12.236609670420439
47.7,25.6,12.200600785205113
47.7,25.7,10.974703998346973
47.7,25.8,12.085202500258259
47.7,25.9,13.189871887591714
47.7,26.0,13.374171402004327
47.7,26.1,13.791775493336146
47.7,26.2,13.379309846058476
47.7,26.3,13.032019836759943
47.7,26.4,13.726196404587245
47.7,26.5,13.74509091848328
47.7,26.6,14.525552226469653
47.7,26.7,14.930709784068547
47.7,26.8,14.256683541688192
47.7,26.9,14.279187416055372
47.7,27.0,14.406591073457998
47.7,27.1,14.285095051141589
47.7,27.2,15.21353600578566
47.7,27.3,15.308416158694165
47.7,27.4,14.361407686744588
47.6,22.0,15.598873334022194
47.6,22.1,15.598943072631444
47.6,22.2,15.605210765575006
47.6,22.3,15.640853393945717
47.6,22.4,15.585522781279073
47.6,22.5,15.706553362950716
47.6,22.6,15.663064882735837
47.6,22.7,15.63966577125736
47.6,22.8,15.56481712986882
47.6,22.9,15.48562971381339
47.6,23.0,15.287937803492014
47.6,23.1,14.090602851534202
47.6,23.2,15.136045045975813
47.6,23.3,14.638837689843989
47.6,23.4,15.378389812997174
47.6,23.5,15.248140303750294
47.6,23.6,14.555871474325842
47.6,23.7,14.860326996590501
47.6,23.8,12.505265006715517
47.6,23.9,11.538519991734715
47.6,24.0,11.298824775286791
47.6,24.1,10.466945448909996
47.6,24.2,10.474558322140762
47.6,24.3,12.515600268622768
47.6,24.4,10.65605072838098
47.6,24.5,9.941149395598728
47.6,24.6,7.3133159417295435
47.6,24.7,9.020348176464532
47.6,24.8,8.29144384750494
47.6,24.9,9.627264180183902
47.6,25.0,8.500227812790573
47.6,25.1,10.567571546647418
47.6,25.2,8.659332575679356
47.6,25.3,9.995404483934319
47.6,25.4,11.389868788097912
47.6,25.5,8.609202913524122
47.6,25.6,11.208013741088921
47.6,25.7,10.9277461514619
47.6,25.8,10.598322140716995
47.6,25.9,13.195956710403967
47.6,26.0,13.650994937493582
47.6,26.1,13.524467920239719
47.6,26.2,13.365485587354057
47.6,26.3,13.759057237317876
47.6,26.4,13.960138960636431
47.6,26.5,13.816997623721429
47.6,26.6,13.773769500981446
47.6,26.7,14.671467093707976
47.6,26.8,13.897495609050427
47.6,26.9,14.731333815476825
47.6,27.0,14.867197024485963
47.6,27.1,15.33522781279064
47.6,27.2,14.646880359541253
47.6,27.3,14.598973550986774
47.6,27.4,15.334946792024045
47.6,27.5,14.173272032234763
47.5,22.0,15.75401642731686
47.5,22.1,15.741071908254987
47.5,22.2,15.761015084202898
47.5,22.3,15.733293728691027
47.5,22.4,15.792528670317273
47.5,22.5,15.722091641698418
47.5,22.6,15.647284326893317
47.5,22.7,15.49350811034199
47.5,22.8,15.588301994007617
47.5,22.9,15.306741398904828
47.5,23.0,15.08593656369459
47.5,23.1,14.699327409856442
47.5,23.2,15.167405207149557
47.5,23.3,15.38717377828287
47.5,23.4,15.158259634259869
47.5,23.5,14.32778437855157
47.5,23.6,14.978215724764873
47.5,23.7,14.832642835003613
47.5,23.8,12.670333712160318
47.5,23.9,14.334160553776162
47.5,24.0,13.986612253331918
47.5,24.1,13.083284946791974
47.5,24.2,9.48858921376176
47.5,24.3,7.744307263147061
47.5,24.4,10.795025829114614
47.5,24.5,12.371231532183055
47.5,24.6,7.59789596032647
47.5,24.7,12.286861762578813
47.5,24.8,7.613973550986672
47.5,24.9,5.32101973344354
47.5,25.0,11.230172538485371
47.5,25.1,6.389074801115814
47.5,25.2,10.845865275338324
47.5,25.3,8.565157041016597
47.5,25.4,12.135155491269831
47.5,25.5,11.971057960533072
47.5,25.6,12.527031718152701
47.5,25.7,10.658844405413815
47.5,25.8,13.577331335881802
47.5,25.9,10.990120880256251
47.5,26.0,13.663376898439944
47.5,26.1,13.53803130488689
47.5,26.2,13.862464614113035
47.5,26.3,13.350189585700928
47.5,26.4,13.465255191651943
47.5,26.5,13.989950924682198
47.5,26.6,14.02435013947732
47.5,26.7,12.052096807521417
47.5,26.8,13.720677239384273
47.5,26.9,14.58929641491888
47.5,27.0,15.26762372145887
47.5,27.1,15.273666701105595
47.5,27.2,14.821228432689407
47.5,27.3,15.456010434962414
47.5,27.4,15.270874573819635
47.5,27.5,15.452063746254595
47.5,27.6,14.634585701002234
47.4,21.9,15.903513792747127
47.4,22.0,15.774119227192905
47.4,22.1,15.931148362434135
47.4,22.2,15.69582601508416
47.4,22.3,15.426561628267459
47.4,22.4,15.357090091951545
47.4,22.5,15.54230705651413
47.4,22.6,15.50909443124288
47.4,22.7,14.711643764851756
47.4,22.8,14.983902262630362
47.4,22.9,15.314129558838735
47.4,23.0,14.922668664118117
47.4,23.1,15.325765574956101
47.4,23.2,14.361206736233154
47.4,23.3,15.339734993284498
47.4,23.4,14.171798222956998
47.4,23.5,14.526088438888285
47.4,23.6,14.532126252712086
47.4,23.7,14.205831180907124
47.4,23.8,12.979279884285532
47.4,23.9,13.189463787581353
47.4,24.0,12.556030581671584
47.4,24.1,13.870251575575994
47.4,24.2,13.879016943899154
47.4,24.3,11.766520301684041
47.4,24.4,13.711380307883081
47.4,24.5,10.213470916416975
47.4,24.6,7.705902469263332
47.4,24.7,10.948958570100194
47.4,24.8,12.561254261803882
47.4,24.9,11.550464407480149
47.4,25.0,9.565892654199812
47.4,25.1,8.583028721975412
47.4,25.2,10.997422770947406
47.4,25.3,11.81928505010852
47.4,25.4,9.053550470089803
47.4,25.5,12.445292902159254
47.4,25.6,9.15765058373798
47.4,25.7,10.294594999483376
47.4,25.8,11.040671556979028
47.4,25.9,13.424300547577207
47.4,26.0,12.27384078933767
47.4,26.1,12.638684264903484
47.4,26.2,13.813860936047021
47.4,26.3,13.701447980163191
47.4,26.4,13.562203740055812
47.4,26.5,13.68778541171603
47.4,26.6,13.752114887901637
47.4,26.7,13.471854013844426
47.4,26.8,13.118783448703368
47.4,26.9,14.214819712780285
47.4,27.0,14.979294348589715
47.4,27.1,15.170767641285256
47.4,27.2,14.80204256638084
47.4,27.3,15.485363673933167
47.4,27.4,14.883166132864961
47.4,27.5,15.551088438888305
47.4,27.6,14.898009608430641
47.4,27.7,15.541585391052777
47.3,21.8,16.06499431759483
47.3,21.9,16.030445810517598
47.3,22.0,16.042064262837073
47.3,22.1,15.816090505217545
47.3,22.2,15.818995764025246
47.3,22.3,15.835442194441558
47.3,22.4,15.781049178634165
47.3,22.5,15.73490804835209
47.3,22.6,15.611035230912286
47.3,22.7,15.334196714536592
47.3,22.8,15.34681991941322
47.3,22.9,15.48615869407994
47.3,23.0,14.800469056720678
47.3,23.1,14.67114732926967
47.3,23.2,14.921457795226814
47.3,23.3,15.198099493749314
47.3,23.4,15.153219857423338
47.3,23.5,14.65492664531459
47.3,23.6,14.806050211798777
47.3,23.7,14.354317594792905
47.3,23.8,13.51205703068492
47.3,23.9,13.613749870854413
47.3,24.0,12.454413162516781
47.3,24.1,13.184971587973985
47.3,24.2,14.133860936047137
47.3,24.3,13.202108688914151
47.3,24.4,13.335300650893622
47.3,24.5,11.99867858249814
47.3,24.6,12.40886093604711
47.3,24.7,11.077660915383765
47.3,24.8,12.892914557288952
47.3,24.9,10.750572373178963
47.3,25.0,9.397870647794246
47.3,25.1,10.67059097014151
47.3,25.2,11.012860832730656
47.3,25.3,9.569060336811672
47.3,25.4,11.10255294968488
47.3,25.5,9.240553776216592
47.3,25.6,10.755699969005029
47.3,25.7,9.319799049488577
47.3,25.8,9.734534042772937
47.3,25.9,11.612332369046367
47.3,26.0,12.37114939559873
47.3,26.1,13.271195371422685
47.3,26.2,11.242336501704724
47.3,26.3,13.725035127595856
47.3,26.4,13.94314391982644
47.3,26.5,13.803613493129463
47.3,26.6,13.450293418741696
47.3,26.7,14.35757051348274
47.3,26.8,13.526321417501887
47.3,26.9,13.875875090401884
47.3,27.0,14.829332575679244
47.3,27.1,15.307644384750377
47.3,27.2,14.689730344043763
47.3,27.3,14.670651410269706
47.3,27.4,15.446812687261016
47.3,27.5,15.629729310879219
47.3,27.6,15.65148982332875
47.3,27.7,15.572330819299586
47.3,27.8,15.34219805765062
47.2,21.8,16.12309949374938
47.2,21.9,16.0711953714227
47.2,22.0,16.04654716396329
47.2,22.1,15.811861762578687
47.2,22.2,15.938364500464996
47.2,22.3,15.655916933567546
47.2,22.4,15.358849571236659
47.2,22.5,13.647775596652599
47.2,22.6,15.45782518855236
47.2,22.7,15.461918586630784
47.2,22.8,15.39121861762575
47.2,22.9,15.20354943692526
47.2,23.0,14.493976133898101
47.2,23.1,14.795817233185286
47.2,23.2,15.18902779212719
47.2,23.3,14.413357268312886
47.2,23.4,13.943887281744018
47.2,23.5,13.308570100216906
47.2,23.6,14.718171815270251
47.2,23.7,14.884827978096991
47.2,23.8,15.08914918896579
47.2,23.9,13.5019387333402
47.2,24.0,14.966397871680988
47.2,24.1,15.011837999793423
47.2,24.2,14.892469779935983
47.2,24.3,14.508476082239973
47.2,24.4,14.76828649653886
47.2,24.5,13.826137514205989
47.2,24.6,13.786391156111163
47.2,24.7,13.573687880979508
47.2,24.8,12.153370699452374
47.2,24.9,6.2654111995041
47.2,25.0,9.168551503254486
47.2,25.1,9.595380721148901
47.2,25.2,7.234269036057408
47.2,25.3,9.026810620931956
47.2,25.4,8.406987808657973
47.2,25.5,6.758869717946094
47.2,25.6,11.618405310465905
47.2,25.7,10.167380411199549
47.2,25.8,11.793444054137744
47.2,25.9,12.657894410579596
47.2,26.0,12.802484244240034
47.2,26.1,10.891181940283056
47.2,26.2,13.564114577952157
47.2,26.3,13.55810465957217
47.2,26.4,13.967447050315048
47.2,26.5,13.985772290525947
47.2,26.6,14.205860109515429
47.2,26.7,14.114757722905233
47.2,26.8,14.50372559148673
47.2,26.9,14.047888728174406
47.2,27.0,15.28301425767119
47.2,27.1,15.131623618142354
47.2,27.2,15.034118710610583
47.2,27.3,15.004506663911522
47.2,27.4,15.09362537452214
47.2,27.5,14.826060543444516
47.2,27.6,14.94936512036362
47.2,27.7,14.829823328856241
47.2,27.8,15.732737886145213
47.2,27.9,14.756375658642408
47.1,21.6,16.240193201776997
47.1,21.7,16.199494782518872
47.1,21.8,16.158509143506514
47.1,21.9,15.992874263870277
47.1,22.0,15.876966628783924
47.1,22.1,15.750837379894627
47.1,22.2,15.048442504390986
47.1,22.3,15.669915280504295
47.1,22.4,14.966241863828936
47.1,22.5,12.5476934600683
47.1,22.6,14.250907635086284
47.1,22.7,15.259536625684516
47.1,22.8,14.630401901022788
47.1,22.9,14.935076970761477
47.1,23.0,12.90282415538798
47.1,23.1,14.870769191032212
47.1,23.2,15.05445242277106
47.1,23.3,15.179960739745788
47.1,23.4,13.542668664118235
47.1,23.5,13.739073251368945
47.1,23.6,14.47899059820233
47.1,23.7,13.125761958880124
47.1,23.8,14.304539208595921
47.1,23.9,15.050111065192667
47.1,24.0,14.059523194544838
47.1,24.1,13.756477941936176
47.1,24.2,14.796750180803745
47.1,24.3,14.851656162826686
47.1,24.4,14.111585391052818
47.1,24.5,13.621124599648745
47.1,24.6,14.271686641181935
47.1,24.7,11.446311602438207
47.1,24.8,7.816087922306036
47.1,24.9,6.445575472672808
47.1,25.0,8.801236181423649
47.1,25.1,8.568833557185709
47.1,25.2,7.599572269862595
47.1,25.3,6.1429801632400105
47.1,25.4,8.119572786444948
47.1,25.5,9.73968230189068
47.1,25.6,9.028920343010654
47.1,25.7,5.116359644591403
47.1,25.8,12.760021696456267
47.1,25.9,10.35683541688195
47.1,26.0,13.649039673519962
47.1,26.1,10.671894823845365
47.1,26.2,12.076654613079796
47.1,26.3,13.57989151771876
47.1,26.4,13.517818989565013
47.1,26.5,13.947966732100374
47.1,26.6,14.119239590866707
47.1,26.7,14.346256328133087
47.1,26.8,14.39093449736535
47.1,26.9,14.381377208389319
47.1,27.0,14.210425147225891
47.1,27.1,14.568634156421078
47.1,27.2,14.991130282053991
47.1,27.3,14.858332988945117
47.1,27.4,15.297315838413098
47.1,27.5,15.537689327409863
47.1,27.6,14.896498605227773
47.1,27.7,15.247002272962018
47.1,27.8,15.853492096290895
47.1,27.9,15.638010641595217
47.1,28.0,15.106064159520615
47.1,28.1,14.265652960016485
47.0,21.6,16.298625374522114
47.0,21.7,16.24569222027068
47.0,21.8,16.07341150945349
47.0,21.9,15.881636016117312
47.0,22.0,15.791320384337192
47.0,22.1,15.596183490029953
47.0,22.2,15.551682508523568
47.0,22.3,14.88766194854834
47.0,22.4,14.02365326996587
47.0,22.5,15.358979749974164
47.0,22.6,14.408347969831539
47.0,22.7,11.245829631160182
47.0,22.8,13.167119020560104
47.0,22.9,11.367746668044262
47.0,23.0,14.032986878809849
47.0,23.1,13.763898646554482
47.0,23.2,14.107552949684967
47.0,23.3,14.615344560388404
47.0,23.4,14.344440541378265
47.0,23.5,14.214012811240863
47.0,23.6,14.104326893274104
47.0,23.7,13.769836759995865
47.0,23.8,14.411335365223623
47.0,23.9,14.79607707407791
47.0,24.0,14.876948031821437
47.0,24.1,13.157332369046358
47.0,24.2,14.201595722698604
47.0,24.3,14.140453559252007
47.0,24.4,14.787676929434904
47.0,24.5,13.644706064676054
47.0,24.6,14.108594896166938
47.0,24.7,12.971110651926882
47.0,24.8,10.592660398801524
47.0,24.9,10.10891724351686
47.0,25.0,9.902793160450464
47.0,25.1,12.272037400557856
47.0,25.2,8.991115817749714
47.0,25.3,11.142463064366128
47.0,25.4,9.442130385370364
47.0,25.5,11.230417398491566
47.0,25.6,10.07408513276166
47.0,25.7,11.156917036883954
47.0,25.8,9.545935013947682
47.0,25.9,13.331297654716359
47.0,26.0,11.523696662878413
47.0,26.1,12.690615249509236
47.0,26.2,11.227532286393174
47.0,26.3,11.949235974790804
47.0,26.4,14.127332369046352
47.0,26.5,14.046075007748758
47.0,26.6,14.127356648414107
47.0,26.7,13.907994627544198
47.0,26.8,14.693430106415873
47.0,26.9,14.682878913110821
47.0,27.0,14.469945242277117
47.0,27.1,14.361599855357005
47.0,27.2,14.519959189998847
47.0,27.3,14.96705961359639
47.0,27.4,14.615176671143654
47.0,27.5,14.226509453455895
47.0,27.6,13.663474532492963
47.0,27.7,13.798500878189937
47.0,27.8,14.131981609670383
47.0,27.9,14.906763611943388
47.0,28.0,15.98078675482999
47.0,28.1,15.694389399731362
46.9,21.5,16.307997727037783
46.9,21.6,16.326862795743356
46.9,21.7,16.30199400764546
46.9,21.8,16.237103523091395
46.9,21.9,16.009373385680313
46.9,22.0,15.883220890587898
46.9,22.1,15.723819609463803
46.9,22.2,15.256615869408114
46.9,22.3,13.270702551916491
46.9,22.4,14.034767021386486
46.9,22.5,11.744358921376215
46.9,22.6,13.057860316148405
46.9,22.7,14.316708337638124
46.9,22.8,11.268587664014902
46.9,22.9,12.712318421324516
46.9,23.0,13.792107655749644
46.9,23.1,14.599901332782299
46.9,23.2,13.747954850707723
46.9,23.3,13.469505630746944
46.9,23.4,14.080090401901018
46.9,23.5,13.721075524331084
46.9,23.6,14.42935168922413
46.9,23.7,14.755324413679096
46.9,23.8,14.810708750903995
46.9,23.9,14.80884698832523
46.9,24.0,14.109579502014773
46.9,24.1,14.099766504804196
46.9,24.2,14.4947411922719
46.9,24.3,13.58430364707099
46.9,24.4,14.231638082446448
46.9,24.5,13.84407015187514
46.9,24.6,14.01366205186493
46.9,24.7,11.860422564314474
46.9,24.8,14.26508936873645
46.9,24.9,12.694571753280295
46.9,25.0,10.306589007128867
46.9,25.1,11.155885422047694
46.9,25.2,7.856302820539291
46.9,25.3,11.921074491166426
46.9,25.4,12.350391052794677
46.9,25.5,8.288351585907634
46.9,25.6,7.640380204566582
46.9,25.7,9.258431139580534
46.9,25.8,10.99029031924788
46.9,25.9,12.320035644178095
46.9,26.0,12.096769810930907
46.9,26.1,14.296038846988433
46.9,26.2,14.228335571856597
46.9,26.3,12.938033371215997
46.9,26.4,14.628668767434624
46.9,26.5,14.47771050728373
46.9,26.6,14.3272688294245
46.9,26.7,14.241150428763252
46.9,26.8,14.655426180390448
46.9,26.9,14.90320849261282
46.9,27.0,14.82277456348796
46.9,27.1,14.656518235354882
46.9,27.2,14.79246048145468
46.9,27.3,14.98849777869624
46.9,27.4,14.465515032544733
46.9,27.5,15.066948548403778
46.9,27.6,14.376916520301743
46.9,27.7,15.20263095361086
46.9,27.8,15.307137100940102
46.9,27.9,14.673763818576424
46.9,28.0,15.05725694803189
46.9,28.1,16.06683076764126
46.9,28.2,15.018024589317147
46.8,21.4,16.420890587870687
46.8,21.5,16.406156111168436
46.8,21.6,16.38299049488574
46.8,21.7,16.35650738712679
46.8,21.8,16.274409029858425
46.8,21.9,16.222122120053786
46.8,22.0,15.699978303543709
46.8,22.1,15.947181010434981
46.8,22.2,16.24372507490442
46.8,22.3,16.218516375658677
46.8,22.4,15.724554189482353
46.8,22.5,13.305557392292613
46.8,22.6,10.671385473705994
46.8,22.7,9.994162620105316
46.8,22.8,8.796838516375677
46.8,22.9,10.825702551916555
46.8,23.0,12.894696766194881
46.8,23.1,12.72797758032848
46.8,23.2,12.676365326996592
46.8,23.3,13.436387540035039
46.8,23.4,14.412935220580634
46.8,23.5,14.061307469779932
46.8,23.6,14.702179460688123
46.8,23.7,14.758306643248206
46.8,23.8,14.672162413472444
46.8,23.9,13.739786134931325
46.8,24.0,14.196374625477805
46.8,24.1,14.704038640355405
46.8,24.2,14.337671247029634
46.8,24.3,14.614339291249024
46.8,24.4,14.697182043599472
46.8,24.5,13.801550780039292
46.8,24.6,14.485834796983188
46.8,24.7,13.672994627544291
46.8,24.8,12.279995867341643
46.8,24.9,13.951026965595702
46.8,25.0,10.213501911354493
46.8,25.1,9.662111788407866
46.8,25.2,8.480259840892659
46.8,25.3,9.777280194234992
46.8,25.4,12.009456555429256
46.8,25.5,12.079566070875039
46.8,25.6,6.974906498605247
46.8,25.7,7.443201777043068
46.8,25.8,10.943835106932584
46.8,25.9,12.926090505217413
46.8,26.0,11.583590763508644
46.8,26.1,13.160241760512458
46.8,26.2,9.684500981506316
46.8,26.3,13.703823742122129
46.8,26.4,13.807328752970358
46.8,26.5,14.739137307573053
46.8,26.6,14.895682405207118
46.8,26.7,14.789733960119808
46.8,26.8,14.568592829837751
46.8,26.9,15.116775493336084
46.8,27.0,14.873354685401308
46.8,27.1,14.804615146192818
46.8,27.2,14.720510899886435
46.8,27.3,14.56232875297036
46.8,27.4,14.54142370079555
46.8,27.5,15.465901952681053
46.8,27.6,14.84440851327618
46.8,27.7,15.215772290525729
46.8,27.8,15.263574749457646
46.8,27.9,15.075116747597924
46.8,28.0,14.200222130385272
46.8,28.1,15.22834642008467
46.8,28.2,15.581156627750769
46.7,21.3,16.483308709577344
46.7,21.4,16.3944498398594
46.7,21.5,16.440428246719748
46.7,21.6,16.426350346110187
46.7,21.7,16.416249612563416
46.7,21.8,16.416005269139273
46.7,21.9,16.335793470399757
46.7,22.0,16.156389089781925
46.7,22.1,16.321316251678912
46.7,22.2,15.535195784688495
46.7,22.3,16.185843062299785
46.7,22.4,15.853319557805525
46.7,22.5,15.01864190515553
46.7,22.6,8.933447153631523
46.7,22.7,7.553639322244071
46.7,22.8,9.1397964665771
46.7,22.9,11.379794916830244
46.7,23.0,11.405864758756032
46.7,23.1,10.357646451079617
46.7,23.2,13.82536160760409
46.7,23.3,11.90414247339597
46.7,23.4,13.55502737886146
46.7,23.5,14.162501291455674
46.7,23.6,12.448409959706593
46.7,23.7,12.993008575265959
46.7,23.8,13.44222491992975
46.7,23.9,14.166295071804969
46.7,24.0,13.975341460894692
46.7,24.1,14.794244240107494
46.7,24.2,14.01044477735303
46.7,24.3,14.196222233701798
46.7,24.4,14.92082756483106
46.7,24.5,14.584490649860536
46.7,24.6,14.625743361917504
46.7,24.7,13.790957226986254
46.7,24.8,14.071530116747624
46.7,24.9,14.169509246823024
46.7,25.0,10.020334228742588
46.7,25.1,10.298251368943115
46.7,25.2,8.154649240624018
46.7,25.3,8.659916313668694
46.7,25.4,12.170587354065507
46.7,25.5,12.068139270585855
46.7,25.6,11.600485070771814
46.7,25.7,7.476263043702949
46.7,25.8,5.663879533009645
46.7,25.9,10.52979026758961
46.7,26.0,8.016526500671565
46.7,26.1,8.934969521644822
46.7,26.2,11.18185091435058
46.7,26.3,9.442763715259776
46.7,26.4,13.894337224919967
46.7,26.5,14.17904793883663
46.7,26.6,15.044907531769857
46.7,26.7,15.142576712470282
46.7,26.8,14.769706581258363
46.7,26.9,15.202212521954712
46.7,27.0,15.188100010331606
46.7,27.1,14.932669697282796
46.7,27.2,14.019993801012426
46.7,27.3,13.840019113544752
46.7,27.4,14.319375452009485
46.7,27.5,13.742947101973334
46.7,27.6,14.759175018080382
46.7,27.7,15.23076092571555
46.7,27.8,14.870866308502935
46.7,27.9,14.914853290629205
46.7,28.0,14.881698005992332
46.7,28.1,15.6336093604711
46.7,28.2,16.187034301064184
46.7,28.3,16.057498708544347
46.6,21.2,16.590422047732215
46.6,21.3,16.576545097634018
46.6,21.4,16.56604659572256
46.6,21.5,16.53486258911044
46.6,21.6,16.47605382787476
46.6,21.7,16.5333050935014
46.6,21.8,16.51611065192687
46.6,21.9,16.44333505527425
46.6,22.0,16.323352102489974
46.6,22.1,14.042959499948353
46.6,22.2,13.72575472672796
46.6,22.3,12.154470503151176
46.6,22.4,16.1121272858766
46.6,22.5,15.70190773840272
46.6,22.6,11.424933360884381
46.6,22.7,9.231743981816381
46.6,22.8,10.575306849881164
46.6,22.9,10.81294813513792
46.6,23.0,8.762495609050518
46.6,23.1,9.012148982332862
46.6,23.2,8.203966318834564
46.6,23.3,8.84130437028616
46.6,23.4,13.389430726314789
46.6,23.5,13.221279574336197
46.6,23.6,14.005470606467572
46.6,23.7,14.060454075834254
46.6,23.8,14.748213141853538
46.6,23.9,14.96289027792123
46.6,24.0,14.305959809897681
46.6,24.1,15.085168922409304
46.6,24.2,13.959367186692857
46.6,24.3,14.958054551089935
46.6,24.4,15.08721562144851
46.6,24.5,14.01846110135353
46.6,24.6,15.159470503151153
46.6,24.7,14.121047112304998
46.6,24.8,14.695953610910268
46.6,24.9,12.896332265729946
46.6,25.0,10.490538278747831
46.6,25.1,13.255768674449888
46.6,25.2,11.091122016737286
46.6,25.3,10.627738919309886
46.6,25.4,9.960492302923832
46.6,25.5,7.118249302613898
46.6,25.6,11.604062403140814
46.6,25.7,10.73739022626305
46.6,25.8,11.889562971381277
46.6,25.9,8.565711333815486
46.6,26.0,10.49538382064261
46.6,26.1,11.749694183283475
46.6,26.2,9.16578985432377
46.6,26.3,8.836430416365326
46.6,26.4,12.61973137720842
46.6,26.5,13.312986878809763
46.6,26.6,14.697511623101569
46.6,26.7,14.470352309122859
46.6,26.8,15.140896270275968
46.6,26.9,15.311992457898594
46.6,27.0,15.365228329372927
46.6,27.1,14.360737679512386
46.6,27.2,14.913626924269023
46.6,27.3,13.599105796053465
46.6,27.4,15.005827048248818
46.6,27.5,13.086815270172563
46.6,27.6,14.214094947825252
46.6,27.7,14.729046905672101
46.6,27.8,14.678207459448311
46.6,27.9,15.1877327203223
46.6,28.0,14.362718256018189
46.6,28.1,15.752275544994243
46.6,28.2,16.230522264696745
46.6,28.3,15.71777353032322
46.5,21.2,16.57253280297561
46.5,21.3,16.572651616902576
46.5,21.4,16.550224713296867
46.5,21.5,16.554206013017815
46.5,21.6,16.596260460791473
46.5,21.7,16.53624031408205
46.5,21.8,16.55660140510394
46.5,21.9,16.55710094017991
46.5,22.0,16.466569377001797
46.5,22.1,15.901453662568425
46.5,22.2,10.491951647897544
46.5,22.3,12.10243051968181
46.5,22.4,14.295903502427965
46.5,22.5,15.109941626200985
46.5,22.6,13.120030478355229
46.5,22.7,10.856807004855856
46.5,22.8,9.507688810827599
46.5,22.9,12.528829941109642
46.5,23.0,7.6669351172641935
46.5,23.1,7.63896786858148
46.5,23.2,8.426223266866392
46.5,23.3,9.04438371732616
46.5,23.4,10.888609360471166
46.5,23.5,13.207675896270354
46.5,23.6,14.879658539105364
46.5,23.7,14.768737472879446
46.5,23.8,14.648045252608686
46.5,23.9,15.0368829424527
46.5,24.0,14.317527637152521
46.5,24.1,14.871607604091288
46.5,24.2,14.710818782932147
46.5,24.3,14.183899679718982
46.5,24.4,15.148137204256578
46.5,24.5,15.278326789957568
46.5,24.6,14.03527120570317
46.5,24.7,15.064049488583471
46.5,24.8,13.665115714433304
46.5,24.9,14.62693924992246
46.5,25.0,14.227900092984846
46.5,25.1,11.03715673106721
46.5,25.2,10.970527947101951
46.5,25.3,12.194136274408537
46.5,25.4,11.862917140200455
46.5,25.5,11.475836863312256
46.5,25.6,8.666483624341353
46.5,25.7,12.085231945448932
46.5,25.8,12.059422977580269
46.5,25.9,8.759959706581268
46.5,26.0,8.589463787581332
46.5,26.1,11.75563487963635
46.5,26.2,13.376519268519434
46.5,26.3,8.552506457278625
46.5,26.4,10.782361814237142
46.5,26.5,12.393523607810701
46.5,26.6,13.817879429693162
46.5,26.7,14.963872817439736
46.5,26.8,13.704075834280426
46.5,26.9,15.44158384130589
46.5,27.0,15.007982229569139
46.5,27.1,15.20845645211289
46.5,27.2,15.193815993387672
46.5,27.3,14.855511933051016
46.5,27.4,14.602566380824525
46.5,27.5,14.20867031718154
46.5,27.6,14.320722182043566
46.5,27.7,14.863797913007483
46.5,27.8,15.595906601921689
46.5,27.9,15.170526397355053
46.5,28.0,15.333937390226325
46.5,28.1,15.419179667321043
46.5,28.2,16.25308812893905
46.5,28.3,15.303106725901461
46.4,21.1,16.585483521024823
46.4,21.2,16.567565347659855
46.4,21.3,16.528392912491018
46.4,21.4,16.56563332988943
46.4,21.5,16.568434239074282
46.4,21.6,16.54700175637981
46.4,21.7,16.578990598202342
46.4,21.8,16.555913317491346
46.4,21.9,16.492174294865237
46.4,22.0,16.422612356648564
46.4,22.1,16.54971846265115
46.4,22.2,16.34222440334748
46.4,22.3,13.955875606984149
46.4,22.4,14.172119537142214
46.4,22.5,14.570929848124896
46.4,22.6,14.485380204566562
46.4,22.7,8.775542411406175
46.4,22.8,9.631096187622715
46.4,22.9,11.12396528566994
46.4,23.0,11.913265316664901
46.4,23.1,13.772035334228757
46.4,23.2,11.601929434858954
46.4,23.3,14.736586940799642
46.4,23.4,13.690668457485314
46.4,23.5,10.196000619898765
46.4,23.6,12.830026862279253
46.4,23.7,14.423608327306505
46.4,23.8,15.37999380101245
46.4,23.9,15.512953817543229
46.4,24.0,14.752520405000551
46.4,24.1,14.686423184213352
46.4,24.2,15.11828339704514
46.4,24.3,14.428699245789797
46.4,24.4,14.961670627130847
46.4,24.5,14.433181113751457
46.4,24.6,15.271025415848742
46.4,24.7,15.264206013017759
46.4,24.8,14.289219444157407
46.4,24.9,13.305936047112318
46.4,25.0,13.221194854840476
46.4,25.1,13.673117574129463
46.4,25.2,13.048977683645042
46.4,25.3,11.816977477012099
46.4,25.4,11.16226366360165
46.4,25.5,11.058423907428438
46.4,25.6,6.919926128732313
46.4,25.7,11.961999173468417
46.4,25.8,12.445346110135413
46.4,25.9,9.517010021696457
46.4,26.0,8.477847918173316
46.4,26.1,10.478801529083604
46.4,26.2,10.14408978200227
46.4,26.3,13.215250542411416
46.4,26.4,13.923262217171265
46.4,26.5,13.74918121706782
46.4,26.6,13.831964562454738
46.4,26.7,15.194020043392806
46.4,26.8,13.778087612356623
46.4,26.9,14.768167682611807
46.4,27.0,15.312564314495248
46.4,27.1,14.868860936047135
46.4,27.2,14.429889967971862
46.4,27.3,15.334665254675134
46.4,27.4,14.857049798532907
46.4,27.5,15.608558218824221
46.4,27.6,15.312380411199525
46.4,27.7,14.971043496228932
46.4,27.8,15.808327823122253
46.4,27.9,14.891692323587256
46.4,28.0,15.533813410476291
46.4,28.1,16.081467610290318
46.4,28.2,16.228200743878528
46.4,28.3,16.238107759065926
46.3,20.7,16.712430519681863
46.3,20.8,16.593318524640964
46.3,20.9,16.611647380927774
46.3,21.0,16.630226779625865
46.3,21.1,16.616720219030928
46.3,21.2,16.57445397251782
46.3,21.3,16.596079656989314
46.3,21.4,16.573808244653424
46.3,21.5,16.57122843268937
46.3,21.6,16.61620208699259
46.3,21.7,16.488096394255635
46.3,21.8,16.55451131315225
46.3,21.9,16.438869717945966
46.3,22.0,16.241341047628893
46.3,22.1,16.45545614216347
46.3,22.2,16.55933825808452
46.3,22.3,16.494683335055257
46.3,22.4,15.045887488376879
46.3,22.5,16.13243103626414
46.3,22.6,15.759881702655218
46.3,22.7,13.438417708440946
46.3,22.8,12.448981816303315
46.3,22.9,14.114973137720858
46.3,23.0,12.787527637152486
46.3,23.1,13.041567310672619
46.3,23.2,10.030171505320789
46.3,23.3,11.500024795949995
46.3,23.4,12.040586837483193
46.3,23.5,14.604477218720946
46.3,23.6,14.631184006612216
46.3,23.7,15.27622430003096
46.3,23.8,15.542734270069138
46.3,23.9,14.006491889658042
46.3,24.0,15.111848331439178
46.3,24.1,14.695214898233342
46.3,24.2,15.134504597582472
46.3,24.3,15.40513276164891
46.3,24.4,14.83121035230914
46.3,24.5,14.767335985122351
46.3,24.6,14.996278541171613
46.3,24.7,13.6499287116437
46.3,24.8,14.37474739125939
46.3,24.9,13.721322450666399
46.3,25.0,14.699250439095103
46.3,25.1,12.207326170058906
46.3,25.2,11.611699039156983
46.3,25.3,14.166825085236066
46.3,25.4,11.987489926645429
46.3,25.5,12.784615662775082
46.3,25.6,11.677720322347362
46.3,25.7,9.884214278334566
46.3,25.8,12.285281537348862
46.3,25.9,12.086408203326782
46.3,26.0,8.18589317078208
46.3,26.1,9.952768364500507
46.3,26.2,8.546846781692304
46.3,26.3,8.804559355305294
46.3,26.4,13.1343924992251
46.3,26.5,14.97324620312027
46.3,26.6,15.032813823742087
46.3,26.7,15.289473602644973
46.3,26.8,15.179873953920806
46.3,26.9,13.80632968281844
46.3,27.0,15.454560905052226
46.3,27.1,15.472163963219295
46.3,27.2,15.16405723731795
46.3,27.3,15.51184988118609
46.3,27.4,15.195148259117696
46.3,27.5,15.018501911354445
46.3,27.6,14.872110238661099
46.3,27.7,15.382380927781844
46.3,27.8,15.710092984812492
46.3,27.9,14.97409598098965
46.3,28.0,15.575924682301816
46.3,28.1,15.962388676516163
46.3,28.2,16.08393480731478
46.3,28.3,15.160232978613573
46.2,20.2,16.86509401797711
46.2,20.3,16.851169542308067
46.2,20.4,16.844632709990737
46.2,20.5,16.802176877776624
46.2,20.6,16.781646864345472
46.2,20.7,16.753205909701467
46.2,20.8,16.6923313358819
46.2,20.9,16.62985897303451
46.2,21.0,16.623515342493974
46.2,21.1,16.64910011364809
46.2,21.2,16.614268519475182
46.2,21.3,16.602147949168298
46.2,21.4,16.619930777972918
46.2,21.5,16.596084822812237
46.2,21.6,16.622732720322453
46.2,21.7,14.04518287013122
46.2,21.8,12.226678375865202
46.2,21.9,15.893995764025139
46.2,22.0,15.122826221717094
46.2,22.1,15.324224609980401
46.2,22.2,13.256204153321574
46.2,22.3,16.015751627234195
46.2,22.4,15.297026035747436
46.2,22.5,15.21910424630648
46.2,22.6,16.137353032338016
46.2,22.7,15.833855770224199
46.2,22.8,14.870593553053059
46.2,22.9,15.46445293935314
46.2,23.0,12.715229362537414
46.2,23.1,11.782315321830833
46.2,23.2,10.162830354375453
46.2,23.3,10.19935943795844
46.2,23.4,10.98359386300241
46.2,23.5,12.410220064056178
46.2,23.6,15.571343630540364
46.2,23.7,15.917323070565182
46.2,23.8,14.772387126769328
46.2,23.9,14.818327306539965
46.2,24.0,15.021146812687299
46.2,24.1,15.430037710507277
46.2,24.2,15.21346678375866
46.2,24.3,14.825220580638526
46.2,24.4,15.384539725178223
46.2,24.5,15.439506663911457
46.2,24.6,15.28682508523607
46.2,24.7,15.163941006302286
46.2,24.8,15.00420394668873
46.2,24.9,13.354594482901117
46.2,25.0,12.249360987705286
46.2,25.1,13.985606984192552
46.2,25.2,13.765380204566599
46.2,25.3,13.012190308916287
46.2,25.4,14.03728587664013
46.2,25.5,11.87985948961666
46.2,25.6,11.923314908564874
46.2,25.7,11.388608843888823
46.2,25.8,10.684641491889543
46.2,25.9,12.906092054964304
46.2,26.0,11.030512966215465
46.2,26.1,12.652461514619194
46.2,26.2,10.773204359954526
46.2,26.3,8.539685917966702
46.2,26.4,13.431727451182953
46.2,26.5,12.573406343630568
46.2,26.6,15.514402314288654
46.2,26.7,14.895349726211403
46.2,26.8,15.074986052278152
46.2,26.9,15.827942969315016
46.2,27.0,14.2690928814961
46.2,27.1,15.696330715983038
46.2,27.2,14.892467197024537
46.2,27.3,15.755843062299755
46.2,27.4,15.526452112821522
46.2,27.5,15.203337638185713
46.2,27.6,15.702770430829663
46.2,27.7,15.158525674139906
46.2,27.8,14.316904122326656
46.2,27.9,14.648815476805362
46.2,28.0,15.838808761235732
46.2,28.1,16.361690257257894
46.2,28.2,16.246115817749835
46.1,20.2,16.900930364707076
46.1,20.3,16.88832317388174
46.1,20.4,16.846429383200707
46.1,20.5,16.841035747494566
46.1,20.6,16.790805868374836
46.1,20.7,16.792697076144233
46.1,20.8,16.764037607190698
46.1,20.9,16.6656710403967
46.1,21.0,16.66350759375964
46.1,21.1,16.588183696662846
46.1,21.2,16.573373282363953
46.1,21.3,16.487500774873485
46.1,21.4,16.540689637359183
46.1,21.5,16.638486413885698
46.1,21.6,16.627436718669227
46.1,21.7,16.61482229569178
46.1,21.8,16.572829321210946
46.1,21.9,15.670338877983323
46.1,22.0,16.530913317491574
46.1,22.1,16.369027792127245
46.1,22.2,15.482515755759888
46.1,22.3,15.683665667940877
46.1,22.4,16.11540655026338
46.1,22.5,13.634553672900156
46.1,22.6,12.848299927678497
46.1,22.7,13.296668044219436
46.1,22.8,15.382365430313056
46.1,22.9,15.200962909391595
46.1,23.0,13.271291972311216
46.1,23.1,13.961814753590243
46.1,23.2,14.032628887281769
46.1,23.3,15.32612614939566
46.1,23.4,15.459870854427098
46.1,23.5,14.329007128835565
46.1,23.6,15.977185143093207
46.1,23.7,14.954612046698994
46.1,23.8,15.691362744085184
46.1,23.9,14.719293315425151
46.1,24.0,14.382805041843179
46.1,24.1,14.135192685194701
46.1,24.2,14.427798326273285
46.1,24.3,15.123794296931582
46.1,24.4,15.167800392602537
46.1,24.5,14.876992457898556
46.1,24.6,14.760043392912397
46.1,24.7,13.816708854220433
46.1,24.8,13.921452629403872
46.1,24.9,12.995365223680071
46.1,25.0,13.34150170472155
46.1,25.1,14.116581774976813
46.1,25.2,13.763463684264927
46.1,25.3,13.734676102903128
46.1,25.4,13.824961256328084
46.1,25.5,14.034860006199006
46.1,25.6,13.824061886558454
46.1,25.7,13.413826325033622
46.1,25.8,12.30531769810928
46.1,25.9,12.223164066535812
46.1,26.0,12.000418431656149
46.1,26.1,12.459819712780202
46.1,26.2,13.249331542514811
46.1,26.3,12.857702758549438
46.1,26.4,13.73999535075937
46.1,26.5,10.812375761958817
46.1,26.6,11.72849622894926
46.1,26.7,14.773357784895142
46.1,26.8,12.790321314185393
46.1,26.9,15.046175741295603
46.1,27.0,14.394420911251212
46.1,27.1,15.933294245273283
46.1,27.2,15.87844663704932
46.1,27.3,15.44422202706883
46.1,27.4,15.749111995040762
46.1,27.5,15.61550883355729
46.1,27.6,15.964402830871029
46.1,27.7,15.731567310672581
46.1,27.8,14.816759479285071
46.1,27.9,15.078917243516871
46.1,28.0,15.657604607914003
46.1,28.1,16.392393842339143
46.1,28.2,16.35526190722174
46.0,20.3,16.870651926852002
46.0,20.4,16.86491631366856
46.0,20.5,16.856765678272577
46.0,20.6,16.812607707407743
46.0,20.7,16.788083996280527
46.0,20.8,16.76311137514207
46.0,20.9,16.751418018390346
46.0,21.0,16.71386816819918
46.0,21.1,16.66171815270184
46.0,21.2,16.722779729310883
46.0,21.3,16.538554602748167
46.0,21.4,16.545037710507245
46.0,21.5,16.07604607914041
46.0,21.6,15.680952061163376
46.0,21.7,15.732505940696289
46.0,21.8,15.319140407066781
46.0,21.9,16.391977477012144
46.0,22.0,16.100276371525915
46.0,22.1,16.601495505734007
46.0,22.2,16.58708544271108
46.0,22.3,15.68063694596562
46.0,22.4,16.583237937803393
46.0,22.5,15.404681785308416
46.0,22.6,15.957538485380738
46.0,22.7,15.19800650893691
46.0,22.8,14.741363260667434
46.0,22.9,15.761255294968572
46.0,23.0,14.678003409443127
46.0,23.1,14.815096600888552
46.0,23.2,13.57224661638611
46.0,23.3,14.380947411922813
46.0,23.4,14.796744498398587
46.0,23.5,15.971168509143506
46.0,23.6,14.592972414505578
46.0,23.7,14.825641595206106
46.0,23.8,14.61181372042563
46.0,23.9,14.560929848124857
46.0,24.0,14.93847969831596
46.0,24.1,13.9665900402934
46.0,24.2,15.373306126665987
46.0,24.3,13.711514619278853
46.0,24.4,14.078817543134724
46.0,24.5,14.137617005889034
46.0,24.6,13.988371732617079
46.0,24.7,14.149185866308416
46.0,24.8,14.227495609050582
46.0,24.9,13.208356235148303
46.0,25.0,14.18050986672176
46.0,25.1,14.491412852567391
46.0,25.2,13.162267796259972
46.0,25.3,14.676780142576634
46.0,25.4,13.495726314701871
46.0,25.5,13.088213141853531
46.0,25.6,14.208388779832648
46.0,25.7,13.440703585081026
46.0,25.8,11.385698935840498
46.0,25.9,9.895639012294675
46.0,26.0,13.087181527017268
46.0,26.1,13.513249819196213
46.0,26.2,13.651969728277743
46.0,26.3,12.721922202706832
46.0,26.4,10.343957020353372
46.0,26.5,12.164836243413648
46.0,26.6,12.512264696766227
46.0,26.7,12.926026965595577
46.0,26.8,15.026871577642353
46.0,26.9,15.088622275028472
46.0,27.0,14.343738506044039
46.0,27.1,15.499730344043822
46.0,27.2,16.024220993904198
46.0,27.3,15.51791455728895
46.0,27.4,15.726318318008095
46.0,27.5,15.607594276268177
46.0,27.6,15.221000103316417
46.0,27.7,15.33016169025727
46.0,27.8,14.681191755346664
46.0,27.9,15.637780762475424
46.0,28.0,15.51339187932638
46.0,28.1,16.446857113338215
46.0,28.2,15.70893480731483
45.9,20.4,16.882757516272516
45.9,20.5,16.88010693253438
45.9,20.6,16.847967765265057
45.9,20.7,16.83498036987308
45.9,20.8,16.79785411716091
45.9,20.9,16.780315115197983
45.9,21.0,16.761525467506996
45.9,21.1,16.778662568447135
45.9,21.2,16.5847546234115
45.9,21.3,16.73108223990083
45.9,21.4,16.630709784068667
45.9,21.5,16.477022419671503
45.9,21.6,16.155260357474965
45.9,21.7,16.623572683128405
45.9,21.8,16.011540964975676
45.9,21.9,16.443568550470044
45.9,22.0,15.770475772290553
45.9,22.1,16.476629300547568
45.9,22.2,15.826106519268395
45.9,22.3,15.918830974274249
45.9,22.4,15.905959809897757
45.9,22.5,16.38168147535901
45.9,22.6,15.795038743671878
45.9,22.7,14.723304060336744
45.9,22.8,16.3664200847194
45.9,22.9,16.313982849467877
45.9,23.0,16.138835106932497
45.9,23.1,13.885600785205096
45.9,23.2,16.201747597892208
45.9,23.3,15.96235768157863
45.9,23.4,15.895495402417572
45.9,23.5,14.003496228949253
45.9,23.6,15.349313462134567
45.9,23.7,15.315396218617742
45.9,23.8,15.261907738402801
45.9,23.9,15.45301787374715
45.9,24.0,14.997071494989136
45.9,24.1,14.816706787891286
45.9,24.2,14.68723266866415
45.9,24.3,14.526268209525865
45.9,24.4,13.99699452422766
45.9,24.5,14.600901952681077
45.9,24.6,14.792606157660938
45.9,24.7,14.345408616592616
45.9,24.8,14.439601198470852
45.9,24.9,14.292312222336975
45.9,25.0,14.23432431036264
45.9,25.1,13.792850501084784
45.9,25.2,14.716609153838167
45.9,25.3,13.976951647897456
45.9,25.4,13.406423700795553
45.9,25.5,14.165284120260305
45.9,25.6,12.42404535592524
45.9,25.7,11.767487860316136
45.9,25.8,13.87435943795849
45.9,25.9,12.261453145986163
45.9,26.0,13.515431346213493
45.9,26.1,13.864589833660466
45.9,26.2,13.493530839962892
45.9,26.3,12.53685866308497
45.9,26.4,10.715125012914648
45.9,26.5,11.62612046699047
45.9,26.6,9.783397045149288
45.9,26.7,13.639897716706212
45.9,26.8,14.90393274098552
45.9,26.9,15.661819919413121
45.9,27.0,15.652262630437008
45.9,27.1,15.529514412645932
45.9,27.2,16.149410063023048
45.9,27.3,15.776510486620486
45.9,27.4,16.165175121396953
45.9,27.5,15.73139838826324
45.9,27.6,15.81510331645827
45.9,27.7,15.561112201673817
45.9,27.8,15.197960016530587
45.9,27.9,16.17244085132763
45.9,28.0,15.196350862692421
45.9,28.1,16.057120570306882
45.9,28.2,16.36329269552652
45.8,20.5,16.8820523814443
45.8,20.6,16.88738867651608
45.8,20.7,16.864388883149115
45.8,20.8,16.861584357888177
45.8,20.9,16.85148155801222
45.8,21.0,16.860968591796624
45.8,21.1,16.861446430416365
45.8,21.2,16.840198367599953
45.8,21.3,16.798336088438845
45.8,21.4,16.750919516478977
45.8,21.5,16.820943795846578
45.8,21.6,16.594882219237636
45.8,21.7,16.55318834590352
45.8,21.8,16.82999070151868
45.8,21.9,16.823829941109693
45.8,22.0,16.715534146089386
45.8,22.1,16.62319919413167
45.8,22.2,15.985914350656103
45.8,22.3,16.043752453765986
45.8,22.4,14.99633949788198
45.8,22.5,11.92825188552537
45.8,22.6,13.931671660295466
45.8,22.7,13.76087715673101
45.8,22.8,15.470800702551815
45.8,22.9,15.410516582291534
45.8,23.0,16.14461669593977
45.8,23.1,15.901308502944572
45.8,23.2,15.888705961359705
45.8,23.3,15.573565450976407
45.8,23.4,12.999338258084496
45.8,23.5,13.268974067568927
45.8,23.6,11.748702861865892
45.8,23.7,12.546889658022456
45.8,23.8,12.668176464510898
45.8,23.9,14.374869821262568
45.8,24.0,14.306201053827893
45.8,24.1,14.924205496435683
45.8,24.2,14.51080225229881
45.8,24.3,14.55833453869208
45.8,24.4,14.11831800805871
45.8,24.5,15.041931501188087
45.8,24.6,14.200977373695615
45.8,24.7,15.080743878499838
45.8,24.8,14.924589317078235
45.8,24.9,14.831689224093415
45.8,25.0,14.730391569377058
45.8,25.1,14.680061989874956
45.8,25.2,14.567464614113069
45.8,25.3,13.68891362744086
45.8,25.4,12.95375193718357
45.8,25.5,14.015003099493665
45.8,25.6,14.321457278644443
45.8,25.7,12.675406033681194
45.8,25.8,14.182301374108883
45.8,25.9,13.56931966112197
45.8,26.0,13.948188862485775
45.8,26.1,13.910727864448848
45.8,26.2,10.116589007128908
45.8,26.3,9.939634259737518
45.8,26.4,7.1494410579605
45.8,26.5,10.447957950201465
45.8,26.6,12.70485587354062
45.8,26.7,14.287451699555808
45.8,26.8,14.862459448290128
45.8,26.9,14.336013534456095
45.8,27.0,14.138776216551312
45.8,27.1,16.14127802458929
45.8,27.2,16.205980989771717
45.8,27.3,16.248423390846114
45.8,27.4,16.155533112924868
45.8,27.5,16.191658229155856
45.8,27.6,15.86074542824671
45.8,27.7,15.723796363260767
45.8,27.8,15.465383820642641
45.8,27.9,16.038340737679512
45.8,28.0,15.87862279161059
45.8,28.1,16.422010538278844
45.8,28.2,16.186597789027772
45.7,20.7,16.899249922512656
45.7,20.8,16.905819816096688
45.7,20.9,16.909253022006393
45.7,21.0,16.902134001446445
45.7,21.1,16.90761080690143
45.7,21.2,16.867859799566073
45.7,21.3,16.898653269965997
45.7,21.4,16.88945552226469
45.7,21.5,16.85882270895744
45.7,21.6,16.861996590556828
45.7,21.7,16.86908151668557
45.7,21.8,16.828546337431597
45.7,21.9,16.791666494472587
45.7,22.0,15.840789854323875
45.7,22.1,14.938014774253425
45.7,22.2,11.899944209112455
45.7,22.3,14.690835830147833
45.7,22.4,13.573520508317024
45.7,22.5,9.792187726004729
45.7,22.6,10.141333298894507
45.7,22.7,11.810209732410316
45.7,22.8,14.428661018700295
45.7,22.9,15.26918225023245
45.7,23.0,15.998146502737924
45.7,23.1,15.57998915177182
45.7,23.2,13.474152805041783
45.7,23.3,12.127460998036968
45.7,23.4,9.933756069841941
45.7,23.5,11.805887488376873
45.7,23.6,11.3237901642732
45.7,23.7,9.19537865481971
45.7,23.8,9.252703791714023
45.7,23.9,13.546563178014269
45.7,24.0,12.55596290939141
45.7,24.1,14.531253745221726
45.7,24.2,14.726512552949806
45.7,24.3,14.428749354272062
45.7,24.4,14.833637255914825
45.7,24.5,14.586683025105897
45.7,24.6,14.25088903812375
45.7,24.7,14.068268932741024
45.7,24.8,13.723371732617025
45.7,24.9,13.939186382890766
45.7,25.0,13.912052898026644
45.7,25.1,13.73020250025827
45.7,25.2,14.036216551296626
45.7,25.3,13.366759995867405
45.7,25.4,10.443784998450214
45.7,25.5,14.116310569273729
45.7,25.6,14.133700795536756
45.7,25.7,14.044419361504318
45.7,25.8,14.08923545820854
45.7,25.9,11.385378654819677
45.7,26.0,12.512027068912056
45.7,26.1,12.115445293935302
45.7,26.2,9.515197334435442
45.7,26.3,11.022791610703583
45.7,26.4,10.10584719495811
45.7,26.5,8.672399008162063
45.7,26.6,11.656786341564253
45.7,26.7,13.502895960326528
45.7,26.8,14.684843992147886
45.7,26.9,13.776523917760152
45.7,27.0,14.219171402004305
45.7,27.1,16.339136790990782
45.7,27.2,16.3947887178427
45.7,27.3,16.3898455418948
45.7,27.4,16.393790680855513
45.7,27.5,16.34039880152909
45.7,27.6,16.075428763302025
45.7,27.7,16.110056307469875
45.7,27.8,15.822046699039117
45.7,27.9,15.621435065605956
45.7,28.0,15.784439508213769
45.7,28.1,16.450008265316555
45.7,28.2,15.597879429693135
45.6,20.7,16.91201983675994
45.6,20.8,16.92833350552745
45.6,20.9,16.94141130282043
45.6,21.0,16.918247236284785
45.6,21.1,16.944248372765696
45.6,21.2,16.920850294451885
45.6,21.3,16.927018803595395
45.6,21.4,16.86186021283193
45.6,21.5,16.8163270999071
45.6,21.6,16.39069118710609
45.6,21.7,16.411573509660162
45.6,21.8,16.727147432586023
45.6,21.9,16.6770792437235
45.6,22.0,16.65146554396117
45.6,22.1,16.65816458311813
45.6,22.2,13.485961876226833
45.6,22.3,10.66136326066741
45.6,22.4,12.974366153528187
45.6,22.5,11.607093708027648
45.6,22.6,10.30721975410683
45.6,22.7,14.078607294141984
45.6,22.8,15.232180493852601
45.6,22.9,15.551780142576634
45.6,23.0,15.841655129662144
45.6,23.1,11.573402210972116
45.6,23.2,11.102040500051627
45.6,23.3,9.848421324516972
45.6,23.4,9.363183696662897
45.6,23.5,5.736903605744428
45.6,23.6,10.245912800909164
45.6,23.7,9.624407480111628
45.6,23.8,6.899709680752126
45.6,23.9,9.833274615146246
45.6,24.0,13.476890174604845
45.6,24.1,7.799324310362645
45.6,24.2,12.11319299514411
45.6,24.3,12.526734683335068
45.6,24.4,12.564510279987568
45.6,24.5,7.968098977167056
45.6,24.6,3.597077693976653
45.6,24.7,2.7183345386920137
45.6,24.8,2.4223194544891067
45.6,24.9,3.980821365843578
45.6,25.0,8.824094947825193
45.6,25.1,10.80733340221098
45.6,25.2,8.210436512036322
45.6,25.3,13.66147845851851
45.6,25.4,13.630997520404945
45.6,25.5,12.676625167889288
45.6,25.6,10.179085132761568
45.6,25.7,10.72311860729419
45.6,25.8,13.44555016014047
45.6,25.9,10.504624961256372
45.6,26.0,12.601529600165337
45.6,26.1,10.186852464097544
45.6,26.2,9.836035230912183
45.6,26.3,11.975687054447814
45.6,26.4,7.196423184213231
45.6,26.5,12.779620828597944
45.6,26.6,9.559467403657392
45.6,26.7,12.751169542308226
45.6,26.8,13.530303750387441
45.6,26.9,15.86638702345278
45.6,27.0,15.553071598305628
45.6,27.1,16.231746048145403
45.6,27.2,16.43428298377925
45.6,27.3,16.47250129145575
45.6,27.4,16.50159365636952
45.6,27.5,16.469740159107406
45.6,27.6,16.442658849054567
45.6,27.7,16.322119020560002
45.6,27.8,15.932239900816212
45.6,27.9,15.754187416055315
45.6,28.0,15.856903089161998
45.6,28.1,16.5235044942659
45.6,28.2,15.66406085339394
45.5,20.7,16.93040706684564
45.5,20.8,16.93239332575673
45.5,20.9,16.959807314805225
45.5,21.0,16.938757103006562
45.5,21.1,16.966998140303744
45.5,21.2,16.971451079656887
45.5,21.3,16.896423700795456
45.5,21.4,16.839923029238612
45.5,21.5,16.62821675792945
45.5,21.6,16.764920962909468
45.5,21.7,16.705818782932134
45.5,21.8,16.63425973757607
45.5,21.9,16.45989461721256
45.5,22.0,15.973565450976388
45.5,22.1,16.418355201983612
45.5,22.2,16.4910455625581
45.5,22.3,16.15684006612246
45.5,22.4,15.714379068085574
45.5,22.5,13.964312945552198
45.5,22.6,14.111185556359146
45.5,22.7,14.03256793057125
45.5,22.8,14.329089265419954
45.5,22.9,14.572648000826604
45.5,23.0,14.917772497158762
45.5,23.1,15.089608947205251
45.5,23.2,14.12267744601712
45.5,23.3,9.565092984812509
45.5,23.4,10.01659520611636
45.5,23.5,8.958187312738941
45.5,23.6,8.093624857939835
45.5,23.7,7.087416055377632
45.5,23.8,8.783328339704507
45.5,23.9,8.493252918689986
45.5,24.0,8.696242380411135
45.5,24.1,7.176224816613308
45.5,24.2,9.669898749870876
45.5,24.3,15.85462909391467
45.5,24.4,13.435092468230163
45.5,24.5,8.459010228329378
45.5,24.6,6.563741605537762
45.5,24.7,6.276934600681867
45.5,24.8,4.757517305506779
45.5,24.9,9.889472569480303
45.5,25.0,3.0017827254881593
45.5,25.1,8.324274718462629
45.5,25.2,6.433481248062782
45.5,25.3,12.586452112821624
45.5,25.4,11.494311395805367
45.5,25.5,9.440450459758239
45.5,25.6,9.848490029961804
45.5,25.7,7.360524331025901
45.5,25.8,10.349336191755363
45.5,25.9,6.655495402417618
45.5,26.0,7.942391776009918
45.5,26.1,8.284671970244887
45.5,26.2,10.493241037297189
45.5,26.3,12.776256328133
45.5,26.4,11.496329682818455
45.5,26.5,12.401682508523596
45.5,26.6,13.084225643144988
45.5,26.7,13.741913937390185
45.5,26.8,13.558797913007487
45.5,26.9,15.961632400041424
45.5,27.0,14.712323587147331
45.5,27.1,16.290472672796827
45.5,27.2,16.491524950924592
45.5,27.3,16.52619847091643
45.5,27.4,16.510597169129156
45.5,27.5,16.524409546440623
45.5,27.6,16.54790112614938
45.5,27.7,16.5361085855977
45.5,27.8,16.241124599648728
45.5,27.9,16.014363570616727
45.5,28.0,16.10393015807413
45.5,28.1,16.570185969624973
45.5,28.2,15.927554499431698
45.5,28.3,16.406240830664217
45.5,29.2,15.452078727141274
45.5,29.3,15.42690877156733
45.5,29.4,15.281186589523728
45.5,29.5,15.112687777662986
45.4,20.8,16.96038795330096
45.4,20.9,16.97384647174301
45.4,21.0,16.997528670317156
45.4,21.1,16.988433722492072
45.4,21.2,16.937848434755708
45.4,21.3,16.92595154458099
45.4,21.4,16.830227296208157
45.4,21.5,16.697124702965265
45.4,21.6,16.659017977063844
45.4,21.7,16.334045872507414
45.4,21.8,15.587581878293177
45.4,21.9,16.282104039673445
45.4,22.0,16.142457381960966
45.4,22.1,16.062138134104796
45.4,22.2,16.41837793160443
45.4,22.3,16.035579088748953
45.4,22.4,11.062947101973295
45.4,22.5,10.361535799152751
45.4,22.6,11.867970348176524
45.4,22.7,5.320401901022855
45.4,22.8,6.256551296621559
45.4,22.9,6.1513332988945155
45.4,23.0,6.65847659882223
45.4,23.1,6.959091331749152
45.4,23.2,11.940606984192522
45.4,23.3,14.028106209319127
45.4,23.4,12.64718669284014
45.4,23.5,11.553096910837958
45.4,23.6,7.166388573199692
45.4,23.7,8.86063591280087
45.4,23.8,5.403917243516872
45.4,23.9,10.414868788098014
45.4,24.0,13.865278954437493
45.4,24.1,14.295647277611373
45.4,24.2,14.775223163550006
45.4,24.3,16.20937751833868
45.4,24.4,13.260696869511323
45.4,24.5,10.4309241657196
45.4,24.6,10.925582188242618
45.4,24.7,12.311709887385055
45.4,24.8,13.929763921892796
45.4,24.9,8.615849261287357
45.4,25.0,11.881928401694369
45.4,25.1,10.196317284843413
45.4,25.2,13.13933825808452
45.4,25.3,8.588142370079554
45.4,25.4,6.0492271928918395
45.4,25.5,9.953762785411667
45.4,25.6,7.255114681268733
45.4,25.7,8.456976443847466
45.4,25.8,11.539822295691703
45.4,25.9,10.269003512759628
45.4,26.0,12.536913420807963
45.4,26.1,11.014069118710589
45.4,26.2,12.6492509556772
45.4,26.3,13.64414195681371
45.4,26.4,12.596896373592283
45.4,26.5,14.100965492302885
45.4,26.6,15.38485122429995
45.4,26.7,15.954184316561594
45.4,26.8,15.105331645831173
45.4,26.9,14.890890071288277
45.4,27.0,16.13270430829628
45.4,27.1,16.481791507386994
45.4,27.2,16.492958983366204
45.4,27.3,16.521542514722597
45.4,27.4,16.568043702861743
45.4,27.5,16.575066639115544
45.4,27.6,16.570054241140557
45.4,27.7,16.61099493749349
45.4,27.8,16.618275131728534
45.4,27.9,16.54718462651106
45.4,28.0,16.530344560388436
45.4,28.1,16.59907945035648
45.4,28.2,16.49832110755249
45.4,28.3,16.53282157247644
45.4,28.4,16.448627957433747
45.4,28.8,15.995033577849025
45.4,28.9,15.986855563591295
45.4,29.0,15.983007025519267
45.4,29.1,15.827347349932769
45.4,29.2,15.663840272755452
45.4,29.3,15.447263663601603
45.4,29.4,15.31153838206429
45.4,29.5,15.130290319247864
45.4,29.6,14.999475668974048
45.4,29.7,14.850128628990555
45.3,20.9,16.9896497572063
45.3,21.0,17.025937596859162
45.3,21.1,17.006875193718304
45.3,21.2,16.991207252815443
45.3,21.3,17.024003512759617
45.3,21.4,17.00307469779928
45.3,21.5,16.831376691807076
45.3,21.6,16.185152391775883
45.3,21.7,15.537598408926613
45.3,21.8,15.690581155078002
45.3,21.9,16.26628938939969
45.3,22.0,15.773807211488897
45.3,22.1,10.771362227502866
45.3,22.2,14.449749457588602
45.3,22.3,15.933509660088868
45.3,22.4,11.473010125012921
45.3,22.5,9.165614216344697
45.3,22.6,5.330122946585396
45.3,22.7,6.340125529496863
45.3,22.8,10.175877673313378
45.3,22.9,4.004011261493956
45.3,23.0,12.905952577745705
45.3,23.1,11.910920033061196
45.3,23.2,8.426048145469547
45.3,23.3,8.727917656782713
45.3,23.4,10.420415848744662
45.3,23.5,9.05231273891931
45.3,23.6,10.834734993284483
45.3,23.7,7.924541791507384
45.3,23.8,8.23392137617519
45.3,23.9,8.705960326480046
45.3,24.0,7.931973860936084
45.3,24.1,8.938082963115999
45.3,24.2,9.888364500464995
45.3,24.3,13.866424733960063
45.3,24.4,12.970172021903025
45.3,24.5,14.100266039880129
45.3,24.6,12.52232875297038
45.3,24.7,11.50383665667941
45.3,24.8,14.971286806488294
45.3,24.9,14.31481816303344
45.3,25.0,14.35804421944415
45.3,25.1,12.91531769810938
45.3,25.2,12.000398801529222
45.3,25.3,5.822424320694328
45.3,25.4,7.602436718669271
45.3,25.5,11.267297758032912
45.3,25.6,10.566969211695374
45.3,25.7,13.593316458311776
45.3,25.8,10.08959448290111
45.3,25.9,13.565942246099802
45.3,26.0,14.680523297861399
45.3,26.1,13.201259944209177
45.3,26.2,14.62372197541074
45.3,26.3,14.246530116747667
45.3,26.4,15.033014257671345
45.3,26.5,16.325970658125787
45.3,26.6,16.51795898336604
45.3,26.7,16.184296931500977
45.3,26.8,15.804650790370882
45.3,26.9,15.782167062713162
45.3,27.0,16.59206787891307
45.3,27.1,16.58717222853606
45.3,27.2,16.55739539208586
45.3,27.3,16.665779006095722
45.3,27.4,16.542911457795206
45.3,27.5,16.6177869614629
45.3,27.6,16.632681062093354
45.3,27.7,16.647453765884894
45.3,27.8,16.631245996487262
45.3,27.9,16.614516478975148
45.3,28.0,16.645955160657085
45.3,28.1,16.665260357474974
45.3,28.2,16.493524640975384
45.3,28.3,16.619306746564767
45.3,28.4,16.569400247959553
45.3,28.5,16.535275338361426
45.3,28.6,16.49781175741294
45.3,28.7,16.408641905155477
45.3,28.8,16.295506767228044
45.3,28.9,16.182863415642082
45.3,29.0,16.04118762268833
45.3,29.1,15.884110961876265
45.3,29.2,15.715907118503923
45.3,29.3,15.537700692220286
45.3,29.4,15.376670110548533
45.3,29.5,15.171408719909024
45.3,29.6,15.038656886041913
45.3,29.7,14.876268209525765
45.2,21.1,17.031964045872506
45.2,21.2,17.051556462444434
45.2,21.3,16.931829217894432
45.2,21.4,16.842956400454607
45.2,21.5,16.491805455109027
45.2,21.6,16.72455625581164
45.2,21.7,16.571837999793313
45.2,21.8,16.704122843268877
45.2,21.9,15.86755449943174
45.2,22.0,13.203191961979499
45.2,22.1,10.558957536935623
45.2,22.2,12.934282467196997
45.2,22.3,15.671335365223763
45.2,22.4,10.800366773426964
45.2,22.5,12.589075834280395
45.2,22.6,5.526820952577742
45.2,22.7,12.382685711333792
45.2,22.8,13.457606157660935
45.2,22.9,9.027557082343192
45.2,23.0,12.84842752350451
45.2,23.1,11.162975513999314
45.2,23.2,14.55101146812692
45.2,23.3,13.408054551090036
45.2,23.4,13.876476908771542
45.2,23.5,13.341953714226698
45.2,23.6,14.310518132038501
45.2,23.7,14.008767434652398
45.2,23.8,14.079472569480288
45.2,23.9,14.101971278024587
45.2,24.0,12.270588387230129
45.2,24.1,14.136881909288169
45.2,24.2,14.240301684058212
45.2,24.3,14.892340634363071
45.2,24.4,15.024646657712555
45.2,24.5,14.068984915797063
45.2,24.6,14.976985225746473
45.2,24.7,15.377231635499442
45.2,24.8,14.113020456658697
45.2,24.9,15.312012604607911
45.2,25.0,15.08664169852251
45.2,25.1,14.29431966112204
45.2,25.2,13.723879533009578
45.2,25.3,12.91627337534866
45.2,25.4,13.735905052174822
45.2,25.5,13.974535592519862
45.2,25.6,13.483005992354588
45.2,25.7,13.620779006095724
45.2,25.8,14.404810414298977
45.2,25.9,15.602996693873353
45.2,26.0,15.060742328752935
45.2,26.1,15.635649860522735
45.2,26.2,15.073453869201382
45.2,26.3,13.682560698419282
45.2,26.4,15.72535385886986
45.2,26.5,14.101973860936011
45.2,26.6,16.547335468540172
45.2,26.7,16.575459758239504
45.2,26.8,16.639508730240884
45.2,26.9,16.553697696042992
45.2,27.0,16.59731790474223
45.2,27.1,16.59567362330819
45.2,27.2,16.632123669800553
45.2,27.3,16.621356028515354
45.2,27.4,16.631035230912275
45.2,27.5,16.684197231118876
45.2,27.6,16.68602334951958
45.2,27.7,16.74243878499852
45.2,27.8,16.702626820952588
45.2,27.9,16.752938320074378
45.2,28.0,16.744559871887542
45.2,28.1,16.719295898336632
45.2,28.2,16.565318731273955
45.2,28.3,15.074882219237585
45.2,28.4,14.778171298687937
45.2,28.5,16.361099803698792
45.2,28.6,15.964723111891805
45.2,28.7,16.425494369253084
45.2,28.8,16.3202298791197
45.2,28.9,16.188488480214932
45.2,29.0,16.037709990701586
45.2,29.1,15.929509246823052
45.2,29.2,15.764887901642672
45.2,29.3,15.607460998036998
45.2,29.4,15.437587044116217
45.2,29.5,15.265583737989466
45.2,29.6,15.088595929331628
45.2,29.7,14.912338051451565
45.2,29.8,14.75711023866104
45.1,21.4,16.64609153838214
45.1,21.5,15.8809892550883
45.1,21.6,16.994692116954173
45.1,21.7,16.290412749250876
45.1,21.8,14.419410579605266
45.1,21.9,13.011306436615394
45.1,22.0,9.336090505217587
45.1,22.1,9.746786341564242
45.1,22.2,13.31398801529081
45.1,22.3,14.3011628267383
45.1,22.4,12.515383304060405
45.1,22.5,10.294900816199972
45.1,22.6,8.357945035644157
45.1,22.7,12.861000103316476
45.1,22.8,15.358197644384687
45.1,22.9,13.112515239177533
45.1,23.0,15.158083479698204
45.1,23.1,16.353325240210857
45.1,23.2,16.081225849777834
45.1,23.3,16.56653011674764
45.1,23.4,15.443352102489929
45.1,23.5,15.05859231325554
45.1,23.6,16.018677549333706
45.1,23.7,15.938330922616085
45.1,23.8,15.685267073044614
45.1,23.9,13.619568653786544
45.1,24.0,15.248801012501435
45.1,24.1,15.39196404587246
45.1,24.2,16.4308714743259
45.1,24.3,15.51217222853594
45.1,24.4,15.842948135137894
45.1,24.5,15.050450976340427
45.1,24.6,14.360765574956012
45.1,24.7,14.067969315011899
45.1,24.8,14.77904380617835
45.1,24.9,14.61108947205293
45.1,25.0,15.803783965285689
45.1,25.1,15.531141130282094
45.1,25.2,15.021251678892446
45.1,25.3,14.832401591073447
45.1,25.4,14.763017357164914
45.1,25.5,13.571999690050644
45.1,25.6,14.223946172125267
45.1,25.7,14.967111271825624
45.1,25.8,15.805986155594615
45.1,25.9,16.14066639115608
45.1,26.0,16.402004339291246
45.1,26.1,16.439906498605318
45.1,26.2,16.783951337948167
45.1,26.3,14.829911147845866
45.1,26.4,14.430728381031006
45.1,26.5,15.393254985019205
45.1,26.6,16.582409339807878
45.1,26.7,16.8433686331232
45.1,26.8,16.68016220683946
45.1,26.9,16.681888108275544
45.1,27.0,16.66829837793159
45.1,27.1,16.665899886351873
45.1,27.2,16.675112098357136
45.1,27.3,16.692379894617222
45.1,27.4,16.685186486207225
45.1,27.5,16.689248889348132
45.1,27.6,16.73619692116949
45.1,27.7,16.766039363570613
45.1,27.8,16.737577229052516
45.1,27.9,16.81482229569182
45.1,28.0,16.826398388263264
45.1,28.1,16.788203843372205
45.1,28.2,15.338712160347153
45.1,28.3,15.891364293831966
45.1,28.4,16.083581981609687
45.1,28.5,15.693697696042957
45.1,28.6,15.909155387953243
45.1,28.7,16.183270999070196
45.1,28.8,15.517416571960071
45.1,28.9,15.745736129765433
45.1,29.0,15.788419774770059
45.1,29.1,15.913363983882615
45.1,29.2,15.767025519165182
45.1,29.3,15.618748837689873
45.1,29.4,15.463701312118943
45.1,29.5,15.300940696352905
45.1,29.6,15.133804111994959
45.1,29.7,14.960269139373908
45.0,21.3,16.977867548300377
45.0,21.4,17.055807934704045
45.0,21.5,16.999744808347955
45.0,21.6,16.42351740882324
45.0,21.7,16.239065502634627
45.0,21.8,12.07120570306852
45.0,21.9,14.597995660708838
45.0,22.0,12.492013121190205
45.0,22.1,13.635414815580088
45.0,22.2,15.369982436202086
45.0,22.3,15.944053621241977
45.0,22.4,13.407759582601466
45.0,22.5,14.50790525880779
45.0,22.6,9.634847608224002
45.0,22.7,12.44784688500876
45.0,22.8,15.30980989771668
45.0,22.9,16.785529496848955
45.0,23.0,15.66776164893063
45.0,23.1,16.89521851430943
45.0,23.2,16.929013327823064
45.0,23.3,16.817090608533963
45.0,23.4,16.429021076557518
45.0,23.5,16.498435272238893
45.0,23.6,16.46451751213971
45.0,23.7,15.666845231945452
45.0,23.8,16.09410889554709
45.0,23.9,15.213450769707652
45.0,24.0,15.056128215724728
45.0,24.1,15.810263973550985
45.0,24.2,16.78103833040609
45.0,24.3,16.703435788821075
45.0,24.4,15.863740055790952
45.0,24.5,15.326476392189326
45.0,24.6,15.27707201157145
45.0,24.7,16.00630695319756
45.0,24.8,14.920826015084264
45.0,24.9,16.104031408203365
45.0,25.0,14.85818627957437
45.0,25.1,15.48113286496547
45.0,25.2,15.720264490133374
45.0,25.3,15.75217997727041
45.0,25.4,15.90432069428659
45.0,25.5,16.241344147122643
45.0,25.6,15.266376175224663
45.0,25.7,15.163590246926354
45.0,25.8,16.11625581155084
45.0,25.9,16.364059820229308
45.0,26.0,16.65697954334119
45.0,26.1,16.69436615352822
45.0,26.2,16.04087302407281
45.0,26.3,16.532140200434014
45.0,26.4,16.70911096187618
45.0,26.5,16.843287529703375
45.0,26.6,16.856438165099835
45.0,26.7,16.82879894617212
45.0,26.8,16.704518545304275
45.0,26.9,16.777205806384952
45.0,27.0,16.75377105072836
45.0,27.1,16.72196611220163
45.0,27.2,16.728670833763882
45.0,27.3,16.754199297448146
45.0,27.4,16.704386300237655
45.0,27.5,16.725994420911288
45.0,27.6,16.735031511519786
45.0,27.7,16.79092778179579
45.0,27.8,16.803454385783738
45.0,27.9,16.793609360471077
45.0,28.0,16.83951286289902
45.0,28.1,16.798265833247203
45.0,28.2,16.482670213865138
45.0,28.3,15.099155387953191
45.0,28.4,15.591434032441331
45.0,28.5,15.941217067878807
45.0,28.6,16.332854633743153
45.0,28.7,16.193329889451476
45.0,28.8,15.624172951751262
45.0,28.9,16.204113544787706
45.0,29.0,16.038887798326215
45.0,29.1,15.85503771050726
45.0,29.2,15.616716086372511
45.0,29.3,15.598100010331626
45.0,29.4,15.444232875297033
45.0,29.5,15.287676929434756
45.0,29.6,15.134216344663571
45.0,29.7,14.997771980576548
44.9,21.3,16.892743568550443
44.9,21.4,17.030629713813454
44.9,21.5,16.4940773840273
44.9,21.6,16.35488635189591
44.9,21.7,15.937995660708836
44.9,21.8,14.29302303957017
44.9,21.9,13.380812067362315
44.9,22.0,16.263701828701357
44.9,22.1,14.932566897406717
44.9,22.2,12.74915952061159
44.9,22.3,12.874265936563685
44.9,22.4,13.390447876846864
44.9,22.5,12.510086785825079
44.9,22.6,14.185633329889367
44.9,22.7,15.0615559458622
44.9,22.8,16.34628009091843
44.9,22.9,16.64905723731788
44.9,23.0,15.889761855563648
44.9,23.1,15.833114474635819
44.9,23.2,16.98127854117157
44.9,23.3,16.46177549333615
44.9,23.4,16.807540035127623
44.9,23.5,16.944515445810524
44.9,23.6,15.306455728897623
44.9,23.7,16.318955987188655
44.9,23.8,16.333513792747155
44.9,23.9,15.76378758136177
44.9,24.0,16.196207252815384
44.9,24.1,15.05675999586729
44.9,24.2,16.494619278851086
44.9,24.3,16.609516478975028
44.9,24.4,16.12611995040816
44.9,24.5,15.762906291972264
44.9,24.6,15.864273168715766
44.9,24.7,15.893319041223245
44.9,24.8,15.971240314082088
44.9,24.9,16.311392189275725
44.9,25.0,15.359338258084618
44.9,25.1,16.059576919103247
44.9,25.2,15.627392292592138
44.9,25.3,15.84325550160147
44.9,25.4,16.188617109205484
44.9,25.5,16.31943020973242
44.9,25.6,16.44944983985951
44.9,25.7,16.462134001446383
44.9,25.8,16.50608637255906
44.9,25.9,16.584923545820843
44.9,26.0,16.73375452009512
44.9,26.1,16.76660192168606
44.9,26.2,16.97639683851647
44.9,26.3,16.89725694803181
44.9,26.4,16.94994214278332
44.9,26.5,16.934391466060507
44.9,26.6,16.835952577745736
44.9,26.7,16.767427420188106
44.9,26.8,16.715301684058304
44.9,26.9,16.735832730653915
44.9,27.0,16.734509246823027
44.9,27.1,16.739342907325184
44.9,27.2,16.748822708957633
44.9,27.3,16.728561834900315
44.9,27.4,16.718374315528365
44.9,27.5,16.701306436615432
44.9,27.6,16.697998243620177
44.9,27.7,16.877478045252584
44.9,27.8,16.893819092881415
44.9,27.9,16.93954902365944
44.9,28.0,16.950318214691492
44.9,28.1,16.833044219444282
44.9,28.2,16.568189895650377
44.9,28.3,15.63001446430414
44.9,28.4,14.627361297654723
44.9,28.5,15.91426283706982
44.9,28.6,15.757249715879732
44.9,28.7,15.704539725178163
44.9,28.8,16.213462134518004
44.9,28.9,16.09175741295588
44.9,29.0,15.963005475772247
44.9,29.1,15.820644694699823
44.9,29.2,15.691527533836108
44.9,29.3,15.556812687260997
44.9,29.4,15.414687984295936
44.9,29.5,15.276381341047527
44.9,29.6,15.152723938423385
44.9,29.7,15.033303027172257
44.8,21.3,17.191337948135086
44.8,21.4,15.435900402934184
44.8,21.5,16.82307108172327
44.8,21.6,16.401500671556963
44.8,21.7,14.94332059097015
44.8,21.8,14.227699659055718
44.8,21.9,12.957931087922203
44.8,22.0,13.042151048661976
44.8,22.1,11.237960016530575
44.8,22.2,10.54027482177908
44.8,22.3,13.966757412955976
44.8,22.4,14.937292592209849
44.8,22.5,16.605822915590466
44.8,22.6,12.909309846058438
44.8,22.7,15.599535075937515
44.8,22.8,16.396682508523543
44.8,22.9,16.06452112821563
44.8,23.0,16.357542618039073
44.8,23.1,16.01192840169431
44.8,23.2,16.75448290112621
44.8,23.3,17.158501394772188
44.8,23.4,15.527343217274518
44.8,23.5,17.055679822295676
44.8,23.6,15.78758911044531
44.8,23.7,16.4425012914556
44.8,23.8,15.257657815889978
44.8,23.9,15.74092726521333
44.8,24.0,16.295053724558343
44.8,24.1,16.517109205496435
44.8,24.2,16.778809277818016
44.8,24.3,16.88400144643049
44.8,24.4,15.670367290009253
44.8,24.5,15.713356235148263
44.8,24.6,16.140324413679142
44.8,24.7,16.255709784068546
44.8,24.8,15.96500309949383
44.8,24.9,16.137153114991175
44.8,25.0,16.43702138650687
44.8,25.1,16.354591899989664
44.8,25.2,16.29919051554912
44.8,25.3,16.161666494472538
44.8,25.4,16.33329321210868
44.8,25.5,16.4809784068602
44.8,25.6,16.53663498295268
44.8,25.7,16.648978200227205
44.8,25.8,16.712825705134907
44.8,25.9,16.748704928195096
44.8,26.0,16.881183490029986
44.8,26.1,16.92921479491686
44.8,26.2,16.987846368426485
44.8,26.3,17.008330922615972
44.8,26.4,16.977524021076544
44.8,26.5,16.93446998656881
44.8,26.6,16.84935323897099
44.8,26.7,16.79625684471544
44.8,26.8,16.75749560905048
44.8,26.9,16.754619278851063
44.8,27.0,16.76400402934201
44.8,27.1,16.73699142473401
44.8,27.2,16.778694596549258
44.8,27.3,16.750114164686437
44.8,27.4,16.76444983985952
44.8,27.5,16.807097840686023
44.8,27.6,16.87194183283398
44.8,27.7,16.874196714536705
44.8,27.8,16.98884543857851
44.8,27.9,16.98933205909695
44.8,28.0,17.025009298481258
44.8,28.1,16.857735303233813
44.8,28.2,16.037522987912034
44.8,28.3,16.103270999070155
44.8,28.4,14.9272621138548
44.8,28.5,14.960128628990562
44.8,28.6,16.104620312015637
44.8,28.7,16.029631160243813
44.8,28.8,15.587634053104647
44.8,28.9,16.053210558942077
44.8,29.0,15.911378241553958
44.8,29.1,15.770773323690436
44.8,29.2,15.639056720735658
44.8,29.3,15.50991579708655
44.8,29.4,15.388811860729351
44.8,29.5,15.275419464820786
44.8,29.6,15.177348899679698
44.7,21.4,17.043774150222195
44.7,21.5,16.85458260150844
44.7,21.6,17.01358559768571
44.7,21.7,14.027325653476552
44.7,21.8,14.752547783862012
44.7,21.9,15.225075421014674
44.7,22.0,15.837805558425526
44.7,22.1,14.772974997417007
44.7,22.2,14.150705651410224
44.7,22.3,14.188947205289825
44.7,22.4,17.167246616385977
44.7,22.5,17.33526139063956
44.7,22.6,16.47445913834071
44.7,22.7,16.92152960016531
44.7,22.8,15.210536729000852
44.7,22.9,16.23799876020252
44.7,23.0,16.027816923235964
44.7,23.1,15.842983262733819
44.7,23.2,16.038843372249264
44.7,23.3,17.10583479698323
44.7,23.4,17.18843733856799
44.7,23.5,17.16416571959916
44.7,23.6,15.808982332885721
44.7,23.7,15.805140510383305
44.7,23.8,15.853586114268026
44.7,23.9,16.67414660605435
44.7,24.0,16.43999431759491
44.7,24.1,15.844304680235567
44.7,24.2,16.17326015084203
44.7,24.3,16.854655439611527
44.7,24.4,16.06043289596025
44.7,24.5,16.166700588903797
44.7,24.6,16.07748372765787
44.7,24.7,16.17405052174813
44.7,24.8,16.25483004442608
44.7,24.9,16.206265626614364
44.7,25.0,16.37331904122318
44.7,25.1,16.41743930158064
44.7,25.2,16.495977890277803
44.7,25.3,16.551426800289356
44.7,25.4,16.588282363880538
44.7,25.5,16.573842855666918
44.7,25.6,16.587347349932887
44.7,25.7,16.697539518545316
44.7,25.8,16.686214484967582
44.7,25.9,16.8433908461619
44.7,26.0,16.804969005062564
44.7,26.1,16.97086062609777
44.7,26.2,16.932797293108855
44.7,26.3,16.994558838722938
44.7,26.4,16.930797086475916
44.7,26.5,16.987152081826604
44.7,26.6,16.966581258394317
44.7,26.7,16.889767537968787
44.7,26.8,16.81884957123677
44.7,26.9,16.810719082549852
44.7,27.0,16.802103006508975
44.7,27.1,16.874969005062482
44.7,27.2,16.849278851121042
44.7,27.3,16.827186176257822
44.7,27.4,16.77110445293937
44.7,27.5,16.809925095567753
44.7,27.6,16.86053517925406
44.7,27.7,16.904215828081256
44.7,27.8,17.01288356235136
44.7,27.9,16.986636532699666
44.7,28.0,16.729211695423118
44.7,28.1,16.29228897613389
44.7,28.2,16.333385680338875
44.7,28.3,15.711361194338224
44.7,28.4,15.704408513276157
44.7,28.5,15.074256121500218
44.7,28.6,16.059804215311438
44.7,28.7,16.20107190825499
44.7,28.8,16.095603368116524
44.7,28.9,15.971362227502826
44.7,29.0,15.846940799669373
44.7,29.1,15.725285670007356
44.7,29.2,15.583285979956685
44.6,21.6,15.990192168612518
44.6,21.7,13.734941109618653
44.6,21.8,13.673196094637836
44.6,21.9,16.762652650067174
44.6,22.0,17.233999380101174
44.6,22.1,11.748041636532733
44.6,22.2,13.464683851637584
44.6,22.3,13.223010125012838
44.6,22.4,14.631550263456923
44.6,22.5,16.310024795949968
44.6,22.6,17.55176981093082
44.6,22.7,17.62132193408406
44.6,22.8,16.083010641595095
44.6,22.9,16.434058787064764
44.6,23.0,15.751983675999535
44.6,23.1,16.924948341770847
44.6,23.2,16.219730344043835
44.6,23.3,16.547283810310976
44.6,23.4,17.14943537555539
44.6,23.5,17.20129403864042
44.6,23.6,16.173720942246025
44.6,23.7,17.01211643764849
44.6,23.8,16.509547990494738
44.6,23.9,16.131640665358027
44.6,24.0,16.28026294038638
44.6,24.1,16.415760925715393
44.6,24.2,16.224103213141813
44.6,24.3,17.047900092984747
44.6,24.4,16.272940386403583
44.6,24.5,16.405826531666364
44.6,24.6,16.45695009815056
44.6,24.7,16.408825291868947
44.6,24.8,16.396593656369426
44.6,24.9,16.519485484037677
44.6,25.0,16.414253022006427
44.6,25.1,16.467164479801625
44.6,25.2,16.51280710817234
44.6,25.3,16.571672176877755
44.6,25.4,16.647002789544405
44.6,25.5,16.66716344663709
44.6,25.6,16.715663291662366
44.6,25.7,16.754881186073025
44.6,25.8,16.824602231635467
44.6,25.9,16.875639012294705
44.6,26.0,16.882599958673328
44.6,26.1,16.92165151358617
44.6,26.2,16.932666081206687
44.6,26.3,16.919851224300096
44.6,26.4,16.94068137204252
44.6,26.5,16.98848796363251
44.6,26.6,16.88868788097941
44.6,26.7,16.81250852360778
44.6,26.8,16.741825085236076
44.6,26.9,16.999825911767793
44.6,27.0,17.008617625787785
44.6,27.1,16.87739177600992
44.6,27.2,16.93654354788723
44.6,27.3,16.95988066949053
44.6,27.4,16.97394617212519
44.6,27.5,17.0114732926955
44.6,27.6,17.031760512449626
44.6,27.7,17.061688707511056
44.6,27.8,16.954426593656315
44.6,27.9,16.99181836966628
44.6,28.0,16.96103213141849
44.6,28.1,16.84114061369988
44.6,28.2,16.17430106415939
44.6,28.3,16.225518132038427
44.6,28.4,16.185299617729104
44.6,28.5,15.608229155904498
44.6,28.6,15.59134879636334
44.6,28.7,15.907599442091076
44.6,28.8,16.043995247442837
44.6,28.9,15.886176774460237
44.6,29.0,15.786290939146484
44.5,22.0,15.131647897510131
44.5,22.1,15.977632503357867
44.5,22.2,17.349706064676194
44.5,22.3,15.230960326479948
44.5,22.4,17.21269346006806
44.5,22.5,17.545940179770607
44.5,22.6,17.295821882425898
44.5,22.7,17.17533216241344
44.5,22.8,16.785876640148665
44.5,22.9,15.821811654096502
44.5,23.0,15.843813410476297
44.5,23.1,15.913584564521187
44.5,23.2,16.72139115611117
44.5,23.3,16.92320177704305
44.5,23.4,16.395411199504203
44.5,23.5,16.531402004339366
44.5,23.6,17.037396941832796
44.5,23.7,16.974895133794764
44.5,23.8,16.571552329786055
44.5,23.9,16.318867135034672
44.5,24.0,16.461973860936013
44.5,24.1,16.463415125529608
44.5,24.2,16.647632503357723
44.5,24.3,17.094381134414718
44.5,24.4,16.59096187622694
44.5,24.5,16.5021040396735
44.5,24.6,16.72638237421209
44.5,24.7,16.56498656886039
44.5,24.8,16.542720838929686
44.5,24.9,16.52334332059093
44.5,25.0,16.542756483107823
44.5,25.1,16.58559716912911
44.5,25.2,16.62183283397024
44.5,25.3,16.639896683541643
44.5,25.4,16.697839652856796
44.5,25.5,16.730110548610355
44.5,25.6,16.683287013121213
44.5,25.7,16.862421221200524
44.5,25.8,16.877515755760008
44.5,25.9,16.91548507077165
44.5,26.0,16.948887281744
44.5,26.1,16.959679202396874
44.5,26.2,16.93946585391055
44.5,26.3,16.936179357371664
44.5,26.4,16.98389606364301
44.5,26.5,17.076513069531988
44.5,26.6,16.97862537452214
44.5,26.7,16.96817491476407
44.5,26.8,16.928884182250215
44.5,26.9,16.88410631263563
44.5,27.0,16.870553776216532
44.5,27.1,16.82859024692622
44.5,27.2,16.86568498811864
44.5,27.3,16.8668555635913
44.5,27.4,16.92448755036675
44.5,27.5,16.92824207046192
44.5,27.6,16.93703378448198
44.5,27.7,16.771060026862305
44.5,27.8,16.812032234735035
44.5,27.9,17.028466267176345
44.5,28.0,17.07014412645942
44.5,28.1,16.625468023556138
44.5,28.2,16.624851740882356
44.5,28.3,15.875829631160265
44.5,28.4,16.238433205909747
44.5,28.5,16.134428659985435
44.5,28.6,15.863213658435749
44.5,28.7,15.985474739125959
44.5,28.8,15.907413989048527
44.5,28.9,15.768638289079483
44.4,22.1,14.384798532906307
44.4,22.2,15.040434445707206
44.4,22.4,17.260497468746745
44.4,22.5,17.54447618555647
44.4,22.6,17.20616024382694
44.4,22.7,17.24521696456257
44.4,22.8,17.27419774770113
44.4,22.9,16.761554912697655
44.4,23.0,16.807840169438965
44.4,23.1,16.066705238144362
44.4,23.2,16.111636016117437
44.4,23.3,16.216537865482085
44.4,23.4,16.44505320797605
44.4,23.5,17.165785205083196
44.4,23.6,16.62954282467195
44.4,23.7,17.347443950821397
44.4,23.8,16.620706684574742
44.4,23.9,16.52074387849995
44.4,24.0,16.552894410579533
44.4,24.1,16.987143299927617
44.4,24.2,16.859288149602346
44.4,24.3,17.12984915797091
44.4,24.4,16.76768777766304
44.4,24.5,16.620224196714474
44.4,24.6,16.615991321417326
44.4,24.7,16.707091125116136
44.4,24.8,16.726668044219515
44.4,24.9,16.631646864345477
44.4,25.0,16.715424630643756
44.4,25.1,16.818471432999253
44.4,25.2,16.670862175844583
44.4,25.3,16.756132864965394
44.4,25.4,16.801126149395653
44.4,25.5,16.752306539931798
44.4,25.6,16.84732203740056
44.4,25.7,16.95728226056413
44.4,25.8,17.000179770637423
44.4,25.9,16.985696352929107
44.4,26.0,17.000636945965564
44.4,26.1,17.03381186072945
44.4,26.2,17.048091228432664
44.4,26.3,17.170211282157258
44.4,26.4,17.033772600475288
44.4,26.5,17.02184523194536
44.4,26.6,17.011666494472603
44.4,26.7,17.043175431346278
44.4,26.8,17.143719909081575
44.4,26.9,17.138574232875357
44.4,27.0,17.024052588077257
44.4,27.1,16.96924165719595
44.4,27.2,16.99355563591275
44.4,27.3,17.037016737266264
44.4,27.4,17.04403967351994
44.4,27.5,17.024393015807348
44.4,27.6,17.019145056307536
44.4,27.7,16.919259220994054
44.4,27.8,16.879634776319726
44.4,27.9,17.142145882839078
44.4,28.0,17.106421634466393
44.4,28.1,16.706865895237172
44.4,28.2,16.579971071391608
44.4,28.3,16.321309019526872
44.4,28.4,16.07432844302091
44.4,28.5,16.11843217274498
44.4,28.6,15.844216861246121
44.4,28.7,15.877551916520309
44.4,28.8,15.795887488376936
44.3,22.5,17.239638392395943
44.3,22.6,17.52148827358198
44.3,22.7,17.24064211178847
44.3,22.8,17.097467713606793
44.3,22.9,17.127835003616095
44.3,23.0,17.069562971381337
44.3,23.1,16.34957950201472
44.3,23.2,16.318425973757638
44.3,23.3,16.36686072941416
44.3,23.4,16.800897303440458
44.3,23.5,16.67460533112919
44.3,23.6,17.09563281330712
44.3,23.7,17.27694958156832
44.3,23.8,17.292400557908827
44.3,23.9,16.656951131315182
44.3,24.0,16.710128112408487
44.3,24.1,16.64232771980582
44.3,24.2,17.074369769604267
44.3,24.3,17.190743361917534
44.3,24.4,17.14291714020036
44.3,24.5,16.864608947205326
44.3,24.6,16.715059923545756
44.3,24.7,16.89722337018275
44.3,24.8,16.78312067362327
44.3,24.9,16.823496228949214
44.3,25.0,16.87839601198469
44.3,25.1,16.856187622688257
44.3,25.2,16.925302717222827
44.3,25.3,16.8308017357165
44.3,25.4,16.900996487240302
44.3,25.5,16.892334951957785
44.3,25.6,16.960821365843497
44.3,25.7,16.954976237214602
44.3,25.8,17.02109412129359
44.3,25.9,17.033820126046155
44.3,26.0,17.170788821159185
44.3,26.1,17.19713555119319
44.3,26.2,17.101966112201723
44.3,26.3,17.170268622791546
44.3,26.4,17.118777766298205
44.3,26.5,17.153651720219028
44.3,26.6,17.08522471329685
44.3,26.7,17.092349932844296
44.3,26.8,17.099402314288543
44.3,26.9,17.10225384853802
44.3,27.0,17.100370906085374
44.3,27.1,17.075907635086168
44.3,27.2,17.086311602438318
44.3,27.3,17.097127802458882
44.3,27.4,17.087330302717273
44.3,27.5,17.124046905672138
44.3,27.6,17.094152805041823
44.3,27.7,17.27227192891829
44.3,27.8,17.2715848744705
44.3,27.9,17.220637979129997
44.3,28.0,17.201490856493347
44.3,28.1,16.825277921272765
44.3,28.2,16.41562093191445
44.3,28.3,16.419841925818726
44.3,28.4,16.178829424527297
44.3,28.5,15.976862795743392
44.3,28.6,15.91322863932221
44.3,28.7,15.823132038433705
44.2,22.6,17.378839756173143
44.2,22.7,17.533958570100083
44.2,22.8,17.541707821056
44.2,22.9,17.348859386300347
44.2,23.0,17.170190618865597
44.2,23.1,17.079627544167856
44.2,23.2,16.986233081929957
44.2,23.3,16.673633639838883
44.2,23.4,16.753605227812713
44.2,23.5,16.818670833763875
44.2,23.6,17.31695009815063
44.2,23.7,16.82826118400659
44.2,23.8,17.40993801012489
44.2,23.9,17.03210972207869
44.2,24.0,16.753784481867864
44.2,24.1,16.920266039880286
44.2,24.2,17.064071185039793
44.2,24.3,17.04716499638383
44.2,24.4,17.218874883769026
44.2,24.5,17.121428866618476
44.2,24.6,16.821475875607025
44.2,24.7,16.855636945965447
44.2,24.8,16.91581361710918
44.2,24.9,17.027937286909914
44.2,25.0,16.981393222440317
44.2,25.1,17.039062919723165
44.2,25.2,17.110777456348842
44.2,25.3,16.94403709060842
44.2,25.4,16.940007232152112
44.2,25.5,16.95764696766198
44.2,25.6,17.044708647587534
44.2,25.7,17.145755759892474
44.2,25.8,17.047310156007764
44.2,25.9,17.013636222750296
44.2,26.0,17.193258084512884
44.2,26.1,17.1820239694182
44.2,26.2,17.249015394152224
44.2,26.3,17.277431036263998
44.2,26.4,17.356276991424703
44.2,26.5,17.385455625581173
44.2,26.6,17.255088852154135
44.2,26.7,17.1925606984191
44.2,26.8,17.250610083686393
44.2,26.9,17.41809846058477
44.2,27.0,17.300098667217785
44.2,27.1,17.316367909908134
44.2,27.2,17.361614836243547
44.2,27.3,17.27212108688916
44.2,27.4,17.29985535695841
44.2,27.5,17.350380721148806
44.2,27.6,17.24705289802665
44.2,27.7,17.352732720322383
44.2,27.8,16.62773685298061
44.2,27.9,17.324030891621053
44.2,28.0,16.41455057340633
44.2,28.1,17.053455935530526
44.2,28.2,16.60831387540036
44.2,28.3,16.261398904845475
44.2,28.4,16.21649963839232
44.2,28.5,15.758802562248162
44.2,28.6,15.918727141233747
44.2,28.7,15.744406446946973
44.1,22.8,16.410717016220833
44.1,22.9,17.241151978510153
44.1,23.0,17.50918483314391
44.1,23.1,17.334746874677183
44.1,23.2,17.384857939869878
44.1,23.3,17.35340324413688
44.1,23.4,17.29201932017766
44.1,23.5,17.20283190412222
44.1,23.6,17.205679305713314
44.1,23.7,17.142548300444137
44.1,23.8,16.88494472569479
44.1,23.9,17.33428918276687
44.1,24.0,17.074880669490536
44.1,24.1,16.88204308296309
44.1,24.2,16.90473292695524
44.1,24.3,16.93174604814546
44.1,24.4,17.15956607087518
44.1,24.5,17.255076970761518
44.1,24.6,17.32083531356555
44.1,24.7,16.919989668354162
44.1,24.8,17.070880256224907
44.1,24.9,16.935198367599902
44.1,25.0,17.14713606777555
44.1,25.1,17.129307263146995
44.1,25.2,17.199645624548005
44.1,25.3,17.05237111271824
44.1,25.4,17.060100733546882
44.1,25.5,17.125474222543566
44.1,25.6,17.21440748011157
44.1,25.7,17.23684936460387
44.1,25.8,17.21198367599939
44.1,25.9,17.01494989151767
44.1,26.0,16.99702758549425
44.1,26.1,17.163026655646174
44.1,26.2,16.929234425043795
44.1,26.3,17.02898439921468
44.1,26.4,17.566289389399813
44.1,26.5,17.535084202913605
44.1,26.6,17.495585804318683
44.1,26.7,17.528580431862714
44.1,26.8,17.437441884492106
44.1,26.9,17.505551193305127
44.1,27.0,17.17136636016113
44.1,27.1,16.712902159313956
44.1,27.2,17.358998863518973
44.1,27.3,17.070702551916472
44.1,27.4,17.074461721252185
44.1,27.5,17.324038640355322
44.1,27.6,17.17104917863418
44.1,27.7,17.033906911871018
44.1,27.8,16.960994937493464
44.1,27.9,16.910855460274806
44.1,28.0,16.31478355201992
44.1,28.1,16.289377518338593
44.1,28.2,16.24402727554493
44.1,28.3,15.988844921996124
44.1,28.4,15.804693150118796
44.1,28.5,15.792082343217313
44.1,28.6,15.839553156317828
44.1,28.7,15.642646451079809
44.1,28.8,15.576148362434187
44.0,22.8,17.459474635809492
44.0,22.9,17.5449209629094
44.0,23.0,17.35803957020346
44.0,23.1,17.416802355615186
44.0,23.2,17.43477683645004
44.0,23.3,17.440509866721733
44.0,23.4,17.462700175637952
44.0,23.5,17.465283603678103
44.0,23.6,17.525922099390478
44.0,23.7,17.3066716602956
44.0,23.8,17.228500361607615
44.0,23.9,17.4521742948651
44.0,24.0,17.117487860316174
44.0,24.1,17.007336501704646
44.0,24.2,17.02493955987184
44.0,24.3,17.010800185969497
44.0,24.4,17.183759685917995
44.0,24.5,17.29338516375665
44.0,24.6,17.386213451802817
44.0,24.7,16.98378913110855
44.0,24.8,17.05533422874253
44.0,24.9,17.081067259014354
44.0,25.0,17.0117016220684
44.0,25.1,17.04331800805873
44.0,25.2,17.265311499121804
44.0,25.3,17.221984709164243
44.0,25.4,17.39789131108589
44.0,25.5,17.28670007232152
44.0,25.6,17.09675018080376
44.0,25.7,17.088360367806548
44.0,25.8,17.060873024072773
44.0,25.9,17.022879946275484
44.0,26.0,17.057026035747427
44.0,26.1,17.5485354892034
44.0,26.2,17.486710403967393
44.0,26.3,17.465900919516557
44.0,26.4,17.539520611633396
44.0,26.5,17.433967351999087
44.0,26.6,16.792855150325344
44.0,26.7,16.788739022626338
44.0,26.8,16.95201157144331
44.0,27.3,16.486721252195462
44.0,27.4,16.465504184316433
44.0,27.5,16.4677254881703
44.0,27.6,16.585496952164444
44.0,27.7,16.58509350139471
44.0,27.8,16.47333763818575
44.0,27.9,16.201574026242376
44.0,28.0,16.752275028412054
44.0,28.1,16.27681113751427
44.0,28.2,15.985474739125973
44.0,28.3,15.922209939043327
44.0,28.4,15.78125477838625
44.0,28.5,15.814169852257441
44.0,28.6,15.542670213865064
44.0,28.7,15.563081929951348
43.9,22.8,17.53632555016008
43.9,22.9,17.493385680338807
43.9,23.0,17.526149912180994
43.9,23.1,17.5527797293108
43.9,23.2,17.592309122843403
43.9,23.3,17.60993801012498
43.9,23.4,17.62366980059924
43.9,23.5,17.581606570926695
43.9,23.6,17.607272445500694
43.9,23.7,17.553202810207708
43.9,23.8,17.3793454902366
43.9,23.9,17.489653373282245
43.9,24.0,17.19014515962396
43.9,24.1,17.018196094637965
43.9,24.2,17.105762475462363
43.9,24.3,17.10900712883569
43.9,24.4,17.295336295071944
43.9,24.5,17.390209732410316
43.9,24.6,17.417765265006732
43.9,24.7,16.98916416985221
43.9,24.8,17.082311705754737
43.9,24.9,17.05812687261081
43.9,25.0,17.436548197127845
43.9,25.1,17.434921996073825
43.9,25.2,17.125019630127078
43.9,25.3,17.146191755346525
43.9,25.4,17.244076350862773
43.9,25.5,17.090650377105074
43.9,25.6,17.08416933567519
43.9,25.7,17.118162000206667
43.9,25.8,17.09750852360789
43.9,25.9,17.550356958363487
43.9,26.0,17.59434394048983
43.9,26.1,17.352001239797556
43.9,26.2,17.34046182456868
43.9,27.7,16.58665977890282
43.9,27.8,16.56941677859286
43.9,27.9,15.821658229155858
43.9,28.0,16.279374935427203
43.9,28.1,15.687672796776534
43.9,28.2,15.606224300031013
43.9,28.3,15.706928401694421
43.9,28.4,15.643329372869138
43.9,28.5,15.650517098873861
43.9,28.6,15.586283706994507
43.9,28.7,15.501099803698786
43.8,22.8,17.299867238351084
43.8,22.9,16.928212108688772
43.8,23.0,17.614869821262566
43.8,23.1,17.62008213658439
43.8,23.2,17.094209112511727
43.8,23.3,16.77782105589416
43.8,23.4,17.105913834073714
43.8,23.5,17.617092674863134
43.8,23.6,17.51975927265208
43.8,23.7,17.645923132555104
43.8,23.8,17.598716293005385
43.8,23.9,17.57537090608527
43.8,24.0,17.44101611736745
43.8,24.1,17.373025105899348
43.8,24.2,17.33558890381239
43.8,24.3,17.401160243826954
43.8,24.4,17.51446068808765
43.8,24.5,17.462042566380866
43.8,24.6,17.475922099390353
43.8,24.7,17.548958570100197
43.8,24.8,17.60596910837895
43.8,24.9,16.971341047628794
43.8,25.0,17.08393119123877
43.8,25.1,17.126690773840114
43.8,25.2,17.093706994524222
43.8,25.3,17.137442401074484
43.8,25.4,17.110402417605055
43.8,25.5,17.443472466163893
43.8,25.6,17.32122326686635
43.8,25.7,17.546441781175805
43.8,25.8,17.57497985329072
43.8,25.9,17.63709784068607
43.8,26.0,16.507214588283947
43.8,28.0,15.25307056514106
43.8,28.1,15.66771928918283
43.8,28.2,15.360195784688514
43.8,28.3,15.53383459035026
43.8,28.4,15.51616850914352
43.8,28.5,15.450263456968711
43.8,28.6,15.487268829424464
43.8,28.7,15.430879739642455
43.7,23.6,16.875520714949882
43.7,23.8,17.443434755656504
43.7,23.9,16.668921892757638
43.7,24.0,16.803418225023233
43.7,24.1,17.669700382270864
43.7,24.2,17.601202603574713
43.7,24.3,17.656229982436138
43.7,24.4,16.715664841409207
43.7,24.5,17.652922822605625
43.7,24.6,17.660996487240364
43.7,24.7,17.579199297448035
43.7,24.8,17.666833867135015
43.7,24.9,17.032359747907833
43.7,25.0,17.646985742328734
43.7,25.1,17.670796053311207
43.7,25.2,17.66398904845542
43.7,25.3,17.68670523814442
43.7,25.4,17.621187622688137
43.7,25.5,17.40212418638289
43.7,25.6,17.51247391259422
43.7,25.7,17.67613751420595
43.7,25.8,17.58243206942876
43.7,25.9,16.466652546750762
43.7,28.1,15.18822605641079
43.7,28.2,15.12845955160656
43.7,28.3,15.46605486103938
43.7,28.4,15.28549643558212
43.7,28.5,15.354366670110583
43.7,28.6,15.416152495092582
43.6,24.2,16.950775906601827
43.6,24.3,17.05630746978001
43.6,24.7,17.57196404587268
43.6,24.8,17.336084306230045
43.6,25.1,16.758044219444198
43.6,25.2,17.68053672900094
43.6,25.3,16.473272032234682
43.6,25.4,17.14111168509145
43.6,25.5,17.234931811137525
43.6,25.6,17.211542514722534
43.6,25.7,16.850737162929963
