Latitude,Longitude,tmed
48.3,26.5,8.990633846471649
48.3,26.6,9.409378551503272
48.3,26.7,9.168518958570129
48.3,26.8,9.332997727037956
48.3,26.9,8.704215828081438
48.2,23.2,8.947644901332795
48.2,26.3,9.285966525467435
48.2,26.4,9.365648310775851
48.2,26.5,9.424441574542865
48.2,26.6,8.669353755553264
48.2,26.7,8.749313462134468
48.2,26.8,9.177382477528651
48.2,26.9,9.465951027998779
48.2,27.0,9.09397613389812
48.2,27.1,9.155892137617522
48.1,22.9,9.798375865275329
48.1,23.0,9.75625684471533
48.1,23.1,9.724396115301207
48.1,23.2,9.543802045665887
48.1,23.3,9.215381237731197
48.1,23.4,9.45191187106107
48.1,23.5,9.237332369046435
48.1,23.6,9.06866256844718
48.1,26.2,8.951879842958995
48.1,26.3,8.589790267589601
48.1,26.4,8.601639632193425
48.1,26.5,8.964203946688754
48.1,26.6,9.484273685297998
48.1,26.7,9.075289802665594
48.1,26.8,9.407659365636935
48.1,26.9,8.67711127182566
48.1,27.0,9.296494472569501
48.1,27.1,9.113818059716921
48.0,22.8,9.883741605537828
48.0,22.9,9.833652753383584
48.0,23.0,9.785899369769595
48.0,23.1,9.771984192581868
48.0,23.2,9.018734889968005
48.0,23.3,9.537057547267263
48.0,23.4,7.373469883252375
48.0,23.5,9.00478096910839
48.0,23.6,9.332237834487062
48.0,23.7,9.170000516582338
48.0,23.8,8.895581155077988
48.0,23.9,8.975672073561308
48.0,24.0,6.872982746151422
48.0,24.1,7.522946068808755
48.0,24.2,8.306816819919442
48.0,24.3,3.870623514825917
48.0,24.4,6.808408926541989
48.0,24.5,3.485292902159325
48.0,24.6,5.0220988738506245
48.0,24.7,4.473227606157653
48.0,25.3,5.2649679718979785
48.0,25.4,4.972281227399512
48.0,25.5,6.200313048868702
48.0,25.6,7.494791817336496
48.0,25.7,7.477117987395397
48.0,25.8,7.675350242793718
48.0,25.9,7.511511003202823
48.0,26.0,8.194655439611523
48.0,26.1,7.906477425353812
48.0,26.2,8.344765988221962
48.0,26.3,8.80508162000207
48.0,26.4,8.912231118917262
48.0,26.5,9.019478768467854
48.0,26.6,8.928216757929594
48.0,26.7,9.21371009401796
48.0,26.8,9.431695939663173
48.0,26.9,9.321779625994436
48.0,27.0,9.252742535385993
48.0,27.1,9.62579192065292
48.0,27.2,9.26530994937495
47.9,22.5,10.04239849157976
47.9,22.7,9.974934394048946
47.9,22.8,9.931050211798766
47.9,22.9,9.837595826015066
47.9,23.0,9.831435065605927
47.9,23.1,9.782450149808913
47.9,23.2,9.778893997313826
47.9,23.3,9.580403450769648
47.9,23.4,9.622166546130787
47.9,23.5,7.836517202190296
47.9,23.6,6.468486930468025
47.9,23.7,6.425893170782106
47.9,23.8,7.721729000929869
47.9,23.9,7.980246926335359
47.9,24.0,8.808461101353409
47.9,24.1,6.17322502324617
47.9,24.2,5.471946482074614
47.9,24.3,3.4444560388470085
47.9,24.4,6.567165512966219
47.9,24.5,5.611335881805995
47.9,24.6,5.694180700485615
47.9,24.7,2.908655336295077
47.9,24.8,3.5042442401074574
47.9,25.2,5.430091951647912
47.9,25.3,4.88025054241139
47.9,25.4,4.672070461824589
47.9,25.5,7.258693563384649
47.9,25.6,7.381694389916319
47.9,25.7,7.51611581774977
47.9,25.8,7.612429486517204
47.9,25.9,7.841589007128842
47.9,26.0,7.8131139580534805
47.9,26.1,8.041503771050715
47.9,26.2,8.456828184729838
47.9,26.3,8.09298687880977
47.9,26.4,9.045793470399856
47.9,26.5,9.256478458518439
47.9,26.6,9.36496797189795
47.9,26.7,9.509562454798985
47.9,26.8,9.453748321107549
47.9,26.9,9.354588283913639
47.9,27.0,9.581664428143421
47.9,27.1,9.068693046802371
47.9,27.2,9.662478561834819
47.9,27.3,9.265215414815595
47.8,22.2,10.03445500568237
47.8,22.3,10.00288046285767
47.8,22.4,10.108564417811818
47.8,22.5,10.077914557288972
47.8,22.6,10.030882839136238
47.8,22.7,9.991682508523589
47.8,22.8,9.94340169438996
47.8,22.9,9.900154974687446
47.8,23.0,9.883422874263927
47.8,23.1,9.820516065709295
47.8,23.2,9.79394978820128
47.8,23.3,9.762699142473421
47.8,23.4,8.531863828907953
47.8,23.5,6.593426490339894
47.8,23.6,5.569494265936566
47.8,23.7,5.323319557805575
47.8,23.8,5.867595309432785
47.8,23.9,8.721723835106884
47.8,24.0,8.113802562248194
47.8,24.1,6.616289389399744
47.8,24.2,7.779989668354149
47.8,24.3,8.240071288356251
47.8,24.4,5.659182250232487
47.8,24.5,4.924840892654211
47.8,24.6,3.5064810414298972
47.8,24.7,3.9401901022833017
47.8,24.8,3.954217894410554
47.8,24.9,3.094777869614634
47.8,25.0,3.4415874573819534
47.8,25.1,4.741986775493327
47.8,25.2,5.420809484450854
47.8,25.3,6.0112299824361815
47.8,25.4,5.054869304680246
47.8,25.5,5.215773840272763
47.8,25.6,6.513637772497152
47.8,25.7,6.298692530220061
47.8,25.8,7.48988996797187
47.8,25.9,7.633345386920083
47.8,26.0,8.138204876536854
47.8,26.1,7.666904638909007
47.8,26.2,7.410798119640479
47.8,26.3,8.388618658952398
47.8,26.4,8.274076350862678
47.8,26.5,9.246297654716368
47.8,26.6,9.299670420498055
47.8,26.7,9.51572579811972
47.8,26.8,9.208442504390904
47.8,26.9,9.265696869511308
47.8,27.0,9.741840582704828
47.8,27.1,9.500312015704104
47.8,27.2,9.79286754830045
47.8,27.3,9.107720838929662
47.7,22.2,10.072798842855697
47.7,22.3,10.081185039776843
47.7,22.4,10.054819712780246
47.7,22.5,10.103853187312716
47.7,22.6,10.097622171711917
47.7,22.7,10.049242173778252
47.7,22.8,10.013422357681574
47.7,22.9,9.954708131005242
47.7,23.0,9.946470193201739
47.7,23.1,9.850801735716477
47.7,23.2,9.773565450976259
47.7,23.3,9.663848021489787
47.7,23.4,9.452167579295379
47.7,23.5,8.477375245376612
47.7,23.6,7.399541791507361
47.7,23.7,7.74282570513481
47.7,23.8,6.001876743465275
47.7,23.9,6.77436357061681
47.7,24.0,5.523026655646236
47.7,24.1,7.494499431759486
47.7,24.2,7.554184833143925
47.7,24.3,7.162812273995258
47.7,24.4,7.872023452835988
47.7,24.5,6.451006818886255
47.7,24.6,4.892968281847316
47.7,24.7,4.206904638908966
47.7,24.8,3.644967455315633
47.7,24.9,2.2267625787787937
47.7,25.0,3.293705444777368
47.7,25.1,4.353814443640875
47.7,25.2,4.867814856906692
47.7,25.3,4.589896683541705
47.7,25.4,5.713352102489894
47.7,25.5,6.278979233391843
47.7,25.6,6.468722491992976
47.7,25.7,5.565017047215652
47.7,25.8,6.4728520508316665
47.7,25.9,7.436020250025801
47.7,26.0,7.783511726417945
47.7,26.1,8.359722595309487
47.7,26.2,8.097723938423378
47.7,26.3,7.894718979233341
47.7,26.4,8.595656576092582
47.7,26.5,8.72101353445604
47.7,26.6,9.343495712366954
47.7,26.7,9.547547267279699
47.7,26.8,9.187371629300536
47.7,26.9,9.228710610600308
47.7,27.0,9.299985019113555
47.7,27.1,9.262694493232763
47.7,27.2,9.812708440954694
47.7,27.3,9.876580225229873
47.7,27.4,9.235945345593537
47.6,22.0,10.208417191858661
47.6,22.1,10.17818008058685
47.6,22.2,10.15069583634678
47.6,22.3,10.142542101456813
47.6,22.4,10.077864965389
47.6,22.5,10.146059510279983
47.6,22.6,10.100410682921778
47.6,22.7,10.110360057857218
47.6,22.8,10.015098667217728
47.6,22.9,9.942169645624572
47.6,23.0,9.792410372972414
47.6,23.1,8.86561473292703
47.6,23.2,9.570613183180047
47.6,23.3,9.242078210558933
47.6,23.4,9.608830457691873
47.6,23.5,9.561468643454898
47.6,23.6,9.046612769914177
47.6,23.7,9.175451492922852
47.6,23.8,7.52590453559247
47.6,23.9,6.773481764645114
47.6,24.0,6.297504907531775
47.6,24.1,5.618225023246164
47.6,24.2,5.542295175121409
47.6,24.3,7.059907531769805
47.6,24.4,5.613297861349289
47.6,24.5,5.103510693253415
47.6,24.6,3.252642318421316
47.6,24.7,4.194231842132453
47.6,24.8,3.636790474222536
47.6,24.9,4.454563487963653
47.6,25.0,3.6479388366566963
47.6,25.1,4.991330199400798
47.6,25.2,3.7111375142059977
47.6,25.3,4.560219547473924
47.6,25.4,5.5110130178737675
47.6,25.5,3.8835504700898826
47.6,25.6,5.481088438888292
47.6,25.7,5.433507593759699
47.6,25.8,5.373818059716913
47.6,25.9,7.396479491683029
47.6,26.0,7.979347039983499
47.6,26.1,8.00958260150843
47.6,26.2,8.043922925922125
47.6,26.3,8.555848744705067
47.6,26.4,8.820905568757158
47.6,26.5,8.77976340531042
47.6,26.6,8.840376071908304
47.6,26.7,9.385972724454911
47.6,26.8,8.977968798429602
47.6,26.9,9.452985845645262
47.6,27.0,9.568800495918893
47.6,27.1,9.897329786134964
47.6,27.2,9.452785411716052
47.6,27.3,9.41763250335774
47.6,27.4,9.902505424114066
47.6,27.5,9.20852360781077
47.5,22.0,10.338070048558706
47.5,22.1,10.295117264180163
47.5,22.2,10.276889141440236
47.5,22.3,10.219271102386612
47.5,22.4,10.236971278024546
47.5,22.5,10.171469676619488
47.5,22.6,10.11443847504907
47.5,22.7,9.999327926438648
47.5,22.8,10.080137410889506
47.5,22.9,9.852477528670343
47.5,23.0,9.652252815373437
47.5,23.1,9.338551503254461
47.5,23.2,9.599659572269868
47.5,23.3,9.693103626407662
47.5,23.4,9.536876743465196
47.5,23.5,8.99450511416475
47.5,23.6,9.36729724145055
47.5,23.7,9.19593449736542
47.5,23.8,7.644574336191703
47.5,23.9,8.734660605434415
47.5,24.0,8.440899886351922
47.5,24.1,7.660729930777996
47.5,24.2,4.847759582601509
47.5,24.3,3.6176433515859103
47.5,24.4,5.650255191652052
47.5,24.5,6.751784275235018
47.5,24.6,3.3200516582291595
47.5,24.7,6.402473912594276
47.5,24.8,3.2119268519475126
47.5,24.9,1.7640024795950031
47.5,25.0,5.47528773633636
47.5,25.1,2.404333608843887
47.5,25.2,5.042988428556666
47.5,25.3,3.646770844095477
47.5,25.4,5.910399834693618
47.5,25.5,5.890884388883138
47.5,25.6,6.312701725384836
47.5,25.7,5.266523401177804
47.5,25.8,7.448196094637932
47.5,25.9,5.7681573509660105
47.5,26.0,7.8744942659365496
47.5,26.1,7.900341977477053
47.5,26.2,8.4214526294039
47.5,26.3,8.16103213141846
47.5,26.4,8.322675379687965
47.5,26.5,8.864344973654312
47.5,26.6,8.979290732513714
47.5,26.7,7.346752247132976
47.5,26.8,8.865425663808267
47.5,26.9,9.359347556565769
47.5,27.0,9.817729620828585
47.5,27.1,9.848989048455483
47.5,27.2,9.527213555119287
47.5,27.3,9.991000103316464
47.5,27.4,9.85724816613294
47.5,27.5,9.997370596135948
47.5,27.6,9.450865791920679
47.4,21.9,10.442299307779825
47.4,22.0,10.372516272342205
47.4,22.1,10.452717222853561
47.4,22.2,10.224559871887578
47.4,22.3,9.989972621138518
47.4,22.4,9.927400041326583
47.4,22.5,10.05987343733854
47.4,22.6,10.028344353755587
47.4,22.7,9.369342390742904
47.4,22.8,9.58683076764122
47.4,22.9,9.818880566174212
47.4,23.0,9.516337948135126
47.4,23.1,9.747514722595275
47.4,23.2,9.061307986362177
47.4,23.3,9.66905672073554
47.4,23.4,8.935178737472933
47.4,23.5,9.103159933877446
47.4,23.6,9.064246823018916
47.4,23.7,8.809062919723075
47.4,23.8,7.89959293315427
47.4,23.9,8.022578778799483
47.4,24.0,7.472626304370305
47.4,24.1,8.197410372972406
47.4,24.2,8.146656162826774
47.4,24.3,6.432273478665142
47.4,24.4,7.8516959396631965
47.4,24.5,5.172480111581783
47.4,24.6,3.3474341357578186
47.4,24.7,5.470437545200982
47.4,24.8,6.5762919723112025
47.4,24.9,5.696676826118386
47.4,25.0,4.193220890587898
47.4,25.1,3.6005754726728068
47.4,25.2,5.117260564107886
47.4,25.3,5.681269242690376
47.4,25.4,3.940945345593546
47.4,25.5,6.18357423287531
47.4,25.6,4.178700795536699
47.4,25.7,4.997746151461938
47.4,25.8,5.664737059613607
47.4,25.9,7.442716706271283
47.4,26.0,6.716146812687274
47.4,26.1,7.052638702345293
47.4,26.2,8.296677342700729
47.4,26.3,8.474891001136468
47.4,26.4,8.423180597169125
47.4,26.5,8.623668250852305
47.4,26.6,8.735954644074843
47.4,26.7,8.550246409753074
47.4,26.8,8.357172745118277
47.4,26.9,9.216453145986137
47.4,27.0,9.540448393429019
47.4,27.1,9.727985845645199
47.4,27.2,9.529098563901272
47.4,27.3,9.989425560491744
47.4,27.4,9.54604969521648
47.4,27.5,10.033280814133706
47.4,27.6,9.589233908461662
47.4,27.7,10.058300960843038
47.3,21.8,10.58105021179873
47.3,21.9,10.531800805868423
47.3,22.0,10.575131728484429
47.3,22.1,10.356611220167343
47.3,22.2,10.313241553879502
47.3,22.3,10.289266969728324
47.3,22.4,10.220425147225832
47.3,22.5,10.173834590350296
47.3,22.6,10.082997727037922
47.3,22.7,9.889557288976187
47.3,22.8,9.897384027275512
47.3,22.9,9.978082446533694
47.3,23.0,9.410006198987498
47.3,23.1,9.28633278231226
47.3,23.2,9.42509970038235
47.3,23.3,9.581034714329888
47.3,23.4,9.550744911664431
47.3,23.5,9.17103574749451
47.3,23.6,9.207121086889128
47.3,23.7,8.910701518751969
47.3,23.8,8.293981816303305
47.3,23.9,8.306617935737147
47.3,24.0,7.413858869717938
47.3,24.1,7.7346611220167345
47.3,24.2,8.386742948651683
47.3,24.3,7.614705548093855
47.3,24.4,7.599497882012617
47.3,24.5,6.485224713296823
47.3,24.6,6.719665771257363
47.3,24.7,5.667541584874445
47.3,24.8,6.943739539208634
47.3,24.9,5.135544477735294
47.3,25.0,4.143982332885638
47.3,25.1,4.864816613286495
47.3,25.2,5.048014774253557
47.3,25.3,4.1137746668044315
47.3,25.4,5.172653166649485
47.3,25.5,4.052266246513081
47.3,25.6,5.088001343113965
47.3,25.7,4.344366670110549
47.3,25.8,4.8100914350656225
47.3,25.9,6.175588387230091
47.3,26.0,6.780871990908186
47.3,26.1,7.541992457898538
47.3,26.2,6.223433205909743
47.3,26.3,8.411116850914352
47.3,26.4,8.674093398078334
47.3,26.5,8.679804731893759
47.3,26.6,8.414355305300129
47.3,26.7,9.165440644694737
47.3,26.8,8.71998450253128
47.3,26.9,8.96759944209113
47.3,27.0,9.42408719909085
47.3,27.1,9.813837689844041
47.3,27.2,9.514892034301086
47.3,27.3,9.548746771360744
47.3,27.4,9.932504907531706
47.3,27.5,10.077101456762067
47.3,27.6,10.093357784895138
47.3,27.7,10.038752970348229
47.3,27.8,9.89913420807931
47.2,21.8,10.616530633329928
47.2,21.9,10.557208905878719
47.2,22.0,10.51391879326379
47.2,22.1,10.340326996590582
47.2,22.2,10.421003719392477
47.2,22.3,10.197540035127526
47.2,22.4,9.938545820849233
47.2,22.5,8.430069738609324
47.2,22.6,9.913614009711745
47.2,22.7,9.929387849984577
47.2,22.8,9.895339394565537
47.2,22.9,9.755840995970631
47.2,23.0,9.132155697902652
47.2,23.1,9.33201932017769
47.2,23.2,9.588013741088865
47.2,23.3,9.027817956400492
47.2,23.4,8.638035954127503
47.2,23.5,8.172783345386978
47.2,23.6,9.171804938526705
47.2,23.7,9.295355925198935
47.2,23.8,9.41653269965907
47.2,23.9,8.24495867341662
47.2,24.0,9.24476857113338
47.2,24.1,9.170898853187307
47.2,24.2,9.009094947825194
47.2,24.3,8.621168509143477
47.2,24.4,8.707611840066091
47.2,24.5,7.938139270585788
47.2,24.6,7.802382994110947
47.2,24.7,7.538277198057652
47.2,24.8,6.314157970864777
47.2,24.9,2.319957123669801
47.2,25.0,3.9962139683851574
47.2,25.1,4.231087922306016
47.2,25.2,2.7560739745841403
47.2,25.3,3.7360011364810486
47.2,25.4,3.3481015600785082
47.2,25.5,2.404974170885425
47.2,25.6,5.673277198057642
47.2,25.7,4.788859902882554
47.2,25.8,5.942887695009797
47.2,25.9,6.769713296828175
47.2,26.0,7.089838826325011
47.2,26.1,5.823499845025319
47.2,26.2,8.02519578468853
47.2,26.3,8.139694183283373
47.2,26.4,8.638334538691998
47.2,26.5,8.765826531666434
47.2,26.6,9.01441574542823
47.2,26.7,9.024226159727267
47.2,26.8,9.212855666907718
47.2,26.9,9.057729620828596
47.2,27.0,9.707643868168175
47.2,27.1,9.612852050831648
47.2,27.2,9.57592364913729
47.2,27.3,9.584306746564714
47.2,27.4,9.768504494265908
47.2,27.5,9.69592364913727
47.2,27.6,9.774981403037565
47.2,27.7,9.69447256948031
47.2,27.8,10.156711437131975
47.2,27.9,9.75508213658437
47.1,21.6,10.670158074181233
47.1,21.7,10.650264490133239
47.1,21.8,10.614787684678154
47.1,21.9,10.47193408409959
47.1,22.0,10.349824878603172
47.1,22.1,10.266252712057005
47.1,22.2,9.66904897200123
47.1,22.3,10.164694183283384
47.1,22.4,9.574327409856329
47.1,22.5,7.553876433515836
47.1,22.6,8.961800805868414
47.1,22.7,9.789455522264706
47.1,22.8,9.242237317904774
47.1,22.9,9.459066535799163
47.1,23.0,7.757645417915077
47.1,23.1,9.337814856906672
47.1,23.2,9.482086475875592
47.1,23.3,9.546634466370552
47.1,23.4,8.294980369872912
47.1,23.5,8.50114577952263
47.1,23.6,9.02182146916002
47.1,23.7,7.829611530116733
47.1,23.8,8.796563694596514
47.1,23.9,9.356215518132005
47.1,24.0,8.609360987705317
47.1,24.1,8.3434776319868
47.1,24.2,8.910183386713525
47.1,24.3,8.872344250439118
47.1,24.4,8.16836295071804
47.1,24.5,7.716032648000853
47.1,24.6,8.18057495609048
47.1,24.7,5.956182973447653
47.1,24.8,3.4505418948238513
47.1,24.9,2.4360879223060414
47.1,25.0,3.744508213658436
47.1,25.1,3.553952887694991
47.1,25.2,2.9781558012191303
47.1,25.3,2.003670833763823
47.1,25.4,3.179793367083394
47.1,25.5,4.257794193615058
47.1,25.6,3.9135199917346877
47.1,25.7,1.4205491269759274
47.1,25.8,6.632079243723541
47.1,25.9,5.120432895960346
47.1,26.0,7.669843475565708
47.1,26.1,5.649008678582528
47.1,26.2,6.758908978200281
47.1,26.3,8.047533836140103
47.1,26.4,8.125282053931208
47.1,26.5,8.635225746461437
47.1,26.6,8.858905878706446
47.1,26.7,9.053735923132587
47.1,26.8,9.128689430726306
47.1,26.9,9.159116127699134
47.1,27.0,9.12164273168708
47.1,27.1,9.319516478975038
47.1,27.2,9.612013637772554
47.1,27.3,9.546091538382097
47.1,27.4,9.826807004855882
47.1,27.5,10.007419154871362
47.1,27.6,9.70055119330504
47.1,27.7,9.861226882942487
47.1,27.8,10.205786754830063
47.1,27.9,10.09104401281126
47.1,28.0,9.814558322140773
47.1,28.1,9.52677136067781
47.0,21.6,10.685992871164387
47.0,21.7,10.647591693356762
47.0,21.8,10.527551399938034
47.0,21.9,10.35949633226577
47.0,22.0,10.257041016633934
47.0,22.1,10.071540448393392
47.0,22.2,10.071070875090323
47.0,22.3,9.494095464407545
47.0,22.4,8.687678479181729
47.0,22.5,9.769869304680267
47.0,22.6,8.982553982849442
47.0,22.7,6.510023246203115
47.0,22.8,7.961773943589221
47.0,22.9,6.634159004029346
47.0,23.0,8.636080690153968
47.0,23.1,8.442280710817208
47.0,23.2,8.74402985845641
47.0,23.3,9.152608223990086
47.0,23.4,8.934876536832352
47.0,23.5,8.813865068705418
47.0,23.6,8.646500671556996
47.0,23.7,8.336730034094405
47.0,23.8,8.877987395392058
47.0,23.9,9.132878913110842
47.0,24.0,9.131213451802852
47.0,24.1,7.795577539001947
47.0,24.2,8.473862485793976
47.0,24.3,8.34720890587877
47.0,24.4,8.754263870234544
47.0,24.5,7.815182353548918
47.0,24.6,8.044282983779272
47.0,24.7,7.0211855563591365
47.0,24.8,5.178728690980475
47.0,24.9,4.769553156317784
47.0,25.0,4.491666494472561
47.0,25.1,5.978397045149326
47.0,25.2,3.788697696042972
47.0,25.3,5.136500154974704
47.0,25.4,4.01534817646449
47.0,25.5,5.227020353342293
47.0,25.6,4.485291352412426
47.0,25.7,5.341851947515211
47.0,25.8,4.411867961566284
47.0,25.9,7.189688500878169
47.0,26.0,5.973547887178459
47.0,26.1,6.990026345696838
47.0,26.2,5.982661431966092
47.0,26.3,6.522799876020276
47.0,26.4,8.625456142163426
47.0,26.5,8.647677446017124
47.0,26.6,8.789755656576105
47.0,26.7,8.612031201570424
47.0,26.8,9.240468023556161
47.0,26.9,9.255022213038504
47.0,27.0,9.168413575782603
47.0,27.1,9.114569686951107
47.0,27.2,9.204037090608614
47.0,27.3,9.52451906188653
47.0,27.4,9.397871164376491
47.0,27.5,9.275567207356096
47.0,27.6,8.957041533216254
47.0,27.7,9.07497572063228
47.0,27.8,9.295457175328053
47.0,27.9,9.766903605744346
47.0,28.0,10.25017047215622
47.0,28.1,10.11112873230711
46.9,21.5,10.64806126665974
46.9,21.6,10.665652960016521
46.9,21.7,10.662281227399523
46.9,21.8,10.612836553362966
46.9,21.9,10.408648104142978
46.9,22.0,10.296381857629907
46.9,22.1,10.136173158384082
46.9,22.2,9.74634776319863
46.9,22.3,8.114555222646983
46.9,22.4,8.75771670627129
46.9,22.5,6.875147742535429
46.9,22.6,7.811146296104943
46.9,22.7,8.857820539311923
46.9,22.8,6.496790990804836
46.9,22.9,7.489890484554201
46.9,23.0,8.313569583634678
46.9,23.1,9.146730034094405
46.9,23.2,8.347701725384798
46.9,23.3,8.156496022316357
46.9,23.4,8.731988841822464
46.9,23.5,8.40990959809904
46.9,23.6,8.970007232152058
46.9,23.7,9.236145779522733
46.9,23.8,9.22360729414195
46.9,23.9,9.186632400041312
46.9,24.0,8.587146399421407
46.9,24.1,8.521718669283995
46.9,24.2,8.773346936666973
46.9,24.3,7.935719599132124
46.9,24.4,8.339992251265626
46.9,24.5,7.957876846781692
46.9,24.6,7.989508730240742
46.9,24.7,6.188327823122225
46.9,24.8,8.025377105072847
46.9,24.9,6.82831180907121
46.9,25.0,4.907148465750588
46.9,25.1,5.431951647897505
46.9,25.2,3.2366349829527903
46.9,25.3,5.733388779832636
46.9,25.4,5.9550335778489565
46.9,25.5,3.388124289699352
46.9,25.6,2.979616179357357
46.9,25.7,4.003972001239813
46.9,25.8,5.250013947721839
46.9,25.9,6.380434445707203
46.9,26.0,6.3365239177601165
46.9,26.1,8.330241243930184
46.9,26.2,8.36893893997309
46.9,26.3,7.295883355718583
46.9,26.4,8.88597944002482
46.9,26.5,8.914662155181322
46.9,26.6,8.851561628267364
46.9,26.7,8.77296983159413
46.9,26.8,9.126833867134938
46.9,26.9,9.332170678789124
46.9,27.0,9.301751730550672
46.9,27.1,9.176128732307067
46.9,27.2,9.289398181630304
46.9,27.3,9.421876743465253
46.9,27.4,9.259400247959514
46.9,27.5,9.563976133898151
46.9,27.6,9.303654303130468
46.9,27.7,9.753949788201279
46.9,27.8,9.84733908461617
46.9,27.9,9.681471742948677
46.9,28.0,9.828714226676352
46.9,28.1,10.306817853084018
46.9,28.2,9.838012707924308
46.8,21.4,10.717431552846373
46.8,21.5,10.685610600268625
46.8,21.6,10.67341099287119
46.8,21.7,10.66268726108074
46.8,21.8,10.590089885318791
46.8,21.9,10.52265471639629
46.8,22.0,10.098690980473163
46.8,22.1,10.265627130901965
46.8,22.2,10.466267692943482
46.8,22.3,10.4302681062093
46.8,22.4,10.092715156524447
46.8,22.5,8.01125271205707
46.8,22.6,5.959872920756262
46.8,22.7,5.621994524227686
46.8,22.8,4.720109515445801
46.8,22.9,6.085146192788511
46.8,23.0,7.519913730757317
46.8,23.1,7.461727967765204
46.8,23.2,7.462994627544134
46.8,23.3,7.966349312945568
46.8,23.4,8.819008162000193
46.8,23.5,8.599754623411473
46.8,23.6,9.15636790990812
46.8,23.7,9.204949374935419
46.8,23.8,9.0168767434652
46.8,23.9,8.37364035540863
46.8,24.0,8.685156524434342
46.8,24.1,8.946648414092392
46.8,24.2,8.678670317181465
46.8,24.3,8.805841512552933
46.8,24.4,8.68841977477014
46.8,24.5,7.995711850397769
46.8,24.6,8.346832833970426
46.8,24.7,7.704468436821932
46.8,24.8,6.551436098770532
46.8,24.9,7.759677652650106
46.8,25.0,4.833955470606475
46.8,25.1,4.339246306436607
46.8,25.2,3.5061137514206138
46.8,25.3,4.239189998966832
46.8,25.4,5.7458378964769095
46.8,25.5,5.852223370182889
46.8,25.6,2.594831594172966
46.8,25.7,2.763435272238883
46.8,25.8,5.195386403554082
46.8,25.9,6.758249302613904
46.8,26.0,5.7556958363467405
46.8,26.1,7.113157350965988
46.8,26.2,4.56968643454903
46.8,26.3,7.860492302923907
46.8,26.4,8.01317336501705
46.8,26.5,9.028366566794096
46.8,26.6,9.1520962909391
46.8,26.7,9.10638754003513
46.8,26.8,9.051224300030999
46.8,26.9,9.394332059097016
46.8,27.0,9.251738815993363
46.8,27.1,9.207329786134823
46.8,27.2,9.210999586734095
46.8,27.3,9.214022626304336
46.8,27.4,9.237317904742282
46.8,27.5,9.729508213658422
46.8,27.6,9.522699659055624
46.8,27.7,9.712459964872403
46.8,27.8,9.792194441574548
46.8,27.9,9.658433205909766
46.8,28.0,8.813525157557619
46.8,28.1,9.833248786031648
46.8,28.2,10.070250542411435
46.7,21.3,10.735693770017528
46.7,21.4,10.66456348796366
46.7,21.5,10.69106984192583
46.7,21.6,10.674908564934324
46.7,21.7,10.662938320074417
46.7,21.8,10.651114784585161
46.7,21.9,10.586549230292377
46.7,22.0,10.391849364603816
46.7,22.1,10.541534765988233
46.7,22.2,9.84516633949787
46.7,22.3,10.285165306333353
46.7,22.4,9.983004442607673
46.7,22.5,9.302691393739046
46.7,22.6,4.943155284636841
46.7,22.7,3.846219134208076
46.7,22.8,4.873347453249325
46.7,22.9,6.327613906395276
46.7,23.0,6.392109722078706
46.7,23.1,5.745213348486422
46.7,23.2,8.16620157041019
46.7,23.3,6.828484347556546
46.7,23.4,7.996371525984151
46.7,23.5,8.588248269449293
46.7,23.6,7.42674243206942
46.7,23.7,7.802117987395427
46.7,23.8,8.145343527223948
46.7,23.9,8.71048713710091
46.7,24.0,8.568776216551294
46.7,24.1,9.013267382994139
46.7,24.2,8.471125116231004
46.7,24.3,8.530985122430002
46.7,24.4,8.844378551503228
46.7,24.5,8.532802975514
46.7,24.6,8.54937131935121
46.7,24.7,7.857555016014076
46.7,24.8,7.947775596652553
46.7,24.9,7.901283190412268
46.7,25.0,4.4199969005062565
46.7,25.1,4.569695216447978
46.7,25.2,3.239876536832307
46.7,25.3,3.561746564727773
46.7,25.4,5.917181010434952
46.7,25.5,5.783677032751306
46.7,25.6,5.449934394048946
46.7,25.7,2.7442401074491163
46.7,25.8,1.5372812273995278
46.7,25.9,4.890427213555112
46.7,26.0,3.1679078417191855
46.7,26.1,3.8706844715363213
46.7,26.2,5.560223680132236
46.7,26.3,4.383369666287841
46.7,26.4,7.941798739539186
46.7,26.5,8.283437338568003
46.7,26.6,9.235735613183198
46.7,26.7,9.32760305816719
46.7,26.8,9.08052949684884
46.7,26.9,9.395606467610257
46.7,27.0,9.401220167372625
46.7,27.1,9.20168612459963
46.7,27.2,8.535135861142672
46.7,27.3,8.353445603884717
46.7,27.4,8.761949581568278
46.7,27.5,8.341075007748746
46.7,27.6,9.19648155801222
46.7,27.7,9.64379378034928
46.7,27.8,9.413758136171108
46.7,27.9,9.518231738816016
46.7,28.0,9.516703171815182
46.7,28.1,10.084959189998896
46.7,28.2,10.489637359231333
46.7,28.3,10.446325033577873
46.6,21.2,10.740070255191647
46.6,21.3,10.731625167889206
46.6,21.4,10.727825705134823
46.6,21.5,10.713564417811682
46.6,21.6,10.665672073561346
46.6,21.7,10.657303957020376
46.6,21.8,10.628796879843007
46.6,21.9,10.547935220580692
46.6,22.0,10.462141233598537
46.6,22.1,8.78341925818785
46.6,22.2,8.511305920033035
46.6,22.3,6.956153528257035
46.6,22.4,10.049538692013614
46.6,22.5,9.699443640871998
46.6,22.6,6.441449013327818
46.6,22.7,4.963450769707649
46.6,22.8,5.771471226366372
46.6,22.9,5.902246616385967
46.6,23.0,4.550906085339393
46.6,23.1,4.747421221200534
46.6,23.2,4.202384543857843
46.6,23.3,4.681667527637159
46.6,23.4,7.72994420911247
46.6,23.5,7.736379274718463
46.6,23.6,8.424151771877263
46.6,23.7,8.512238867651593
46.6,23.8,9.011764128525686
46.6,23.9,9.127520921582796
46.6,24.0,8.776567310672567
46.6,24.1,9.176133381547663
46.6,24.2,8.426113751420585
46.6,24.3,8.970017563797926
46.6,24.4,8.964239074284558
46.6,24.5,8.41606106002689
46.6,24.6,8.924972104556277
46.6,24.7,8.14671763611944
46.6,24.8,8.44166546130799
46.6,24.9,6.93161276991423
46.6,25.0,4.934736543031316
46.6,25.1,6.986158177497667
46.6,25.2,5.262753900196307
46.6,25.3,4.928927575162763
46.6,25.4,4.467567413989038
46.6,25.5,2.6183154251472196
46.6,25.6,5.463594379584672
46.6,25.7,4.827205806384953
46.6,25.8,5.790314082033289
46.6,25.9,3.4565569790267734
46.6,26.0,4.850901436098759
46.6,26.1,5.831313668767384
46.6,26.2,4.040275338361407
46.6,26.3,3.8714665771257035
46.6,26.4,6.667602541584914
46.6,26.5,7.37814082033271
46.6,26.6,8.742323070565119
46.6,26.7,8.8270157041016
46.6,26.8,9.354621345180352
46.6,26.9,9.455471639632197
46.6,27.0,9.487802458931734
46.6,27.1,8.902007955367283
46.6,27.2,9.176770844095447
46.6,27.3,8.202547783861997
46.6,27.4,9.310293935323877
46.6,27.5,7.826429899782975
46.6,27.6,8.727186176257872
46.6,27.7,9.231017667114404
46.6,27.8,9.248405310465984
46.6,27.9,9.712913007542147
46.6,28.0,9.067600991837958
46.6,28.1,10.180780039260311
46.6,28.2,10.547891827668204
46.6,28.3,10.220467506973833
46.5,21.2,10.716821985742365
46.5,21.3,10.721223266866446
46.5,21.4,10.71030839962814
46.5,21.5,10.696431449529904
46.5,21.6,10.691980576505758
46.5,21.7,10.59254881702656
46.5,21.8,10.576397355098662
46.5,21.9,10.535470606467602
46.5,22.0,10.421582291558975
46.5,22.1,9.961892240934008
46.5,22.2,5.9857552433102565
46.5,22.3,6.899902365946838
46.5,22.4,8.505808451286262
46.5,22.5,9.113899163136713
46.5,22.6,7.577044632709942
46.5,22.7,5.909581051761567
46.5,22.8,4.8997794193615105
46.5,22.9,6.871981093088149
46.5,23.0,3.6650263456968695
46.5,23.1,3.716911354478737
46.5,23.2,4.271930468023534
46.5,23.3,4.762215621448506
46.5,23.4,6.101291972311154
46.5,23.5,7.742524537658815
46.5,23.6,9.05595361091023
46.5,23.7,8.996537348899679
46.5,23.8,8.926649963839267
46.5,23.9,9.224293832007437
46.5,24.0,8.763684264903352
46.5,24.1,9.02691238764336
46.5,24.2,8.879298481248005
46.5,24.3,8.461278541171604
46.5,24.4,8.973569067052404
46.5,24.5,9.01360987705347
46.5,24.6,8.151135447876783
46.5,24.7,8.775633846471717
46.5,24.8,7.591151978510176
46.5,24.9,8.359498915177202
46.5,25.0,7.959553672900092
46.5,25.1,5.256291972311201
46.5,25.2,5.194830044426079
46.5,25.3,6.023685298067947
46.5,25.4,5.7386522368013315
46.5,25.5,5.479420911251169
46.5,25.6,3.518725074904451
46.5,25.7,5.741920136377725
46.5,25.8,5.873385163756589
46.5,25.9,3.617879946275425
46.5,26.0,3.4865450976340635
46.5,26.1,5.7864247339601285
46.5,26.2,7.124691083789676
46.5,26.3,3.634543341254271
46.5,26.4,5.604914763921912
46.5,26.5,6.964695733030265
46.5,26.6,8.125533629507228
46.5,26.7,9.126395805351759
46.5,26.8,8.48891052794711
46.5,26.9,9.535327513172854
46.5,27.0,9.21717739435893
46.5,27.1,9.389300030994868
46.5,27.2,9.388719909081496
46.5,27.3,9.145935013947687
46.5,27.4,8.984408513276197
46.5,27.5,8.71608998863517
46.5,27.6,8.850472672796785
46.5,27.7,9.327803492096288
46.5,27.8,10.006647897510133
46.5,27.9,9.707712573613005
46.5,28.0,9.89651151978511
46.5,28.1,9.983251368943016
46.5,28.2,10.574709164169795
46.5,28.3,9.966441781175797
46.4,21.1,10.716755346626694
46.4,21.2,10.708794813513856
46.4,21.3,10.684707614422992
46.4,21.4,10.691145262940381
46.4,21.5,10.65781795640056
46.4,21.6,10.635404483934249
46.4,21.7,10.619949374935443
46.4,21.8,10.54193615042874
46.4,21.9,10.413997313772127
46.4,22.0,10.317806591589957
46.4,22.1,10.317597892344203
46.4,22.2,10.115355925198939
46.4,22.3,8.189974687467737
46.4,22.4,8.312766814753568
46.4,22.5,8.566472776113285
46.4,22.6,8.489092881496028
46.4,22.7,4.481992974480843
46.4,22.8,5.000231428866604
46.4,22.9,5.947505424114084
46.4,23.0,6.4458880049591665
46.4,23.1,7.766733133588204
46.4,23.2,6.344748424424008
46.4,23.3,8.618761752247105
46.4,23.4,7.918817543134628
46.4,23.5,5.633702345283589
46.4,23.6,7.425862175844593
46.4,23.7,8.60302407273482
46.4,23.8,9.406569377001796
46.4,23.9,9.509497365430287
46.4,24.0,9.019516478975039
46.4,24.1,8.916068808761253
46.4,24.2,9.115252608740525
46.4,24.3,8.661362227502888
46.4,24.4,8.898539105279488
46.4,24.5,8.61990856493441
46.4,24.6,8.95749199297443
46.4,24.7,8.883744188449228
46.4,24.8,8.099838826325024
46.4,24.9,7.16554602748218
46.4,25.0,7.016347246616376
46.4,25.1,7.262522471329699
46.4,25.2,6.6909618762268686
46.4,25.3,5.5683980783138844
46.4,25.4,4.997782828804604
46.4,25.5,5.172683128422346
46.4,25.6,2.4495531563178004
46.4,25.7,5.723062816406631
46.4,25.8,6.090108998863518
46.4,25.9,4.078345903502426
46.4,26.0,3.4736661845231778
46.4,26.1,4.693469366670084
46.4,26.2,4.742766814753553
46.4,26.3,7.206374625477824
46.4,26.4,7.824454489100093
46.4,26.5,7.924877053414602
46.4,26.6,8.130893170782059
46.4,26.7,9.246349312945561
46.4,26.8,8.602140200433896
46.4,26.9,9.08365791920649
46.4,27.0,9.42963322657301
46.4,27.1,9.203250335778439
46.4,27.2,8.779959189998982
46.4,27.3,9.531351895857012
46.4,27.4,9.166735199917328
46.4,27.5,9.833717326170085
46.4,27.6,9.664020043392886
46.4,27.7,9.393238970968076
46.4,27.8,10.171251162310103
46.4,27.9,9.466845231945369
46.4,28.0,10.050149808864594
46.4,28.1,10.438684264903348
46.4,28.2,10.571052794710216
46.4,28.3,10.768227606157604
46.3,20.7,10.797854633743176
46.3,20.8,10.737453765884908
46.3,20.9,10.731318834590326
46.3,21.0,10.73782828804631
46.3,21.1,10.74614009711748
46.3,21.2,10.707852567414031
46.3,21.3,10.688914660605418
46.3,21.4,10.637696559561865
46.3,21.5,10.602064779419335
46.3,21.6,10.625561524950948
46.3,21.7,10.49093966318838
46.3,21.8,10.463826841615884
46.3,21.9,10.34386661845229
46.3,22.0,10.157697592726551
46.3,22.1,10.228504494265884
46.3,22.2,10.139241140613663
46.3,22.3,10.098966835416917
46.3,22.4,8.911366876743465
46.3,22.5,9.726720219030934
46.3,22.6,9.40066329166234
46.3,22.7,7.551164893067447
46.3,22.8,6.890886455212308
46.3,22.9,8.151752763715166
46.3,23.0,7.181382890794523
46.3,23.1,7.395457691910368
46.3,23.2,5.408763301994005
46.3,23.3,6.34108378964769
46.3,23.4,6.688601095154501
46.3,23.5,8.60662671763609
46.3,23.6,8.699993801012516
46.3,23.7,9.28323845438576
46.3,23.8,9.492805041843171
46.3,23.9,8.530504184316527
46.3,24.0,9.17730499018498
46.3,24.1,8.860093501394811
46.3,24.2,9.10206322967248
46.3,24.3,9.12956503771053
46.3,24.4,8.80391930984608
46.3,24.5,8.709074801115802
46.3,24.6,8.731219134208029
46.3,24.7,8.000791404070641
46.3,24.8,8.141532699659013
46.3,24.9,7.530079037090553
46.3,25.0,8.230472156214486
46.3,25.1,5.986216551296639
46.3,25.2,5.449107345800154
46.3,25.3,7.721252195474697
46.3,25.4,5.765905052174769
46.3,25.5,6.414324826944902
46.3,25.6,5.460365740262399
46.3,25.7,4.146887075111062
46.3,25.8,5.986399938010151
46.3,25.9,5.793186796156645
46.3,26.0,3.1282110755243315
46.3,26.1,4.471393222440325
46.3,26.2,3.5038986465543998
46.3,26.3,3.695973757619595
46.3,26.4,7.072790577539
46.3,26.5,8.698883665667944
46.3,26.6,8.932475462341207
46.3,26.7,9.150437028618686
46.3,26.8,9.210145159623908
46.3,26.9,8.368786548197132
46.3,27.0,9.557634053104715
46.3,27.1,9.595116747597912
46.3,27.2,9.444822812274062
46.3,27.3,9.711601405103837
46.3,27.4,9.476831284223573
46.3,27.5,9.370138444054051
46.3,27.6,9.291447463580928
46.3,27.7,9.853159933877421
46.3,27.8,10.149931294555232
46.3,27.9,9.604739642525049
46.3,28.0,10.103642938320117
46.3,28.1,10.50031511519781
46.3,28.2,10.637375761958868
46.3,28.3,9.973004959189968
46.2,20.2,10.901773427006964
46.2,20.3,10.890907118503973
46.2,20.4,10.886855563591203
46.2,20.5,10.855285670007207
46.2,20.6,10.840165822915607
46.2,20.7,10.819808347969824
46.2,20.8,10.784398181630339
46.2,20.9,10.752413989048437
46.2,21.0,10.739888418224995
46.2,21.1,10.754233391879378
46.2,21.2,10.707942969315
46.2,21.3,10.661089988635183
46.2,21.4,10.63689843992155
46.2,21.5,10.58221148879017
46.2,21.6,10.58168354168816
46.2,21.7,8.71053053001343
46.2,21.8,7.329222543651172
46.2,21.9,9.941824568653784
46.2,22.0,9.378664118194067
46.2,22.1,9.481096704204997
46.2,22.2,7.9128923442504595
46.2,22.3,9.739322244033474
46.2,22.4,9.149036574026303
46.2,22.5,9.042202190308952
46.2,22.6,9.678811860729443
46.2,22.7,9.411313152185175
46.2,22.8,8.675047008988592
46.2,22.9,9.193134621345198
46.2,23.0,7.1507257981195815
46.2,23.1,6.546709887385036
46.2,23.2,5.549050521748105
46.2,23.3,5.562240933980789
46.2,23.4,6.031254261803907
46.2,23.5,6.975453559252005
46.2,23.6,9.527696559561917
46.2,23.7,9.663193511726362
46.2,23.8,8.839073767951202
46.2,23.9,9.037828288046295
46.2,24.0,9.138424424010747
46.2,24.1,9.310677755966587
46.2,24.2,9.122701208802603
46.2,24.3,8.803278231222237
46.2,24.4,9.084446223783454
46.2,24.5,9.047204773220361
46.2,24.6,8.789930777972934
46.2,24.7,8.665859076350811
46.2,24.8,8.559446223783453
46.2,24.9,7.162060646761056
46.2,25.0,6.0622197541068354
46.2,25.1,7.590211798739561
46.2,25.2,7.370984605847749
46.2,25.3,6.687954334125419
46.2,25.4,7.529116644281443
46.2,25.5,5.697345283603656
46.2,25.6,5.7071314185349795
46.2,25.7,5.476881909288108
46.2,25.8,4.956127182560204
46.2,25.9,6.58218669284016
46.2,26.0,5.139117677446006
46.2,26.1,6.47650738712675
46.2,26.2,5.17680338877984
46.2,26.3,3.614799566070883
46.2,26.4,7.465442711023833
46.2,26.5,6.955258291145797
46.2,26.6,9.259315011881462
46.2,26.7,8.952491992974451
46.2,26.8,9.158540655026288
46.2,26.9,9.811004235974709
46.2,27.0,8.791444364087186
46.2,27.1,9.814760305816694
46.2,27.2,9.324177600991868
46.2,27.3,9.95337638185764
46.2,27.4,9.799710197334429
46.2,27.5,9.60694441574542
46.2,27.6,10.092748734373341
46.2,27.7,9.713687880979434
46.2,27.8,9.032491992974458
46.2,27.9,9.387052381444375
46.2,28.0,10.388157350965974
46.2,28.1,10.814452939353227
46.2,28.2,10.752244550056814
46.1,20.2,10.941707821055902
46.1,20.3,10.932426903605725
46.1,20.4,10.9011225333195
46.1,20.5,10.897438784998418
46.1,20.6,10.862273478665175
46.1,20.7,10.862167062713116
46.1,20.8,10.840925715466472
46.1,20.9,10.77869872920756
46.1,21.0,10.781840066122543
46.1,21.1,10.710098150635446
46.1,21.2,10.660673623308197
46.1,21.3,10.550074904432323
46.1,21.4,10.55617625787785
46.1,21.5,10.571306953197714
46.1,21.6,10.509065502634549
46.1,21.7,10.461370492819515
46.1,21.8,10.396688707511078
46.1,21.9,9.774092881496003
46.1,22.0,10.237877363363932
46.1,22.1,10.098243103626467
46.1,22.2,9.25396321934083
46.1,22.3,9.405675173055101
46.1,22.4,9.793012191342092
46.1,22.5,7.813587664014865
46.1,22.6,7.276789957640237
46.1,22.7,7.479472569480356
46.1,22.8,9.121576609153873
46.1,22.9,8.991168509143465
46.1,23.0,7.488712676929405
46.1,23.1,7.9583164583118045
46.1,23.2,8.015097117470772
46.1,23.3,9.109674036574026
46.1,23.4,9.243939973137703
46.1,23.5,8.375398284946778
46.1,23.6,9.86879119743777
46.1,23.7,9.144935943795886
46.1,23.8,9.497621655129699
46.1,23.9,8.99221355511929
46.1,24.0,8.728229155904534
46.1,24.1,8.493916210352292
46.1,24.2,8.608166132865028
46.1,24.3,8.950830664324805
46.1,24.4,8.929525777456345
46.1,24.5,8.698144952990994
46.1,24.6,8.583114474635815
46.1,24.7,7.902549850191204
46.1,24.8,8.077696559561929
46.1,24.9,7.047154148155836
46.1,25.0,7.3029977270378925
46.1,25.1,7.697393325756797
46.1,25.2,7.3537359231325805
46.1,25.3,7.337835003616079
46.1,25.4,7.4121882425869865
46.1,25.5,7.555726831284191
46.1,25.6,7.3336305403450615
46.1,25.7,7.014891517718742
46.1,25.8,6.177074594482922
46.1,25.9,6.078049385267043
46.1,26.0,5.8984683335055355
46.1,26.1,6.351345696869519
46.1,26.2,7.139387849984517
46.1,26.3,7.053642938320033
46.1,26.4,7.842785411716039
46.1,26.5,5.765215931397907
46.1,26.6,6.610575989255067
46.1,26.7,8.9554401281124
46.1,26.8,7.665793470399821
46.1,26.9,9.389377001756376
46.1,27.0,8.97264283500355
46.1,27.1,10.035031511519904
46.1,27.2,10.025195784688533
46.1,27.3,9.763012191342105
46.1,27.4,10.036299204463301
46.1,27.5,9.93536419051554
46.1,27.6,10.281569893583987
46.1,27.7,10.209854323793753
46.1,27.8,9.511614836243394
46.1,27.9,9.765413782415537
46.1,28.0,10.302277611323493
46.1,28.1,10.821961979543397
46.1,28.2,10.854774770120876
46.0,20.3,10.934046905672101
46.0,20.4,10.93159262320494
46.0,20.5,10.930878189895653
46.0,20.6,10.899379584667942
46.0,20.7,10.881809587767348
46.0,20.8,10.862706374625473
46.0,20.9,10.853742122120076
46.0,21.0,10.825151358611361
46.0,21.1,10.762722905258814
46.0,21.2,10.761036264076841
46.0,21.3,10.588293212108653
46.0,21.4,10.564480318214772
46.0,21.5,10.190133278231226
46.0,21.6,9.857313772083849
46.0,21.7,9.866190722182013
46.0,21.8,9.740574956090455
46.0,21.9,10.273064366153571
46.0,22.0,10.045099700382242
46.0,22.1,10.291265626614326
46.0,22.2,10.262689327409877
46.0,22.3,9.478936357061675
46.0,22.4,10.160821365843596
46.0,22.5,9.151693356751705
46.0,22.6,9.614118710610597
46.0,22.7,8.866863312325627
46.0,22.8,8.600258291145762
46.0,22.9,9.450282570513536
46.0,23.0,8.604141956813743
46.0,23.1,8.678720942246093
46.0,23.2,7.705418948238444
46.0,23.3,8.360421014567581
46.0,23.4,8.734942659365675
46.0,23.5,9.736909288149667
46.0,23.6,8.75854788717843
46.0,23.7,8.987829321210842
46.0,23.8,8.885578572166525
46.0,23.9,8.822567930571289
46.0,24.0,8.988390329579502
46.0,24.1,8.227084926128775
46.0,24.2,9.135453042669734
46.0,24.3,8.049441574542813
46.0,24.4,8.206535799152796
46.0,24.5,8.26241553879527
46.0,24.6,8.123010125012923
46.0,24.7,8.197199607397435
46.0,24.8,8.219301580741813
46.0,24.9,7.478866618452322
46.0,25.0,8.002587560698444
46.0,25.1,8.00114268002887
46.0,25.2,7.069526294038637
46.0,25.3,8.086724868271501
46.0,25.4,7.228723525157577
46.0,25.5,6.87834796983159
46.0,25.6,7.700772290525855
46.0,25.7,7.097140717016256
46.0,25.8,5.543166132864973
46.0,25.9,4.4368782932121045
46.0,26.0,6.82445913834074
46.0,26.1,7.278367083376349
46.0,26.2,7.571763095361087
46.0,26.3,7.003975617315859
46.0,26.4,5.360743361917565
46.0,26.5,6.8418751937183995
46.0,26.6,7.260905568757102
46.0,26.7,7.716080173571643
46.0,26.8,9.284120776939798
46.0,26.9,9.391266659778873
46.0,27.0,9.022807108172287
46.0,27.1,9.80930622998244
46.0,27.2,10.177810207666075
46.0,27.3,9.86948341770848
46.0,27.4,10.022585494369222
46.0,27.5,10.042113854737007
46.0,27.6,9.857573096394203
46.0,27.7,9.93071494989147
46.0,27.8,9.414206013017871
46.0,27.9,10.261058477115407
46.0,28.0,10.231384440541426
46.0,28.1,10.907234734993292
46.0,28.2,10.459234425043897
45.9,20.4,10.954916830251118
45.9,20.5,10.953307159830594
45.9,20.6,10.934299514412642
45.9,20.7,10.929101663394977
45.9,20.8,10.904307263147073
45.9,20.9,10.893507593759605
45.9,21.0,10.879512862899057
45.9,21.1,10.869143506560649
45.9,21.2,10.686436098770498
45.9,21.3,10.751639632193404
45.9,21.4,10.646853497262127
45.9,21.5,10.500888521541443
45.9,21.6,10.240677239384256
45.9,21.7,10.533987498708562
45.9,21.8,10.045532596342646
45.9,21.9,10.327432069428548
45.9,22.0,9.8167760099184
45.9,22.1,10.263687364397146
45.9,22.2,9.764370802768893
45.9,22.3,9.84412181010433
45.9,22.4,9.739558838723013
45.9,22.5,10.004879119743832
45.9,22.6,9.495941729517469
45.9,22.7,8.547674346523403
45.9,22.8,9.963505010848271
45.9,22.9,9.815060440128129
45.9,23.0,9.747464097530724
45.9,23.1,7.941079140407094
45.9,23.2,9.860479388366619
45.9,23.3,9.722126252712012
45.9,23.4,9.705964975720645
45.9,23.5,8.145724764955084
45.9,23.6,9.307510073354683
45.9,23.7,9.261501704721542
45.9,23.8,9.169827978096913
45.9,23.9,9.235533112924953
45.9,24.0,8.941732617005895
45.9,24.1,8.777303440438066
45.9,24.2,8.663621758446114
45.9,24.3,8.515082136584377
45.9,24.4,8.125452009505153
45.9,24.5,8.495255708234337
45.9,24.6,8.63288562868065
45.9,24.7,8.295469573303027
45.9,24.8,8.295167889244773
45.9,24.9,8.16594379584668
45.9,25.0,8.041131831800833
45.9,25.1,7.563990598202297
45.9,25.2,8.171210868891379
45.9,25.3,7.737801942349363
45.9,25.4,7.32271309019527
45.9,25.5,7.714875503667728
45.9,25.6,6.4937855150325765
45.9,25.7,5.833469366670104
45.9,25.8,7.316240830664263
45.9,25.9,6.192739435892145
45.9,26.0,7.23301322450663
45.9,26.1,7.651469676619497
45.9,26.2,7.53453662568455
45.9,26.3,6.9269557805558595
45.9,26.4,5.622952267796265
45.9,26.5,6.378764851740911
45.9,26.6,5.172380411199521
45.9,26.7,8.245008781898964
45.9,26.8,9.275416881909287
45.9,26.9,9.843829941109606
45.9,27.0,9.928194028308653
45.9,27.1,9.877346833350563
45.9,27.2,10.318600061989859
45.9,27.3,10.114338774666802
45.9,27.4,10.429801632400043
45.9,27.5,10.178668767434663
45.9,27.6,10.26006095671039
45.9,27.7,10.094199814030379
45.9,27.8,9.849119227192883
45.9,27.9,10.547770947411994
45.9,28.0,9.912285876640127
45.9,28.1,10.60998140303752
45.9,28.2,10.876224816613336
45.8,20.5,10.96547422254361
45.8,20.6,10.972562248166202
45.8,20.7,10.959942659365659
45.8,20.8,10.965541894823822
45.8,20.9,10.975939663188308
45.8,21.0,10.987855150325402
45.8,21.1,10.98391104452942
45.8,21.2,10.938664118194065
45.8,21.3,10.869242173778332
45.8,21.4,10.767969315011927
45.8,21.5,10.7856844715363
45.8,21.6,10.604691600371986
45.8,21.7,10.542433102593298
45.8,21.8,10.686295071804912
45.8,21.9,10.660663291662326
45.8,22.0,10.566156627750756
45.8,22.1,10.447994627544164
45.8,22.2,9.892760615766072
45.8,22.3,9.923152701725323
45.8,22.4,9.119269552639775
45.8,22.5,6.870998036987298
45.8,22.6,8.203152185143107
45.8,22.7,8.060828081413435
45.8,22.8,9.27025880772812
45.8,22.9,9.158860419464839
45.8,23.0,9.84047163963216
45.8,23.1,9.66804990184936
45.8,23.2,9.714217377828245
45.8,23.3,9.481769294348597
45.8,23.4,7.604162103523073
45.8,23.5,7.728208492612876
45.8,23.6,6.673684264903407
45.8,23.7,7.234415228845973
45.8,23.8,7.344134724661672
45.8,23.9,8.450165306333261
45.8,24.0,8.49064417811756
45.8,24.1,8.809183799979373
45.8,24.2,8.542177910941176
45.8,24.3,8.557124702965188
45.8,24.4,8.263488480214862
45.8,24.5,8.820078520508323
45.8,24.6,8.254546440748042
45.8,24.7,8.754907531769842
45.8,24.8,8.595521748114448
45.8,24.9,8.50860884388883
45.8,25.0,8.385911251162272
45.8,25.1,8.242142266763148
45.8,25.2,8.078003409443115
45.8,25.3,7.466863828907939
45.8,25.4,6.9155496435582
45.8,25.5,7.5753755553259605
45.8,25.6,7.851935633846474
45.8,25.7,6.624412129352193
45.8,25.8,7.661096187622693
45.8,25.9,7.1845226779626215
45.8,26.0,7.569270069222013
45.8,26.1,7.61409649757204
45.8,26.2,5.023017357164998
45.8,26.3,4.897978096910837
45.8,26.4,2.9291016633949805
45.8,26.5,5.485701518751972
45.8,26.6,7.330372455832236
45.8,26.7,8.692557082343239
45.8,26.8,9.253809277818005
45.8,26.9,9.023079863622328
45.8,27.0,8.955956710403942
45.8,27.1,10.327390226262992
45.8,27.2,10.42323018906919
45.8,27.3,10.534764438475065
45.8,27.4,10.47692375245373
45.8,27.5,10.523836656679382
45.8,27.6,10.343416158694028
45.8,27.7,10.296174708131014
45.8,27.8,10.09271205703071
45.8,27.9,10.565630746977963
45.8,28.0,10.52030891621036
45.8,28.1,10.967628370699444
45.8,28.2,10.841151461927838
45.7,20.7,11.012170162206797
45.7,20.8,11.029867754933356
45.7,20.9,11.051314701932082
45.7,21.0,11.059459654923105
45.7,21.1,11.059394048972067
45.7,21.2,11.02048972001233
45.7,21.3,11.009916313668777
45.7,21.4,10.96692633536515
45.7,21.5,10.905497468746782
45.7,21.6,10.874878603161434
45.7,21.7,10.832057030685009
45.7,21.8,10.72923752453766
45.7,21.9,10.66763818576304
45.7,22.0,10.02886661845235
45.7,22.1,9.240192685194737
45.7,22.2,6.990454075834269
45.7,22.3,8.92501498088644
45.7,22.4,7.991420601301787
45.7,22.5,5.35539673519989
45.7,22.6,5.566921169542261
45.7,22.7,6.63668664118195
45.7,22.8,8.519323277198026
45.7,22.9,9.264595516065702
45.7,23.0,9.85899473086063
45.7,23.1,9.468275648310783
45.7,23.2,7.861857629920401
45.7,23.3,6.945888521541452
45.7,23.4,5.382591693356768
45.7,23.5,6.591270792437258
45.7,23.6,6.243604711230516
45.7,23.7,4.794679718979236
45.7,23.8,4.83934135757825
45.7,23.9,7.864853807211524
45.7,24.0,7.243250335778446
45.7,24.1,8.650003616076038
45.7,24.2,8.663978200227278
45.7,24.3,8.492477012088022
45.7,24.4,8.778891414402384
45.7,24.5,8.578207976030606
45.7,24.6,8.309167269345963
45.7,24.7,8.163327823122227
45.7,24.8,7.83163756586423
45.7,24.9,7.880986155594577
45.7,25.0,7.776572476495494
45.7,25.1,7.51509608430624
45.7,25.2,7.6857836553362855
45.7,25.3,7.218342804008654
45.7,25.4,5.217370079553664
45.7,25.5,7.683621241863859
45.7,25.6,7.742824155387942
45.7,25.7,7.588810310982512
45.7,25.8,7.580525364190523
45.7,25.9,5.655301684058292
45.7,26.0,6.432063746254791
45.7,26.1,6.238199194131639
45.7,26.2,4.457012088025615
45.7,26.3,5.718962186176276
45.7,26.4,4.996783242070457
45.7,26.5,4.074949891517747
45.7,26.6,6.491158694079974
45.7,26.7,8.070782105589457
45.7,26.8,9.097346316768302
45.7,26.9,8.606400454592402
45.7,27.0,8.96818524640977
45.7,27.1,10.494246306436564
45.7,27.2,10.61946378758137
45.7,27.3,10.621864862072565
45.7,27.4,10.647497158797393
45.7,27.5,10.63776474842435
45.7,27.6,10.497921272858779
45.7,27.7,10.54457640252092
45.7,27.8,10.489983469366598
45.7,27.9,10.40002427936766
45.7,28.0,10.487920239694189
45.7,28.1,10.984858456452134
45.7,28.2,10.447453765884937
45.6,20.7,11.049872404173989
45.6,20.8,11.081466060543477
45.6,20.9,11.108397045149387
45.6,21.0,11.108155801219189
45.6,21.1,11.132184109928682
45.6,21.2,11.112671763611932
45.6,21.3,11.113297344767016
45.6,21.4,11.043462651100302
45.6,21.5,10.98336501704719
45.6,21.6,10.656295071805008
45.6,21.7,10.632983779316156
45.6,21.8,10.76692840169445
45.6,21.9,10.697349932844363
45.6,22.0,10.633018390329582
45.6,22.1,10.567776113234835
45.6,22.2,8.108936873644014
45.6,22.3,6.005291352412461
45.6,22.4,7.620921066225864
45.6,22.5,6.647860316148346
45.6,22.6,5.7636636016117215
45.6,22.7,8.30114577952271
45.6,22.8,9.178682198574279
45.6,22.9,9.477929538175385
45.6,23.0,9.73169387333396
45.6,23.1,6.668632090091962
45.6,23.2,6.170874057237302
45.6,23.3,5.252812273995222
45.6,23.4,4.8933402210971995
45.6,23.5,2.138959086682505
45.6,23.6,5.4068447153631505
45.6,23.7,5.0161158177497605
45.6,23.8,2.978432689327424
45.6,23.9,5.198439404897198
45.6,24.0,7.871099287116451
45.6,24.1,3.690978406860216
45.6,24.2,6.938488996797222
45.6,24.3,7.280422564314547
45.6,24.4,7.422799876020234
45.6,24.5,3.94889089782002
45.6,24.6,0.712063229672488
45.6,24.7,0.027404173984914775
45.6,24.8,-0.8422574646141129
45.6,24.9,0.43200020663291616
45.6,25.0,4.236570926748629
45.6,25.1,5.552903192478556
45.6,25.2,3.610291868994731
45.6,25.3,7.463394978820125
45.6,25.4,7.448270482487854
45.6,25.5,6.815773323690436
45.6,25.6,5.010106932534366
45.6,25.7,5.2485153424940165
45.6,25.8,7.1715068705444684
45.6,25.9,5.057460998036987
45.6,26.0,6.478750904018964
45.6,26.1,4.756308502944509
45.6,26.2,4.6775513999380225
45.6,26.3,6.445464407480115
45.6,26.4,2.9766468643454815
45.6,26.5,7.243309742742005
45.6,26.6,4.993453869201331
45.6,26.7,7.572249715879745
45.6,26.8,8.233058683748347
45.6,26.9,10.068579915280498
45.6,27.0,9.902147949168354
45.6,27.1,10.512573096394245
45.6,27.2,10.674571753280334
45.6,27.3,10.721546130798696
45.6,27.4,10.721942865998617
45.6,27.5,10.655504184316552
45.6,27.6,10.682109205496447
45.6,27.7,10.667603574749384
45.6,27.8,10.57881134414713
45.6,27.9,10.496565760925726
45.6,28.0,10.527873230705682
45.6,28.1,11.029138857320003
45.6,28.2,10.519241657195998
45.5,20.7,11.110577539002
45.5,20.8,11.127892344250421
45.5,20.9,11.166446946998722
45.5,21.0,11.175717016220704
45.5,21.1,11.21201467093705
45.5,21.2,11.095183386713552
45.5,21.3,11.06252247132966
45.5,21.4,11.030765058373776
45.5,21.5,10.881354478768387
45.5,21.6,10.90421324516994
45.5,21.7,10.838772083892936
45.5,21.8,10.847300857526536
45.5,21.9,10.696086372559195
45.5,22.0,10.195263456968743
45.5,22.1,10.320102283293764
45.5,22.2,10.314555739229274
45.5,22.3,10.04101560078519
45.5,22.4,9.783635189585734
45.5,22.5,8.445719082549825
45.5,22.6,8.526044012811282
45.5,22.7,8.389468953404261
45.5,22.8,8.546306953197657
45.5,22.9,8.65148724041739
45.5,23.0,8.80092003306126
45.5,23.1,8.854106312635595
45.5,23.2,8.20126046079141
45.5,23.3,4.880016530633347
45.5,23.4,5.238413059200366
45.5,23.5,4.515628680648828
45.5,23.6,3.855618349003011
45.5,23.7,3.022458931707823
45.5,23.8,4.2482678995764145
45.5,23.9,4.056040913317475
45.5,24.0,4.315619898749877
45.5,24.1,3.241897406756901
45.5,24.2,5.007060646761051
45.5,24.3,9.573942556049165
45.5,24.4,7.934025209215835
45.5,24.5,4.141141130282054
45.5,24.6,2.3168762268829552
45.5,24.7,2.223367083376376
45.5,24.8,0.9636279574336222
45.5,24.9,5.092225953094329
45.5,25.0,-0.4947308606260989
45.5,25.1,3.8072275028412004
45.5,25.2,2.3584388883149026
45.5,25.3,6.878625374522153
45.5,25.4,6.046779109412131
45.5,25.5,4.485743878499867
45.5,25.6,4.692440851327615
45.5,25.7,2.862309639425563
45.5,25.8,4.950809484450879
45.5,25.9,2.288267899576401
45.5,26.0,3.3806111168509307
45.5,26.1,3.6077435685504757
45.5,26.2,5.216782725488181
45.5,26.3,7.1273959086682765
45.5,26.4,6.1559004029341855
45.5,26.5,7.013025105899318
45.5,26.6,7.702985845645238
45.5,26.7,8.387672796776492
45.5,26.8,8.41884337224921
45.5,26.9,10.25954695733035
45.5,27.0,9.455155491269835
45.5,27.1,10.545472156214515
45.5,27.2,10.767066845748538
45.5,27.3,10.780326996590576
45.5,27.4,10.663835106932583
45.5,27.5,10.669347039983501
45.5,27.6,10.680288252918693
45.5,27.7,10.70354840376065
45.5,27.8,10.673087095774337
45.5,27.9,10.64704256638079
45.5,28.0,10.723120157040986
45.5,28.1,11.03466267176361
45.5,28.2,10.735413782415527
45.5,28.3,11.107798326273382
45.5,29.2,11.347784895133806
45.5,29.3,11.466968178530777
45.5,29.4,11.503576815786733
45.5,29.5,11.525676722801958
45.4,20.8,11.186798739539134
45.4,20.9,11.217605641078642
45.4,21.0,11.259181217067885
45.4,21.1,11.279436925302177
45.4,21.2,11.238598512243003
45.4,21.3,11.208065399318123
45.4,21.4,11.103205909701371
45.4,21.5,10.971177291042396
45.4,21.6,10.853149085649319
45.4,21.7,10.62086785824988
45.4,21.8,10.14464614113028
45.4,21.9,10.574099080483506
45.4,22.0,10.373009608430639
45.4,22.1,10.251421634466414
45.4,22.2,10.42034920962909
45.4,22.3,10.137348383097432
45.4,22.4,6.578143919826381
45.4,22.5,5.978947205289819
45.4,22.6,6.885336811654146
45.4,22.7,2.0409520611633627
45.4,22.8,2.7376257877879993
45.4,22.9,2.596560078520506
45.4,23.0,2.8652908358301614
45.4,23.1,3.0727285876639945
45.4,23.2,6.677123669800616
45.4,23.3,8.030382787478056
45.4,23.4,7.121015600785182
45.4,23.5,6.428623308192964
45.4,23.6,3.2097944002479433
45.4,23.7,4.388896580225226
45.4,23.8,1.7425405517098842
45.4,23.9,5.4897432586011075
45.4,24.0,8.039624444674056
45.4,24.1,8.441343113958128
45.4,24.2,8.886940799669413
45.4,24.3,9.906990908151677
45.4,24.4,7.742219754106882
45.4,24.5,5.6883190412232825
45.4,24.6,5.727723421841099
45.4,24.7,6.914937493542703
45.4,24.8,8.021668044219409
45.4,24.9,4.157075111065202
45.4,25.0,6.539018493646014
45.4,25.1,5.349931811137497
45.4,25.2,7.33665306333298
45.4,25.3,4.169765471639637
45.4,25.4,2.0830457691910316
45.4,25.5,4.886663394978819
45.4,25.6,2.8476330199400817
45.4,25.7,3.7600904019010404
45.4,25.8,5.8852123153218185
45.4,25.9,4.949585701002164
45.4,26.0,6.5623008575265995
45.4,26.1,5.76503254468435
45.4,26.2,6.965071288356182
45.4,26.3,7.790051141646851
45.4,26.4,7.225971174708126
45.4,26.5,8.483432172745083
45.4,26.6,9.555431862795741
45.4,26.7,10.119250955677215
45.4,26.8,9.662967248682788
45.4,26.9,9.534709164169806
45.4,27.0,10.450394668870723
45.4,27.1,10.722106622584912
45.4,27.2,10.77413007542097
45.4,27.3,10.749003512759643
45.4,27.4,10.73431294555223
45.4,27.5,10.706135447876806
45.4,27.6,10.714607914040682
45.4,27.7,10.730529496848915
45.4,27.8,10.779256638082508
45.4,27.9,10.852271412335998
45.4,28.0,10.941880359541312
45.4,28.1,11.028357268312844
45.4,28.2,11.04928763301992
45.4,28.3,11.131352412439298
45.4,28.4,11.128277198057603
45.4,28.8,11.200611116850984
45.4,28.9,11.294011261494035
45.4,29.0,11.40577280710815
45.4,29.1,11.42407376795129
45.4,29.2,11.445387953300873
45.4,29.3,11.437466680442192
45.4,29.4,11.492792127285934
45.4,29.5,11.514524227709423
45.4,29.6,11.505606467610313
45.4,29.7,11.527832937286918
45.3,20.9,11.269156421117948
45.3,21.0,11.322226469676584
45.3,21.1,11.330309432792545
45.3,21.2,11.310177704308254
45.3,21.3,11.316257361297623
45.3,21.4,11.276419568137225
45.3,21.5,11.121663911561114
45.3,21.6,10.598657402624227
45.3,21.7,10.132853083996265
45.3,21.8,10.215787271412331
45.3,21.9,10.580646244446722
45.3,22.0,10.219921996073978
45.3,22.1,6.5139864655439785
45.3,22.2,8.983149602231574
45.3,22.3,9.910590453559337
45.3,22.4,6.783382580845135
45.3,22.5,5.1027353032338
45.3,22.6,2.051910321314194
45.3,22.7,2.6812888728174458
45.3,22.8,5.408993697696048
45.3,22.9,0.7857800392602522
45.3,23.0,7.306706787891304
45.3,23.1,6.695279987602056
45.3,23.2,4.2650051658229104
45.3,23.3,4.313906395288749
45.3,23.4,5.562759582601516
45.3,23.5,4.641953714226677
45.3,23.6,5.917789027792087
45.3,23.7,3.7870875090401923
45.3,23.8,4.067395392085958
45.3,23.9,4.464458105176149
45.3,24.0,3.860485587354059
45.3,24.1,4.699743775183404
45.3,24.2,5.448632090091923
45.3,24.3,8.337844302097299
45.3,24.4,7.691633949788192
45.3,24.5,8.4408218824258
45.3,24.6,7.187633536522381
45.3,24.7,6.529367703275145
45.3,24.8,8.953013741088952
45.3,24.9,8.465942246099818
45.3,25.0,8.398829941109614
45.3,25.1,7.345739745841532
45.3,25.2,6.598269449323291
45.3,25.3,1.9041781175741153
45.3,25.4,3.282078210558946
45.3,25.5,5.93091848331439
45.3,25.6,5.444644591383428
45.3,25.7,7.533476082239924
45.3,25.8,5.068858353135699
45.3,25.9,7.514415228845962
45.3,26.0,8.448742122120052
45.3,26.1,7.478783965285675
45.3,26.2,8.615668457485333
45.3,26.3,8.453264283500369
45.3,26.4,9.126709887385054
45.3,26.5,10.240608017357108
45.3,26.6,10.487101973344334
45.3,26.7,10.29973912594276
45.3,26.8,10.080122430003138
45.3,26.9,10.154677652650141
45.3,27.0,10.856049695216463
45.3,27.1,10.837952267796263
45.3,27.2,10.826523401177745
45.3,27.3,10.816817853084057
45.3,27.4,10.787918173364966
45.3,27.5,10.747646451079618
45.3,27.6,10.745896270275844
45.3,27.7,10.776971794606876
45.3,27.8,10.807777146399417
45.3,27.9,10.903330922615938
45.3,28.0,10.982393842339071
45.3,28.1,11.061407170162203
45.3,28.2,11.042787994627654
45.3,28.3,11.153249302613858
45.3,28.4,11.153126872610844
45.3,28.5,11.192768364500521
45.3,28.6,11.23140717016224
45.3,28.7,11.299472569480333
45.3,28.8,11.3324723628474
45.3,28.9,11.366389606364278
45.3,29.0,11.389326893274104
45.3,29.1,11.40986982126253
45.3,29.2,11.431791507387054
45.3,29.3,11.454711230499052
45.3,29.4,11.465793986982131
45.3,29.5,11.460163756586457
45.3,29.6,11.504413679099118
45.3,29.7,11.522234734993324
45.2,21.1,11.357155181320428
45.2,21.2,11.391880876123546
45.2,21.3,11.317353548920376
45.2,21.4,11.186603471432957
45.2,21.5,10.858040086785902
45.2,21.6,11.002516272342183
45.2,21.7,10.862813823742174
45.2,21.8,10.938788097944045
45.2,21.9,10.293434755656616
45.2,22.0,8.35195836346731
45.2,22.1,6.315488686847813
45.2,22.2,7.881640148775699
45.2,22.3,9.674117160863766
45.2,22.4,6.151998656886007
45.2,22.5,7.316937183593323
45.2,22.6,2.1291156111168634
45.2,22.7,6.884340324413638
45.2,22.8,7.716969728277681
45.2,22.9,4.680117264180161
45.2,23.0,7.407216138030798
45.2,23.1,6.239594482901105
45.2,23.2,8.573552019836766
45.2,23.3,7.721278024589319
45.2,23.4,8.029425043909493
45.2,23.5,7.664088232255417
45.2,23.6,8.34256793057133
45.2,23.7,8.204352722388705
45.2,23.8,8.284997933670818
45.2,23.9,8.320378654819727
45.2,24.0,7.138739539208605
45.2,24.1,8.536863312325679
45.2,24.2,8.669122326686596
45.2,24.3,9.136518751937203
45.2,24.4,9.209781485690746
45.2,24.5,8.500245893170796
45.2,24.6,9.091349312945537
45.2,24.7,9.381626717636125
45.2,24.8,8.506657195991354
45.2,24.9,9.289128525674185
45.2,25.0,9.098928091744947
45.2,25.1,8.395848228122768
45.2,25.2,7.8452996177290935
45.2,25.3,7.276777043082956
45.2,25.4,7.877462031201595
45.2,25.5,8.040097117470806
45.2,25.6,7.668748321107538
45.2,25.7,7.780872507490409
45.2,25.8,8.330543961153039
45.2,25.9,9.319761855563547
45.2,26.0,9.005483004442658
45.2,26.1,9.53169025725803
45.2,26.2,9.16662103523091
45.2,26.3,8.161498088645498
45.2,26.4,9.807195474739117
45.2,26.5,8.530859076350877
45.2,26.6,10.5962134518029
45.2,26.7,10.75864293832008
45.2,26.8,10.87054189482385
45.2,26.9,10.864282983779333
45.2,27.0,10.882249199297464
45.2,27.1,10.864771154044888
45.2,27.2,10.847147949168306
45.2,27.3,10.824735509866748
45.2,27.4,10.814957123669748
45.2,27.5,10.778729724145107
45.2,27.6,10.788474015910777
45.2,27.7,10.824312428969918
45.2,27.8,10.898234838309774
45.2,27.9,10.978380514515942
45.2,28.0,11.01346781692317
45.2,28.1,11.07932327719807
45.2,28.2,11.083357268312815
45.2,28.3,10.113633123256552
45.2,28.4,9.90006457278642
45.2,28.5,11.05774408513278
45.2,28.6,10.82999741708853
45.2,28.7,11.238726108069008
45.2,28.8,11.302117470813009
45.2,28.9,11.322958983365993
45.2,29.0,11.335013431139599
45.2,29.1,11.385081620002172
45.2,29.2,11.414887385060478
45.2,29.3,11.437487860316221
45.2,29.4,11.454268519475178
45.2,29.5,11.47183645004648
45.2,29.6,11.49186744498398
45.2,29.7,11.51261648930666
45.2,29.8,11.531200537245539
45.1,21.4,11.09208079347036
45.1,21.5,10.469041223266798
45.1,21.6,11.258716293005513
45.1,21.7,10.712202706891222
45.1,21.8,9.299134724661561
45.1,21.9,8.15877105072841
45.1,22.0,5.399046389089798
45.1,22.1,5.6134223576816105
45.1,22.2,8.052379894617204
45.1,22.3,8.789217377828246
45.1,22.4,7.480323897096807
45.1,22.5,5.768319041223283
45.1,22.6,4.356029031924815
45.1,22.7,7.388703378448162
45.1,22.8,9.262631470193183
45.1,22.9,7.67814650273788
45.1,23.0,9.056176774460207
45.1,23.1,9.82150170472159
45.1,23.2,9.690938630023723
45.1,23.3,10.047991528050414
45.1,23.4,9.250083686331237
45.1,23.5,8.995898336605013
45.1,23.6,9.69958518441988
45.1,23.7,9.739468953404264
45.1,23.8,9.599167785928302
45.1,23.9,8.219121810104369
45.1,24.0,9.35454179150734
45.1,24.1,9.502490443227536
45.1,24.2,10.245484554189513
45.1,24.3,9.659003512759577
45.1,24.4,9.96767382994112
45.1,24.5,9.37865378654824
45.1,24.6,8.828393429073266
45.1,24.7,8.634069118710594
45.1,24.8,9.069321727451177
45.1,24.9,8.926994007645426
45.1,25.0,9.679269036057438
45.1,25.1,9.440471123049864
45.1,25.2,9.060186486207296
45.1,25.3,8.778069531976469
45.1,25.4,8.790481454695733
45.1,25.5,7.827124186382885
45.1,25.6,8.326068808761235
45.1,25.7,8.915942762682018
45.1,25.8,9.570243826841601
45.1,25.9,9.956880876123659
45.1,26.0,10.236555945862202
45.1,26.1,10.341445913834058
45.1,26.2,10.624524744291744
45.1,26.3,9.124309846058514
45.1,26.4,8.643645521231505
45.1,26.5,9.743302510589903
45.1,26.6,10.757074594482946
45.1,26.7,11.026746048145506
45.1,26.8,10.86233650170464
45.1,26.9,10.908298894513907
45.1,27.0,10.907337534869242
45.1,27.1,10.877696559561924
45.1,27.2,10.856290422564307
45.1,27.3,10.827360264490164
45.1,27.4,10.825086269242725
45.1,27.5,10.802472362847412
45.1,27.6,10.856899989668369
45.1,27.7,10.894844508730158
45.1,27.8,10.922084926128724
45.1,27.9,11.012969315011885
45.1,28.0,11.070240727347949
45.1,28.1,11.10414815580116
45.1,28.2,10.1955615249509
45.1,28.3,10.62914402314282
45.1,28.4,10.818156317801465
45.1,28.5,10.572092674863153
45.1,28.6,10.795745944829017
45.1,28.7,11.078745221613715
45.1,28.8,10.723358818059657
45.1,28.9,10.995854943692533
45.1,29.0,11.143209009195186
45.1,29.1,11.375555325963555
45.1,29.2,11.397900609567037
45.1,29.3,11.422469779936003
45.1,29.4,11.445357474945759
45.1,29.5,11.464590350242762
45.1,29.6,11.484645624547975
45.1,29.7,11.503410992871176
45.0,21.3,11.392646967661893
45.0,21.4,11.444529910114662
45.0,21.5,11.317168612460032
45.0,21.6,10.827106622585003
45.0,21.7,10.664151255294968
45.0,21.8,7.560503151151966
45.0,21.9,9.260456658745804
45.0,22.0,7.581646347763177
45.0,22.1,8.488941006302278
45.0,22.2,9.570580121913466
45.0,22.3,9.922447566897421
45.0,22.4,8.013635706167967
45.0,22.5,8.721679409029877
45.0,22.6,5.359676102903195
45.0,22.7,7.269665254675117
45.0,22.8,9.256362744085134
45.0,22.9,10.435534662671722
45.0,23.0,9.582409856390164
45.0,23.1,10.494942659365668
45.0,23.2,10.549197747701172
45.0,23.3,10.45967610290315
45.0,23.4,10.1053373282364
45.0,23.5,10.16961204669898
45.0,23.6,10.177858766401538
45.0,23.7,9.674815063539565
45.0,23.8,10.010335261907255
45.0,23.9,9.48154871371014
45.0,24.0,9.400033577848937
45.0,24.1,9.878470399834702
45.0,24.2,10.57373643971483
45.0,24.3,10.57485174088233
45.0,24.4,10.048963735923113
45.0,24.5,9.722645417915023
45.0,24.6,9.583819609463804
45.0,24.7,10.022896993491164
45.0,24.8,9.237706891207782
45.0,24.9,9.969421427833487
45.0,25.0,9.088800495919026
45.0,25.1,9.518883149085667
45.0,25.2,9.617931604504655
45.0,25.3,9.573911044529384
45.0,25.4,9.751138547370557
45.0,25.5,10.028450253125344
45.0,25.6,9.216649963839261
45.0,25.7,9.152379894617168
45.0,25.8,9.879731377208492
45.0,25.9,10.20475565657611
45.0,26.0,10.476154561421668
45.0,26.1,10.575573406343612
45.0,26.2,10.102827771463934
45.0,26.3,10.58176051244958
45.0,26.4,10.77378241553881
45.0,26.5,10.98163136687668
45.0,26.6,11.004418328339755
45.0,26.7,11.00380514515961
45.0,26.8,10.938261700588837
45.0,26.9,10.993134104762856
45.0,27.0,10.970561008368614
45.0,27.1,10.890637462547783
45.0,27.2,10.884379584667835
45.0,27.3,10.869793883665642
45.0,27.4,10.838846471742986
45.0,27.5,10.820423597479051
45.0,27.6,10.863147019320145
45.0,27.7,10.916095671040393
45.0,27.8,10.97625994420911
45.0,27.9,11.01391104452943
45.0,28.0,11.07935065605952
45.0,28.1,11.135204566587433
45.0,28.2,10.98386661845229
45.0,28.3,10.05145521231528
45.0,28.4,10.446654096497609
45.0,28.5,10.748192995144118
45.0,28.6,11.09182663498295
45.0,28.7,11.06657557598921
45.0,28.8,10.7670115714433
45.0,28.9,11.339179150738683
45.0,29.0,11.386337948135136
45.0,29.1,11.37975617315842
45.0,29.2,11.315901952681088
45.0,29.3,11.452729620828638
45.0,29.4,11.46913420807933
45.0,29.5,11.482085959293274
45.0,29.6,11.495301167476013
45.0,29.7,11.507372145882893
44.9,21.3,11.39425663808246
44.9,21.4,11.49392654199818
44.9,21.5,10.981960946378749
44.9,21.6,10.862964149189027
44.9,21.7,10.428128938939961
44.9,21.8,9.156622068395492
44.9,21.9,8.363693046802352
44.9,22.0,10.52277043082961
44.9,22.1,9.51372042566384
44.9,22.2,7.744613596445898
44.9,22.3,7.669064469469957
44.9,22.4,8.001357578262153
44.9,22.5,7.4726603988015174
44.9,22.6,8.562202706891268
44.9,22.7,9.189514412645922
44.9,22.8,10.098363983882567
44.9,22.9,10.509513379481445
44.9,23.0,9.909498915177192
44.9,23.1,9.84382115921075
44.9,23.2,10.674294348589672
44.9,23.3,10.267660398801583
44.9,23.4,10.59872300857519
44.9,23.5,10.598676516169009
44.9,23.6,9.518120673623288
44.9,23.7,10.244632709990658
44.9,23.8,10.284581568343865
44.9,23.9,9.92106519268525
44.9,24.0,10.237654199814024
44.9,24.1,9.574293832007452
44.9,24.2,10.459008678582425
44.9,24.3,10.578797913007497
44.9,24.4,10.251405620415328
44.9,24.5,10.072409339807857
44.9,24.6,10.076609670420472
44.9,24.7,10.05553931191237
44.9,24.8,10.032314805248548
44.9,24.9,10.236043496228897
44.9,25.0,9.528232255398216
44.9,25.1,9.96782260564105
44.9,25.2,9.650049075317694
44.9,25.3,9.751295071804924
44.9,25.4,10.055533629507218
44.9,25.5,10.168003926025447
44.9,25.6,10.248956503771034
44.9,25.7,10.247007438784998
44.9,25.8,10.341923235871455
44.9,25.9,10.482217171195375
44.9,26.0,10.630366256844704
44.9,26.1,10.70041584874463
44.9,26.2,10.920834796983161
44.9,26.3,10.929453972517768
44.9,26.4,11.053225023246208
44.9,26.5,11.115374005579097
44.9,26.6,10.952295691703677
44.9,26.7,10.92286031614832
44.9,26.8,10.946458311809058
44.9,26.9,10.950678272548869
44.9,27.0,10.934809381134464
44.9,27.1,10.922063229672577
44.9,27.2,10.906008368633039
44.9,27.3,10.908974584151174
44.9,27.4,10.885785205083154
44.9,27.5,10.901372559148665
44.9,27.6,10.871553879532984
44.9,27.7,10.97122171711957
44.9,27.8,11.034508213658482
44.9,27.9,11.094664221510527
44.9,28.0,11.149597582394804
44.9,28.1,11.178720425663789
44.9,28.2,11.067659365637027
44.9,28.3,10.440656576092632
44.9,28.4,9.642864965389014
44.9,28.5,10.735786754830082
44.9,28.6,10.708334022109703
44.9,28.7,10.711565244343394
44.9,28.8,11.369863105692719
44.9,28.9,11.396011468126876
44.9,29.0,11.426048662051825
44.9,29.1,11.453497778696152
44.9,29.2,11.476750180803801
44.9,29.3,11.496747081310094
44.9,29.4,11.511197437751878
44.9,29.5,11.523395495402374
44.9,29.6,11.536967661948617
44.9,29.7,11.553399628060735
44.8,21.3,11.636217067879008
44.8,21.4,10.345840995970638
44.8,21.5,11.322253331955666
44.8,21.6,10.982578262217137
44.8,21.7,9.837423804111996
44.8,21.8,9.18099338774667
44.8,21.9,8.133880566174188
44.8,22.0,8.155519165203005
44.8,22.1,6.752573612976533
44.8,22.2,6.257467197024527
44.8,22.3,8.569714329992774
44.8,22.4,9.283386196921201
44.8,22.5,10.462278127905705
44.8,22.6,7.855080070255263
44.8,22.7,9.734875503667732
44.8,22.8,10.34152650067157
44.8,22.9,10.036811654096473
44.8,23.0,10.340857010021683
44.8,23.1,10.069180183903274
44.8,23.2,10.594709680752208
44.8,23.3,10.917771463994193
44.8,23.4,9.71076454179152
44.8,23.5,10.775255708234365
44.8,23.6,9.957186692840176
44.8,23.7,10.42294658539107
44.8,23.8,9.682652133484913
44.8,23.9,10.043349519578516
44.8,24.0,10.364266453146017
44.8,24.1,10.531032131418575
44.8,24.2,10.709168819092806
44.8,24.3,10.842568447153633
44.8,24.4,10.031358611426832
44.8,24.5,10.01661845231942
44.8,24.6,10.239972104556257
44.8,24.7,10.394084616179422
44.8,24.8,10.134185349726168
44.8,24.9,10.212602541584856
44.8,25.0,10.380779522677933
44.8,25.1,10.251541481557986
44.8,25.2,10.199268519475131
44.8,25.3,10.158078830457717
44.8,25.4,10.250287736336439
44.8,25.5,10.336002686227888
44.8,25.6,10.407127285876609
44.8,25.7,10.461711437131937
44.8,25.8,10.52528618658948
44.8,25.9,10.634259737576182
44.8,26.0,10.808894513896101
44.8,26.1,10.91481454695732
44.8,26.2,11.007300340944314
44.8,26.3,11.070619382167658
44.8,26.4,11.07089472052899
44.8,26.5,11.0393651203637
44.8,26.6,10.93386403554081
44.8,26.7,10.92022936253742
44.8,26.8,10.894530943279266
44.8,26.9,10.924606880876055
44.8,27.0,10.921884492199604
44.8,27.1,10.896428866618471
44.8,27.2,10.920324930261422
44.8,27.3,10.902664531459841
44.8,27.4,10.91285515032539
44.8,27.5,10.908916726934645
44.8,27.6,10.958325756793052
44.8,27.7,10.990534146089464
44.8,27.8,11.09808502944519
44.8,27.9,11.129782002272961
44.8,28.0,11.213864035540908
44.8,28.1,11.185330612666602
44.8,28.2,10.631566794090283
44.8,28.3,10.740047525570793
44.8,28.4,9.815802252298754
44.8,28.5,9.878633639838796
44.8,28.6,11.04388211592109
44.8,28.7,11.13506353962191
44.8,28.8,10.83592003306126
44.8,28.9,11.477570513482775
44.8,29.0,11.48360781072435
44.8,29.1,11.502366463477596
44.8,29.2,11.51923700795542
44.8,29.3,11.537780762475464
44.8,29.4,11.553024589317026
44.8,29.5,11.57083583014775
44.8,29.6,11.58275544994325
44.7,21.4,11.517767847918156
44.7,21.5,11.357052381444307
44.7,21.6,11.433072114887949
44.7,21.7,9.133798429589813
44.7,21.8,9.585442711023862
44.7,21.9,9.864185866308553
44.7,22.0,10.306914453972478
44.7,22.1,9.425971691290442
44.7,22.2,8.91460894720528
44.7,22.3,8.92150945345595
44.7,22.4,11.147887695009855
44.7,22.5,11.283681165409604
44.7,22.6,10.513785515032545
44.7,22.7,10.942077177394344
44.7,22.8,9.563671350346118
44.7,22.9,10.316697489410018
44.7,23.0,10.156955780555874
44.7,23.1,10.03169955573931
44.7,23.2,10.15422460998034
44.7,23.3,10.984372352515733
44.7,23.4,11.074995867341691
44.7,23.5,11.079979853290618
44.7,23.6,10.060900919516516
44.7,23.7,10.1079564004545
44.7,23.8,10.18563746254774
44.7,23.9,10.677681578675381
44.7,24.0,10.538097427420263
44.7,24.1,10.211888108275657
44.7,24.2,10.40985639012296
44.7,24.3,10.885788821159148
44.7,24.4,10.342192375245373
44.7,24.5,10.42263715259837
44.7,24.6,10.332605641078624
44.7,24.7,10.382981712986872
44.7,24.8,10.432982229569193
44.7,24.9,10.353955470606449
44.7,25.0,10.444154871370953
44.7,25.1,10.385345076970788
44.7,25.2,10.440990288252987
44.7,25.3,10.45881650997004
44.7,25.4,10.50683335055273
44.7,25.5,10.490943279264407
44.7,25.6,10.515427213555038
44.7,25.7,10.618563384647139
44.7,25.8,10.565772807108187
44.7,25.9,10.715205599752048
44.7,26.0,10.70200588903814
44.7,26.1,10.912602541584901
44.7,26.2,10.929511313152151
44.7,26.3,11.010417398491576
44.7,26.4,10.965132761648926
44.7,26.5,11.024022626304387
44.7,26.6,10.997835003616109
44.7,26.7,10.949081516685643
44.7,26.8,10.873318008058758
44.7,26.9,10.9002004339291
44.7,27.0,10.923267899576318
44.7,27.1,10.959623411509428
44.7,27.2,10.928696662878432
44.7,27.3,10.916493439404936
44.7,27.4,10.90176361194337
44.7,27.5,10.909080483521059
44.7,27.6,10.999584151255291
44.7,27.7,11.025801219134152
44.7,27.8,11.13340737679515
44.7,27.9,11.164388883149089
44.7,28.0,11.032020869924624
44.7,28.1,10.803560285153472
44.7,28.2,10.928240004132643
44.7,28.3,10.430293418741655
44.7,28.4,10.52723111891728
44.7,28.5,10.026017150532041
44.7,28.6,11.121896890174595
44.7,28.7,11.429103729724044
44.7,28.8,11.485233495195722
44.7,28.9,11.516010434962347
44.7,29.0,11.53421014567624
44.7,29.1,11.54995505734063
44.7,29.2,11.571374625477807
44.6,21.6,10.733998863518956
44.6,21.7,8.9688526707304
44.6,21.8,8.890301684058267
44.6,21.9,11.170450459758245
44.6,22.0,11.491662361814244
44.6,22.1,7.2494271102386625
44.6,22.2,8.550277404690558
44.6,22.3,8.325693253435263
44.6,22.4,9.37229827461512
44.6,22.5,10.57106777559659
44.6,22.6,11.583801012501324
44.6,22.7,11.642288976133901
44.6,22.8,10.295850294451917
44.6,22.9,10.563034404380693
44.6,23.0,9.997413989048471
44.6,23.1,10.915162206839554
44.6,23.2,10.35214278334535
44.6,23.3,10.593097427420156
44.6,23.4,11.099833660502107
44.6,23.5,11.17272807108172
44.6,23.6,10.381412852567331
44.6,23.7,10.931297138134113
44.6,23.8,10.635421014567637
44.6,23.9,10.447188759169322
44.6,24.0,10.516459344973736
44.6,24.1,10.606379791300741
44.6,24.2,10.507139683851694
44.6,24.3,11.069605847711506
44.6,24.4,10.572331335881788
44.6,24.5,10.695567723938439
44.6,24.6,10.680021696456317
44.6,24.7,10.60272962082858
44.6,24.8,10.579057237317821
44.6,24.9,10.66094069635293
44.6,25.0,10.535310982539581
44.6,25.1,10.547307056514079
44.6,25.2,10.509869821262505
44.6,25.3,10.551360161173696
44.6,25.4,10.604656989358375
44.6,25.5,10.625503151151944
44.6,25.6,10.645312015704091
44.6,25.7,10.673236388056656
44.6,25.8,10.73030323380513
44.6,25.9,10.791566794090274
44.6,26.0,10.806459861556002
44.6,26.1,10.854505630747072
44.6,26.2,10.905419464820797
44.6,26.3,10.874429693150072
44.6,26.4,10.904010744911714
44.6,26.5,10.957816923235923
44.6,26.6,10.893721975410667
44.6,26.7,10.879481867961548
44.6,26.8,10.81721045562557
44.6,26.9,11.047864448806632
44.6,27.0,11.049750490753075
44.6,27.1,10.953820126046102
44.6,27.2,10.982159313978777
44.6,27.3,11.014005579088819
44.6,27.4,11.040019113544778
44.6,27.5,11.103279264386856
44.6,27.6,11.14558063849571
44.6,27.7,11.201412335985166
44.6,27.8,11.152332369046443
44.6,27.9,11.209396631883411
44.6,28.0,11.384567620621949
44.6,28.1,11.31760874057237
44.6,28.2,10.84760770740783
44.6,28.3,11.014632709990682
44.6,28.4,11.101201053827872
44.6,28.5,10.669475668974089
44.6,28.6,10.746711437131923
44.6,28.7,11.23480834796981
44.6,28.8,11.557614939559826
44.6,28.9,11.565873540654977
44.6,29.0,11.5884879636326
44.5,22.0,9.884113028205366
44.5,22.1,10.486446946998672
44.5,22.2,11.608042669697248
44.5,22.3,9.922095774356892
44.5,22.4,11.465783655336256
44.5,22.5,11.723003926025397
44.5,22.6,11.527543651203615
44.5,22.7,11.359044322760575
44.5,22.8,10.964202913524142
44.5,22.9,10.125924165719619
44.5,23.0,10.104598098977165
44.5,23.1,10.159551089988607
44.5,23.2,10.820019113544769
44.5,23.3,10.98092106622579
44.5,23.4,10.5472636636016
44.5,23.5,10.662014670937138
44.5,23.6,11.02322450666397
44.5,23.7,10.966494472569497
44.5,23.8,10.723005475772263
44.5,23.9,10.570895237111184
44.5,24.0,10.667648000826503
44.5,24.1,10.674381650996967
44.5,24.2,10.801504804215307
44.5,24.3,11.136384957123637
44.5,24.4,10.811989358404805
44.5,24.5,10.774097530736602
44.5,24.6,10.894381650996975
44.5,24.7,10.779084616179349
44.5,24.8,10.749183799979317
44.5,24.9,10.69159778902781
44.5,25.0,10.680645727864468
44.5,25.1,10.668798946172084
44.5,25.2,10.62608947205293
44.5,25.3,10.627467713606775
44.5,25.4,10.670898853187301
44.5,25.5,10.689589317078159
44.5,25.6,10.65201415435482
44.5,25.7,10.799489616695967
44.5,25.8,10.811945448909995
44.5,25.9,10.852486827151594
44.5,26.0,10.898035954127508
44.5,26.1,10.922132451699536
44.5,26.2,10.895469056720755
44.5,26.3,10.89610755243304
44.5,26.4,10.927687777662973
44.5,26.5,10.999688500878138
44.5,26.6,10.964250955677294
44.5,26.7,10.967574646141143
44.5,26.8,10.930440128112435
44.5,26.9,10.900687571030058
44.5,27.0,10.933118090711822
44.5,27.1,10.909698832524029
44.5,27.2,10.954640975307361
44.5,27.3,10.973732307056562
44.5,27.4,11.024886868478118
44.5,27.5,11.032229569170461
44.5,27.6,11.079629610496998
44.5,27.7,11.007182560181894
44.5,27.8,11.077446533732829
44.5,27.9,11.266133381547693
44.5,28.0,11.433609360471158
44.5,28.1,11.17863157350968
44.5,28.2,11.313117057547238
44.5,28.3,10.729612563281355
44.5,28.4,11.260728897613385
44.5,28.5,11.337686227916004
44.5,28.6,11.147365430313085
44.5,28.7,11.516173674966428
44.5,28.8,11.604271618968825
44.5,28.9,11.606343113957971
44.4,22.1,9.360621448496698
44.4,22.2,9.8734926128732
44.4,22.4,11.576526500671555
44.4,22.5,11.793137204256645
44.4,22.6,11.5257294141957
44.4,22.7,11.561883459035096
44.4,22.8,11.493914144023131
44.4,22.9,11.027348383097442
44.4,23.0,11.037052898026646
44.4,23.1,10.364895133794832
44.4,23.2,10.383813410476298
44.4,23.3,10.46162878396529
44.4,23.4,10.64563642938316
44.4,23.5,11.24945965492307
44.4,23.6,10.777932121086927
44.4,23.7,11.288525674139871
44.4,23.8,10.791663911561121
44.4,23.9,10.745347143299895
44.4,24.0,10.767519888418226
44.4,24.1,11.054266969728177
44.4,24.2,10.967546750697316
44.4,24.3,11.156396838516416
44.4,24.4,10.97304990184927
44.4,24.5,10.890890071288469
44.4,24.6,10.87850397768363
44.4,24.7,10.91532648000826
44.4,24.8,10.910181836966668
44.4,24.9,10.79877466680447
44.4,25.0,10.826472776113254
44.4,25.1,10.85020714949894
44.4,25.2,10.725137927471716
44.4,25.3,10.777012604607867
44.4,25.4,10.807187209422446
44.4,25.5,10.745948961669594
44.4,25.6,10.822182043599565
44.4,25.7,10.90600630230394
44.4,25.8,10.959795949994856
44.4,25.9,10.948960119847106
44.4,26.0,10.96162361814233
44.4,26.1,10.996109102180018
44.4,26.2,11.017927988428529
44.4,26.3,11.091061576609162
44.4,26.4,10.986569893584047
44.4,26.5,11.000508316974889
44.4,26.6,10.99094482901125
44.4,26.7,11.029231842132459
44.4,26.8,11.139047422254436
44.4,26.9,11.150691703688377
44.4,27.0,11.057983262733742
44.4,27.1,11.008326273375285
44.4,27.2,11.05333867135035
44.4,27.3,11.095625581155064
44.4,27.4,11.123717842752352
44.4,27.5,11.1245593553053
44.4,27.6,11.160034094431259
44.4,27.7,11.141779625994383
44.4,27.8,11.155817233185251
44.4,27.9,11.461289389399736
44.4,28.0,11.524142989978305
44.4,28.1,11.32438320074389
44.4,28.2,11.336233081929956
44.4,28.3,11.257551399937961
44.4,28.4,11.194223060233517
44.4,28.5,11.42675689637366
44.4,28.6,11.322594792850477
44.4,28.7,11.557978613493082
44.4,28.8,11.667373179047404
44.3,22.5,11.596059510279968
44.3,22.6,11.813169748941023
44.3,22.7,11.55044684368216
44.3,22.8,11.39714433309224
44.3,22.9,11.403084512862891
44.3,23.0,11.319549540241765
44.3,23.1,10.658646037813817
44.3,23.2,10.590973241037279
44.3,23.3,10.664561938216746
44.3,23.4,11.007670730447371
44.3,23.5,10.898941006302268
44.3,23.6,11.223231222233736
44.3,23.7,11.269920446327133
44.3,23.8,11.268794813513772
44.3,23.9,10.877444467403636
44.3,24.0,10.892473912594282
44.3,24.1,10.849534042773062
44.3,24.2,11.11509453455942
44.3,24.3,11.212407790061027
44.3,24.4,11.273168199194094
44.3,24.5,11.053290629197198
44.3,24.6,10.945700485587395
44.3,24.7,11.052507490443174
44.3,24.8,10.949164686434518
44.3,24.9,10.948394462237856
44.3,25.0,10.964677652650103
44.3,25.1,10.91191755346622
44.3,25.2,10.980449943175916
44.3,25.3,10.863749870854257
44.3,25.4,10.924691600371926
44.3,25.5,10.911884492199652
44.3,25.6,10.95781020766611
44.3,25.7,10.9500258291146
44.3,25.8,10.995107449116661
44.3,25.9,11.005524331025919
44.3,26.0,11.123603161483695
44.3,26.1,11.137513172848346
44.3,26.2,11.04957588593859
44.3,26.3,11.104277301374035
44.3,26.4,11.085877673313325
44.3,26.5,11.13110496952161
44.3,26.6,11.067811240830641
44.3,26.7,11.075993904328985
44.3,26.8,11.09030633329885
44.3,26.9,11.100971174708135
44.3,27.0,11.119076350862658
44.3,27.1,11.103922409339797
44.3,27.2,11.131719185866272
44.3,27.3,11.16138185762991
44.3,27.4,11.18066070875088
44.3,27.5,11.2447685711334
44.3,27.6,11.244082549850209
44.3,27.7,11.429938526707293
44.3,27.8,11.482861865895194
44.3,27.9,11.570235044942688
44.3,28.0,11.595721148878974
44.3,28.1,11.401096704204972
44.3,28.2,11.237186176257836
44.3,28.3,11.424079450356462
44.3,28.4,11.398299927678552
44.3,28.5,11.424081000103333
44.3,28.6,11.564097014154292
44.3,28.7,11.727654716396332
44.2,22.6,11.701590556875724
44.2,22.7,11.812260564107882
44.2,22.8,11.762884078933816
44.2,22.9,11.577502324620351
44.2,23.0,11.43817439818164
44.2,23.1,11.340963942556005
44.2,23.2,11.236343113958121
44.2,23.3,10.962253848538097
44.2,23.4,11.005617315838435
44.2,23.5,11.038846471742875
44.2,23.6,11.421078623824782
44.2,23.7,11.029441574542906
44.2,23.8,11.382638702345314
44.2,23.9,11.141739849157922
44.2,24.0,10.965764025209182
44.2,24.1,11.045552226469711
44.2,24.2,11.143422874263836
44.2,24.3,11.16096549230286
44.2,24.4,11.279290732513811
44.2,24.5,11.208540138444004
44.2,24.6,11.007054447773479
44.2,24.7,11.036564727761162
44.2,24.8,11.056664428143366
44.2,24.9,11.110852877363289
44.2,25.0,11.059359954540763
44.2,25.1,11.084398698212597
44.2,25.2,11.147441884492217
44.2,25.3,10.969288666184505
44.2,25.4,10.976317284843477
44.2,25.5,10.996052278127937
44.2,25.6,11.045159107345823
44.2,25.7,11.132443950821436
44.2,25.8,11.047896476908747
44.2,25.9,11.020370906085333
44.2,26.0,11.16556720735607
44.2,26.1,11.156002169645694
44.2,26.2,11.1752138650687
44.2,26.3,11.196406136997659
44.2,26.4,11.29508885215411
44.2,26.5,11.346773943589216
44.2,26.6,11.234245789854333
44.2,26.7,11.178359851224332
44.2,26.8,11.244450873024062
44.2,26.9,11.393274098563872
44.2,27.0,11.304307263146974
44.2,27.1,11.319528876950086
44.2,27.2,11.377890277921274
44.2,27.3,11.32120621965087
44.2,27.4,11.377737886145274
44.2,27.5,11.457792643868236
44.2,27.6,11.417921272858843
44.2,27.7,11.558454385783598
44.2,27.8,11.049248372765737
44.2,27.9,11.630376071908268
44.2,28.0,11.039224609980312
44.2,28.1,11.624799566070816
44.2,28.2,11.521593656369452
44.2,28.3,11.380362640768675
44.2,28.4,11.557526087405726
44.2,28.5,11.36701208802563
44.2,28.6,11.737627337534883
44.2,28.7,11.768352102489988
44.1,22.8,10.7544048972001
44.1,22.9,11.488721458828355
44.1,23.0,11.684770637462554
44.1,23.1,11.565589936976904
44.1,23.2,11.571512552949603
44.1,23.3,11.522676929434825
44.1,23.4,11.458244653373319
44.1,23.5,11.369351172641807
44.1,23.6,11.363829941109605
44.1,23.7,11.279624444674003
44.1,23.8,11.097470813100559
44.1,23.9,11.425210765574978
44.1,24.0,11.196298687881008
44.1,24.1,11.065489720012419
44.1,24.2,11.087381444364052
44.1,24.3,11.085896270275889
44.1,24.4,11.227850501084797
44.1,24.5,11.293598512242957
44.1,24.6,11.340970658125867
44.1,24.7,11.07002582911455
44.1,24.8,11.157413989048488
44.1,24.9,11.066340531046661
44.1,25.0,11.19642111788412
44.1,25.1,11.177182043599556
44.1,25.2,11.236013534456047
44.1,25.3,11.123524124392999
44.1,25.4,11.095712366980075
44.1,25.5,11.144270585804316
44.1,25.6,11.201042979646616
44.1,25.7,11.213944622378293
44.1,25.8,11.209123876433448
44.1,25.9,11.05034197747701
44.1,26.0,11.024156421117862
44.1,26.1,11.159717429486578
44.1,26.2,10.960323897096853
44.1,26.3,11.023145469573363
44.1,26.4,11.483253435272296
44.1,26.5,11.46701518751946
44.1,26.6,11.428071598305579
44.1,26.7,11.475238144436428
44.1,26.8,11.388228639322255
44.1,26.9,11.471375142060168
44.1,27.0,11.221642215104868
44.1,27.1,10.965630230395655
44.1,27.2,11.412103006508948
44.1,27.3,11.229438991631323
44.1,27.4,11.253821159210583
44.1,27.5,11.458107759066023
44.1,27.6,11.386897406756832
44.1,27.7,11.436699039156974
44.1,27.8,11.477566380824387
44.1,27.9,11.407970348176457
44.1,28.0,11.063104142989971
44.1,28.1,11.162823638805605
44.1,28.2,11.262358714743307
44.1,28.3,11.243162000206663
44.1,28.4,11.309188965802242
44.1,28.5,11.535581155078052
44.1,28.6,11.8067160863725
44.1,28.7,11.829296931501188
44.1,28.8,11.814642008471933
44.0,22.8,11.6582802975514
44.0,22.9,11.720261390639543
44.0,23.0,11.574737059613625
44.0,23.1,11.624763405310429
44.0,23.2,11.603104142989993
44.0,23.3,11.582170162206838
44.0,23.4,11.576541481558078
44.0,23.5,11.570636945965541
44.0,23.6,11.59355098667218
44.0,23.7,11.405803285463374
44.0,23.8,11.342977580328531
44.0,23.9,11.487185659675621
44.0,24.0,11.250567207356147
44.0,24.1,11.173292178944044
44.0,24.2,11.151990391569363
44.0,24.3,11.142424837276529
44.0,24.4,11.243300444260772
44.0,24.5,11.314253022006397
44.0,24.6,11.382006405620412
44.0,24.7,11.112798326273413
44.0,24.8,11.152842235768144
44.0,24.9,11.155178737472962
44.0,25.0,11.097891827668134
44.0,25.1,11.132267796259951
44.0,25.2,11.304248372765834
44.0,25.3,11.269662155181322
44.0,25.4,11.369284533526171
44.0,25.5,11.28177032751316
44.0,25.6,11.149137824155401
44.0,25.7,11.131085855976819
44.0,25.8,11.114709680752203
44.0,25.9,11.07981403037505
44.0,26.0,11.101008368633131
44.0,26.1,11.418760719082503
44.0,26.2,11.375118813927092
44.0,26.3,11.348521024899245
44.0,26.4,11.481330199400794
44.0,26.5,11.402876330199328
44.0,26.6,10.813404277301373
44.0,26.7,10.754778902779213
44.0,26.8,10.920307883045737
44.0,27.3,10.856606570926827
44.0,27.4,10.87173571649964
44.0,27.5,10.842748734373405
44.0,27.6,10.975956710403883
44.0,27.7,11.029804215311561
44.0,27.8,10.985497985329104
44.0,27.9,11.023507593759769
44.0,28.0,11.518416158694148
44.0,28.1,11.277579295381694
44.0,28.2,11.153528773633683
44.0,28.3,11.320033577848875
44.0,28.4,11.426625684471652
44.0,28.5,11.69499999999998
44.0,28.6,11.676398388263246
44.0,28.7,11.849713813410393
43.9,22.8,11.714564004545972
43.9,22.9,11.66201363777245
43.9,23.0,11.68258084512859
43.9,23.1,11.725793986982076
43.9,23.2,11.712597892344174
43.9,23.3,11.685829631160193
43.9,23.4,11.67034765988221
43.9,23.5,11.618877466680436
43.9,23.6,11.625569790267575
43.9,23.7,11.566794090298606
43.9,23.8,11.43636842649033
43.9,23.9,11.498873334022074
43.9,24.0,11.28207872714121
43.9,24.1,11.16862640768678
43.9,24.2,11.194487550366723
43.9,24.3,11.195567723938408
43.9,24.4,11.315500568240509
43.9,24.5,11.37739074284533
43.9,24.6,11.39631676826121
43.9,24.7,11.120657092674845
43.9,24.8,11.18608482281224
43.9,24.9,11.156433515859042
43.9,25.0,11.40269346006824
43.9,25.1,11.402401591073442
43.9,25.2,11.210390536212413
43.9,25.3,11.216680442194436
43.9,25.4,11.275940696352965
43.9,25.5,11.166187622688266
43.9,25.6,11.153002376278575
43.9,25.7,11.16730499018495
43.9,25.8,11.166592623204853
43.9,25.9,11.480220580638504
43.9,26.0,11.518053517925383
43.9,26.1,11.343689430726352
43.9,26.2,11.277376278541185
43.9,27.7,11.04317543134619
43.9,27.8,11.143174914763872
43.9,27.9,10.876505837379925
43.9,28.0,11.324888418225015
43.9,28.1,11.012088542204793
43.9,28.2,11.083424940593067
43.9,28.3,11.265761958880002
43.9,28.4,11.42750749044324
43.9,28.5,11.66517667114373
43.9,28.6,11.832261597272378
43.9,28.7,11.862321004235826
43.8,22.8,11.565741812170637
43.8,22.9,11.249846058477146
43.8,23.0,11.736422151048636
43.8,23.1,11.728386713503475
43.8,23.2,11.316246513069524
43.8,23.3,11.04927626820955
43.8,23.4,11.279191548713714
43.8,23.5,11.640965492302923
43.8,23.6,11.547189792333837
43.8,23.7,11.603054551089956
43.8,23.8,11.564142989978317
43.8,23.9,11.535759892550827
43.8,24.0,11.42497933670836
43.8,24.1,11.36720064056203
43.8,24.2,11.322491476392253
43.8,24.3,11.36894100630226
43.8,24.4,11.440353858869697
43.8,24.5,11.409961256328126
43.8,24.6,11.422739435892133
43.8,24.7,11.471181423700823
43.8,24.8,11.511020766608137
43.8,24.9,11.100782105589431
43.8,25.0,11.159421944415778
43.8,25.1,11.195175637979101
43.8,25.2,11.1869191032131
43.8,25.3,11.22202345283599
43.8,25.4,11.192039983469295
43.8,25.5,11.41109308812894
43.8,25.6,11.33295640045465
43.8,25.7,11.4875271205703
43.8,25.8,11.508134621345155
43.8,25.9,11.547419154871381
43.8,26.0,10.740186486207223
43.8,28.0,10.692714639942078
43.8,28.1,11.128268416158734
43.8,28.2,11.038039570203546
43.8,28.3,11.258103626407618
43.8,28.4,11.430082653166654
43.8,28.5,11.567089058787106
43.8,28.6,11.811433515859074
43.8,28.7,11.826782208905826
43.7,23.6,11.058882632503465
43.7,23.8,11.45414970554813
43.7,23.9,10.869902882529257
43.7,24.0,10.961988841822484
43.7,24.1,11.550709267486315
43.7,24.2,11.499450356441736
43.7,24.3,11.51680235561519
43.7,24.4,10.949113544787721
43.7,24.5,11.518615559458622
43.7,24.6,11.522830870957808
43.7,24.7,11.480863209009186
43.7,24.8,11.551501188139296
43.7,24.9,11.135259324310415
43.7,25.0,11.516905155491346
43.7,25.1,11.53188294245276
43.7,25.2,11.552280194234903
43.7,25.3,11.591053827874804
43.7,25.4,11.533765884905467
43.7,25.5,11.3894126459344
43.7,25.6,11.478065399318124
43.7,25.7,11.592578778799437
43.7,25.8,11.503481248062844
43.7,25.9,10.69988428556663
43.7,28.1,10.901375658642522
43.7,28.2,10.995584771154014
43.7,28.3,11.331307469780013
43.7,28.4,11.340693253435303
43.7,28.5,11.58093553052992
43.7,28.6,11.784392499225245
43.6,24.2,11.052330302717214
43.6,24.3,11.12579347039975
43.6,24.7,11.46456400454599
43.6,24.8,11.301940799669358
43.6,25.1,10.912259530943306
43.6,25.2,11.567310156007752
43.6,25.3,10.684239074284557
43.6,25.4,11.21231428866622
43.6,25.5,11.266949581568323
43.6,25.6,11.266044012811195
43.6,25.7,11.02664169852261
