Latitude,Longitude,tmin
48.3,26.5,4.86080276888109
48.3,26.6,5.196251162310169
48.3,26.7,5.027715156524432
48.3,26.8,5.179094947825144
48.3,26.9,4.797015187519371
48.2,23.2,4.56356596755867
48.2,26.3,4.8570337844818985
48.2,26.4,5.020700485587365
48.2,26.5,5.137018803595377
48.2,26.6,4.598202293625358
48.2,26.7,4.725168922409365
48.2,26.8,5.090351275958243
48.2,26.9,5.210831180907123
48.2,27.0,5.030605951028014
48.2,27.1,5.13900506250644
48.1,22.9,5.017556049178637
48.1,23.0,5.089594482901115
48.1,23.1,5.061302303957017
48.1,23.2,5.141513069531951
48.1,23.3,4.80548248786031
48.1,23.4,4.68116334332062
48.1,23.5,4.51734580018597
48.1,23.6,4.493996797189803
48.1,26.2,4.641562144849674
48.1,26.3,4.326176774460174
48.1,26.4,4.430528980266555
48.1,26.5,4.811027482177929
48.1,26.6,5.217131418534927
48.1,26.7,4.969541274925114
48.1,26.8,5.280602334951956
48.1,26.9,4.782036367393351
48.1,27.0,5.118184729827486
48.1,27.1,5.0063152185143105
48.0,22.8,5.125703585081112
48.0,22.9,5.075572889761306
48.0,23.0,5.0537586527533955
48.0,23.1,5.054698832523998
48.0,23.2,4.6882121086889175
48.0,23.3,5.311581774976761
48.0,23.4,3.8201069325343546
48.0,23.5,4.915248476082243
48.0,23.6,4.714607914040696
48.0,23.7,4.229910114681278
48.0,23.8,4.005206632916629
48.0,23.9,4.22080483521024
48.0,24.0,2.8679450356441856
48.0,24.1,3.648548920343017
48.0,24.2,4.300834796983137
48.0,24.3,0.3944348589730342
48.0,24.4,2.434684368219861
48.0,24.5,-0.16891569377001683
48.0,24.6,1.2736899473086043
48.0,24.7,0.9959964872404156
48.0,25.3,1.534027275544996
48.0,25.4,1.1180638495712423
48.0,25.5,1.7979858456452118
48.0,25.6,2.8768736439714764
48.0,25.7,2.9029052588077318
48.0,25.8,3.2132095257774504
48.0,25.9,3.1257485277404697
48.0,26.0,3.7359804731893838
48.0,26.1,3.635434962289489
48.0,26.2,4.118721458828409
48.0,26.3,4.460471639632193
48.0,26.4,4.578848021489796
48.0,26.5,4.786011468126873
48.0,26.6,4.78430622998244
48.0,26.7,5.047449633226539
48.0,26.8,5.221789441057984
48.0,26.9,5.179779419361514
48.0,27.0,5.133179564004548
48.0,27.1,5.275135861142659
48.0,27.2,5.1169728277714315
47.9,22.5,5.242719289182778
47.9,22.7,5.216202086992454
47.9,22.8,5.196966112201651
47.9,22.9,5.098140303750386
47.9,23.0,5.079265419981414
47.9,23.1,4.982239384233871
47.9,23.2,5.047743568550475
47.9,23.3,4.924024692633526
47.9,23.4,5.064555739229229
47.9,23.5,4.0964769087715505
47.9,23.6,3.239191032131418
47.9,23.7,2.985256741398911
47.9,23.8,3.544409546440756
47.9,23.9,3.511474325860125
47.9,24.0,4.24390949478252
47.9,24.1,2.175509350139471
47.9,24.2,1.4815735096601026
47.9,24.3,0.0828210558942022
47.9,24.4,2.7757412955883924
47.9,24.5,1.885757826221719
47.9,24.6,2.018552536419047
47.9,24.7,0.0664329992767848
47.9,24.8,0.37192220270689186
47.9,25.2,1.0550278954437478
47.9,25.3,0.7980452526087418
47.9,25.4,0.9459820229362519
47.9,25.5,2.706620518648631
47.9,25.6,2.660152391776014
47.9,25.7,2.664870337844823
47.9,25.8,2.870137410889559
47.9,25.9,3.3181382374212216
47.9,26.0,3.4635618349003074
47.9,26.1,3.7077208389296525
47.9,26.2,4.120781589007112
47.9,26.3,3.853418741605545
47.9,26.4,4.685104349622928
47.9,26.5,4.8738015290835985
47.9,26.6,5.076152495092477
47.9,26.7,5.275017047215602
47.9,26.8,5.245970658125836
47.9,26.9,5.1156860212831745
47.9,27.0,5.274029341874157
47.9,27.1,4.996898439921498
47.9,27.2,5.301324516995582
47.9,27.3,5.130872507490422
47.8,22.2,5.208444570720113
47.8,22.3,5.21989100113651
47.8,22.4,5.27074697799359
47.8,22.5,5.2651777043082655
47.8,22.6,5.247092158280843
47.8,22.7,5.2408022522988125
47.8,22.8,5.218169232358732
47.8,22.9,5.163407893377418
47.8,23.0,5.164583118090709
47.8,23.1,5.121840066122533
47.8,23.2,5.175360057857252
47.8,23.3,5.346745014980911
47.8,23.4,4.3625880772806855
47.8,23.5,2.8079677652650163
47.8,23.6,2.225913317491472
47.8,23.7,2.320460274821772
47.8,23.8,2.5846621551813334
47.8,23.9,4.353492096290966
47.8,24.0,3.498419774770121
47.8,24.1,2.095832214071691
47.8,24.2,2.9465853910528153
47.8,24.3,3.4990618865585392
47.8,24.4,1.5129455522264825
47.8,24.5,0.94844715363157
47.8,24.6,0.00523917760098984
47.8,24.7,0.3801286289905975
47.8,24.8,0.6384073767951253
47.8,24.9,-0.1588438888314928
47.8,25.0,-0.11006095671040368
47.8,25.1,0.661705754726728
47.8,25.2,0.8871278024589289
47.8,25.3,1.3069810930881303
47.8,25.4,0.8932270895753709
47.8,25.5,1.3006452112821634
47.8,25.6,2.2932580845128623
47.8,25.7,1.9339224093398069
47.8,25.8,2.631081206736241
47.8,25.9,2.896628783965298
47.8,26.0,3.5908704411612744
47.8,26.1,3.3553269965905503
47.8,26.2,3.2179176567827206
47.8,26.3,4.180497985329069
47.8,26.4,4.087047732203732
47.8,26.5,4.908906395288755
47.8,26.6,4.980437028618663
47.8,26.7,5.225556875710327
47.8,26.8,5.0593826841615686
47.8,26.9,5.101287839652877
47.8,27.0,5.377269862589102
47.8,27.1,5.200575989255109
47.8,27.2,5.315559458621764
47.8,27.3,5.066114268002925
47.7,22.2,5.282944519061873
47.7,22.3,5.271462444467397
47.7,22.4,5.236113751420595
47.7,22.5,5.264218410992853
47.7,22.6,5.3043563384646895
47.7,22.7,5.292272445500598
47.7,22.8,5.281330715983037
47.7,22.9,5.226922202706875
47.7,23.0,5.245096084306224
47.7,23.1,5.159509246823055
47.7,23.2,4.900861142680043
47.7,23.3,4.596457278644472
47.7,23.4,4.591854530426693
47.7,23.5,4.10017253848536
47.7,23.6,3.4251818369666416
47.7,23.7,4.244883768984412
47.7,23.8,2.9813286496538947
47.7,23.9,3.61008885215415
47.7,24.0,2.1843878499845206
47.7,24.1,3.32221200537244
47.7,24.2,2.8512418638289065
47.7,24.3,2.374361504287633
47.7,24.4,2.9533686331232545
47.7,24.5,1.7976733133588165
47.7,24.6,0.45590143609877215
47.7,24.7,-0.11046027482177882
47.7,24.8,-0.18627492509556734
47.7,24.9,-0.9780369872920681
47.7,25.0,-0.21985019113544735
47.7,25.1,0.491635499535075
47.7,25.2,0.6452009505114185
47.7,25.3,0.5900144643041654
47.7,25.4,1.233999380101254
47.7,25.5,1.468034404380619
47.7,25.6,1.9817377828288063
47.7,25.7,1.7791858663085054
47.7,25.8,2.1312434135757914
47.7,25.9,2.7096946998656684
47.7,26.0,3.1143697696042945
47.7,26.1,3.7272156214484813
47.7,26.2,3.714674553156309
47.7,26.3,3.7045800185969795
47.7,26.4,4.444308812893914
47.7,26.5,4.637557598925519
47.7,26.6,5.141916520301735
47.7,26.7,5.08389244756691
47.7,26.8,4.903917760099155
47.7,26.9,5.0478597995660595
47.7,27.0,5.124626511003212
47.7,27.1,5.1842463064366315
47.7,27.2,5.337225953094332
47.7,27.3,5.325536212418663
47.7,27.4,5.115528463684257
47.6,22.0,5.453735923132561
47.6,22.1,5.405402934187441
47.6,22.2,5.364784068602168
47.6,22.3,5.343415125529492
47.6,22.4,5.298371732617001
47.6,22.5,5.345139993801039
47.6,22.6,5.312904225643152
47.6,22.7,5.353985948961672
47.6,22.8,5.312716706271324
47.6,22.9,5.31243878499846
47.6,23.0,5.267913524124395
47.6,23.1,4.639081516685653
47.6,23.2,5.057652133484871
47.6,23.3,4.880950511416492
47.6,23.4,4.749476185556327
47.6,23.5,4.725069222027077
47.6,23.6,4.1769883252402105
47.6,23.7,4.240170988738506
47.6,23.8,3.3298744705031504
47.6,23.9,2.9886305403450755
47.6,24.0,2.907714123359848
47.6,24.1,2.368575266039881
47.6,24.2,2.128349002996182
47.6,24.3,2.7817042049798655
47.6,24.4,1.4471939249922474
47.6,24.5,1.4447876846781629
47.6,24.6,-0.013963219340841476
47.6,24.7,0.1740040293418747
47.6,24.8,-0.26400041326583323
47.6,24.9,0.38734476702138726
47.6,25.0,-0.25529186899472656
47.6,25.1,0.6150552743051952
47.6,25.2,-0.3046957330302716
47.6,25.3,0.23934187416055336
47.6,25.4,1.0716189689017446
47.6,25.5,0.1191383407376804
47.6,25.6,0.9336780659159032
47.6,25.7,1.207473396011984
47.6,25.8,1.5487736336398459
47.6,25.9,2.976808038020464
47.6,26.0,3.4301792540551697
47.6,26.1,3.4289668354168814
47.6,26.2,3.5894844508730257
47.6,26.3,4.182155697902639
47.6,26.4,4.524172435168935
47.6,26.5,4.609446740365732
47.6,26.6,4.792993077797305
47.6,26.7,5.034967455315609
47.6,26.8,4.717732203740039
47.6,26.9,4.923072114887899
47.6,27.0,5.109128009091833
47.6,27.1,5.391524434342403
47.6,27.2,5.205590453559259
47.6,27.3,5.194497882012596
47.6,27.4,5.3437085442711325
47.6,27.5,5.150217997727003
47.5,22.0,5.565326996590545
47.5,22.1,5.509982952784368
47.5,22.2,5.4742778179564295
47.5,22.3,5.4035039776836395
47.5,22.4,5.414531976443832
47.5,22.5,5.373997830354364
47.5,22.6,5.340698935840516
47.5,22.7,5.244177084409518
47.5,22.8,5.335453042669691
47.5,22.9,5.167135034611038
47.5,23.0,5.07459964872407
47.5,23.1,4.927937286909814
47.5,23.2,5.077712057030673
47.5,23.3,5.047606674243211
47.5,23.4,4.9753667734270115
47.5,23.5,4.678036987292093
47.5,23.6,4.766191238764344
47.5,23.7,4.4540195268106
47.5,23.8,3.263892964149195
47.5,23.9,3.9594958156834337
47.5,24.0,3.696351895856996
47.5,24.1,3.1952241967145283
47.5,24.2,1.331345180287219
47.5,24.3,0.19236336398388323
47.5,24.4,1.4384853807211535
47.5,24.5,2.2897287942969298
47.5,24.6,-0.13560543444570525
47.5,24.7,1.9408973034404358
47.5,24.8,-0.1575400351275975
47.5,24.9,-0.9374201880359547
47.5,25.0,1.393757103006508
47.5,25.1,-0.6778246719702451
47.5,25.2,0.7008280814133694
47.5,25.3,-0.1515848744705025
47.5,25.4,1.3298765368323207
47.5,25.5,1.3712759582601528
47.5,25.6,1.5018751937183625
47.5,25.7,0.921285256741401
47.5,25.8,2.7046952164479667
47.5,25.9,1.6701808038020467
47.5,26.0,3.27538227089577
47.5,26.1,3.3502892860832665
47.5,26.2,3.909531459861563
47.5,26.3,3.800255191652009
47.5,26.4,4.144070151875195
47.5,26.5,4.633606260977389
47.5,26.6,4.845376071908282
47.5,26.7,3.459201363777274
47.5,26.8,4.930217997727031
47.5,26.9,4.9539456555429116
47.5,27.0,5.2473705961359665
47.5,27.1,5.317276578158906
47.5,27.2,5.086010951544593
47.5,27.3,5.433602644901356
47.5,27.4,5.317471846265094
47.5,27.5,5.416848848021479
47.5,27.6,5.185501601405075
47.4,21.9,5.718871784275264
47.4,22.0,5.662329269552647
47.4,22.1,5.689933360884397
47.4,22.2,5.476286806488266
47.4,22.3,5.28871835933464
47.4,22.4,5.285305300134311
47.4,22.5,5.404868788097949
47.4,22.6,5.428158900712847
47.4,22.7,4.827767331335917
47.4,22.8,4.954613079863629
47.4,22.9,5.116982642834988
47.4,23.0,4.948777766298167
47.4,23.1,5.128699245789849
47.4,23.2,4.673908461617927
47.4,23.3,5.0306632916623615
47.4,23.4,4.820195784688484
47.4,23.5,4.860316148362437
47.4,23.6,4.802931604504576
47.4,23.7,4.610848744704993
47.4,23.8,3.9696316768260993
47.4,23.9,3.9512862899059646
47.4,24.0,3.27410992871165
47.4,24.1,3.36710094017978
47.4,24.2,3.460868374832104
47.4,24.3,2.157170162206834
47.4,24.4,3.1868860419464893
47.4,24.5,0.8223204876536819
47.4,24.6,-0.44033267899576756
47.4,24.7,0.9583479698315953
47.4,24.8,1.705388469883244
47.4,24.9,0.797751833867137
47.4,25.0,-0.35026603988015337
47.4,25.1,-0.45278902779212316
47.4,25.2,0.6770745944829009
47.4,25.3,1.1411478458518391
47.4,25.4,0.18860057857216636
47.4,25.5,1.8162356648414026
47.4,25.6,0.5887746668044221
47.4,25.7,1.047589110445296
47.4,25.8,1.5168514309329486
47.4,25.9,2.859752040500043
47.4,26.0,2.31802923855769
47.4,26.1,2.5403362950718105
47.4,26.2,3.704865688604186
47.4,26.3,4.066490856493452
47.4,26.4,4.258463684264912
47.4,26.5,4.490683954954011
47.4,26.6,4.532216654613084
47.4,26.7,4.513240004132652
47.4,26.8,4.459511829734467
47.4,26.9,5.052391259427639
47.4,27.0,4.972480628164059
47.4,27.1,5.13298429589837
47.4,27.2,5.048736439714859
47.4,27.3,5.337490959809902
47.4,27.4,5.115791404070692
47.4,27.5,5.405165306333281
47.4,27.6,5.150219547473909
47.4,27.7,5.497116954230792
47.3,21.8,5.783167682611859
47.3,21.9,5.750865275338339
47.3,22.0,5.834216861245997
47.3,22.1,5.640331645831157
47.3,22.2,5.568751937183565
47.3,22.3,5.485986155594593
47.3,22.4,5.365103833040631
47.3,22.5,5.264446223783442
47.3,22.6,5.296685091435091
47.3,22.7,5.272382477528663
47.3,22.8,5.274953507593764
47.3,22.9,5.304273168715755
47.3,23.0,4.8828339704515065
47.3,23.1,4.821867444983983
47.3,23.2,4.776216551296632
47.3,23.3,4.832066845748516
47.3,23.4,4.886723835106934
47.3,23.5,4.654187932637646
47.3,23.6,4.497530736646319
47.3,23.7,4.351574542824671
47.3,23.8,3.988885731997076
47.3,23.9,4.008869717946052
47.3,24.0,3.36265884905465
47.3,24.1,3.389176051244968
47.3,24.2,3.8740288252918793
47.3,24.3,3.110100216964571
47.3,24.4,2.953633123256541
47.3,24.5,1.976595206116343
47.3,24.6,2.2910729414195616
47.3,24.7,1.4891595206116441
47.3,24.8,2.4631702655232894
47.3,24.9,0.6300805868374838
47.3,25.0,-0.1918070048558718
47.3,25.1,0.14703843372249176
47.3,25.2,0.20326789957640254
47.3,25.3,-0.4943837173261705
47.3,25.4,0.43764490133278233
47.3,25.5,0.0721846265110046
47.3,25.6,0.8647158797396428
47.3,25.7,0.7070007232152078
47.3,25.8,1.3625746461411306
47.3,25.9,2.311107035850808
47.3,26.0,2.66429796466577
47.3,26.1,3.2445655542928087
47.3,26.2,2.2176159727244658
47.3,26.3,4.085028412026051
47.3,26.4,4.335758342804016
47.3,26.5,4.520004649240606
47.3,26.6,4.316328133071618
47.3,26.7,4.961790990804839
47.3,26.8,4.708327823122201
47.3,26.9,4.927359231325604
47.3,27.0,4.9594539725178395
47.3,27.1,5.162138650687055
47.3,27.2,5.159531459861568
47.3,27.3,5.2132678995763895
47.3,27.4,5.368218307676361
47.3,27.5,5.4571453662568405
47.3,27.6,5.410276888108265
47.3,27.7,5.366229465853899
47.3,27.8,5.2920683954953995
47.2,21.8,5.837498191961979
47.2,21.9,5.78496125632815
47.2,22.0,5.7396440748011335
47.2,22.1,5.625736129765479
47.2,22.2,5.744721045562564
47.2,22.3,5.655235561524918
47.2,22.4,5.455787271412343
47.2,22.5,3.924138340737697
47.2,22.6,4.946729517512132
47.2,22.7,5.0378515342493815
47.2,22.8,5.162432069428657
47.2,22.9,5.147524021076556
47.2,23.0,4.612388159933867
47.2,23.1,4.772984295898348
47.2,23.2,4.967694493232762
47.2,23.3,4.647481144746375
47.2,23.4,4.3516241347246645
47.2,23.5,3.985508316974907
47.2,23.6,4.6619449323277316
47.2,23.7,4.683291662361799
47.2,23.8,4.607777146399403
47.2,23.9,3.7940846161793447
47.2,24.0,4.5760310982539565
47.2,24.1,4.354727244550057
47.2,24.2,4.111278541171588
47.2,24.3,3.7128102076660814
47.2,24.4,3.75792075627648
47.2,24.5,3.2258368633123156
47.2,24.6,3.0310398801529064
47.2,24.7,2.7395443744188515
47.2,24.8,1.5416876743465193
47.2,24.9,-1.1479832627337565
47.2,25.0,-0.1448941006302323
47.2,25.1,0.12207046182456818
47.2,25.2,-0.6105201983676035
47.2,25.3,-0.45127027585494417
47.2,25.4,-0.773986982126256
47.2,25.5,-1.0001327616489357
47.2,25.6,1.3606777559665086
47.2,25.7,0.46573096394255536
47.2,25.8,1.3040964975720732
47.2,25.9,2.4717925405516867
47.2,26.0,3.1404153321624086
47.2,26.1,2.1795748527740506
47.2,26.2,3.7666437648517177
47.2,26.3,3.815986155594571
47.2,26.4,4.3550764541791676
47.2,26.5,4.522044116127735
47.2,26.6,4.855689637359227
47.2,26.7,4.884094431242879
47.2,26.8,4.9550092984812455
47.2,26.9,4.95126046079141
47.2,27.0,5.0564505630747
47.2,27.1,4.904125942762711
47.2,27.2,4.9196848848021375
47.2,27.3,4.962400557908864
47.2,27.4,5.21494679202398
47.2,27.5,5.311737782828827
47.2,27.6,5.377922306023365
47.2,27.7,5.238005475772304
47.2,27.8,5.409583118090705
47.2,27.9,5.238813927058585
47.1,21.6,5.807143816509945
47.1,21.7,5.813110858559795
47.1,21.8,5.79204204979852
47.1,21.9,5.695349726211369
47.1,22.0,5.601680958776713
47.1,22.1,5.6013394978820275
47.1,22.2,5.025214898233319
47.1,22.3,5.393695113131506
47.1,22.4,5.0616484140923985
47.1,22.5,3.770924682301886
47.1,22.6,4.885049075317708
47.1,22.7,5.2562728587663985
47.1,22.8,4.5782575679305735
47.1,22.9,4.718208492612865
47.1,23.0,3.44038795330096
47.1,23.1,4.721695423080898
47.1,23.2,4.852245583221437
47.1,23.3,4.880911251162307
47.1,23.4,4.02327564831077
47.1,23.5,4.255013947721869
47.1,23.6,4.589833143919844
47.1,23.7,3.5819898749870895
47.1,23.8,4.33896270275855
47.1,23.9,4.745097117470814
47.1,24.0,4.181643764851725
47.1,24.1,3.958780865791914
47.1,24.2,4.140712883562352
47.1,24.3,3.9757950201467103
47.1,24.4,3.3398000826531677
47.1,24.5,2.9749374935427184
47.1,24.6,3.3437447050315154
47.1,24.7,1.659316045045981
47.1,24.8,0.16628577332369102
47.1,24.9,-0.626982642835002
47.1,25.0,-0.29723266866411796
47.1,25.1,-0.12228639322244073
47.1,25.2,-0.016010434962289235
47.1,25.3,-0.7083422874263865
47.1,25.4,-0.29924837276578153
47.1,25.5,0.3742855666907731
47.1,25.6,0.4431511519785096
47.1,25.7,-1.0424821779109392
47.1,25.8,2.3064763921892704
47.1,25.9,1.0222254365120382
47.1,26.0,3.23994679202397
47.1,26.1,2.14551968178531
47.1,26.2,3.100059406963538
47.1,26.3,3.9013157350965924
47.1,26.4,3.993633123256541
47.1,26.5,4.4291011468126875
47.1,26.6,4.652331852464083
47.1,26.7,4.811770327513164
47.1,26.8,4.90457950201469
47.1,26.9,4.999113544787685
47.1,27.0,5.060845645211272
47.1,27.1,5.12677497675382
47.1,27.2,5.216768777766282
47.1,27.3,5.1547752867032095
47.1,27.4,5.270229362537469
47.1,27.5,5.353273065399312
47.1,27.6,5.264318627957422
47.1,27.7,5.260713400144667
47.1,27.8,5.280114164686462
47.1,27.9,5.20651513586116
47.1,28.0,5.196300754210118
47.1,28.1,5.509803698729242
47.0,21.6,5.813720425663811
47.0,21.7,5.761965595619382
47.0,21.8,5.700179770637448
47.0,21.9,5.570996487240388
47.0,22.0,5.501886041946486
47.0,22.1,5.364652340117776
47.0,22.2,5.459033991114788
47.0,22.3,4.934905465440669
47.0,22.4,4.041933050934993
47.0,22.5,4.759766504804217
47.0,22.6,4.34859644591385
47.0,22.7,2.709650273788625
47.0,22.8,3.779374418844932
47.0,22.9,2.615717532802959
47.0,23.0,4.219000929848159
47.0,23.1,4.087083376381837
47.0,23.2,4.274905465440637
47.0,23.3,4.516273375348714
47.0,23.4,4.345559458621784
47.0,23.5,4.270377621655157
47.0,23.6,4.0941150945345735
47.0,23.7,3.85619433825808
47.0,23.8,4.391810620931912
47.0,23.9,4.484879119743782
47.0,24.0,4.400206116334332
47.0,24.1,3.432224919929737
47.0,24.2,3.8908389296414785
47.0,24.3,3.6617723938423365
47.0,24.4,3.89822967248685
47.0,24.5,3.104204979853276
47.0,24.6,2.9297231118917315
47.0,24.7,1.9030659159004144
47.0,24.8,0.5298569067052392
47.0,24.9,0.38878603161483605
47.0,25.0,-0.07012088025622512
47.0,25.1,0.6700826531666465
47.0,25.2,-0.7451529083583014
47.0,25.3,0.4614717429486523
47.0,25.4,-0.0927699142473374
47.0,25.5,0.8403812377311674
47.0,25.6,0.1359251988841821
47.0,25.7,0.9631537348899702
47.0,25.8,0.7987751833867143
47.0,25.9,2.957736852980678
47.0,26.0,1.6684512862899001
47.0,26.1,2.619723111891727
47.0,26.2,2.361679409029862
47.0,26.3,2.7817290009298596
47.0,26.4,4.498383614009719
47.0,26.5,4.584164686434551
47.0,26.6,4.6868039053621535
47.0,26.7,4.406149912181011
47.0,26.8,4.872280710817244
47.0,26.9,4.903373798946178
47.0,27.0,4.899500981506359
47.0,27.1,4.863231738816033
47.0,27.2,4.831221200537222
47.0,27.3,5.133820642628366
47.0,27.4,5.08579605331131
47.0,27.5,5.239178634156404
47.0,27.6,5.0684027275544965
47.0,27.7,5.2705594586217765
47.0,27.8,5.345728381031111
47.0,27.9,5.193091228432642
47.0,28.0,5.29890071288359
47.0,28.1,5.253270482487856
46.9,21.5,5.712116954230814
46.9,21.6,5.739516995557383
46.9,21.7,5.752372145882833
46.9,21.8,5.731529600165314
46.9,21.9,5.627241450563058
46.9,22.0,5.570452009505098
46.9,22.1,5.4147938836656895
46.9,22.2,5.106018700278947
46.9,22.3,4.070012397974999
46.9,22.4,4.847317388159958
46.9,22.5,3.1910347143299957
46.9,22.6,3.4789983469366743
46.9,22.7,4.154245273272032
46.9,22.8,2.2220694286599674
46.9,22.9,2.9516468643454776
46.9,23.0,3.7529620828597814
46.9,23.1,4.576110651926853
46.9,23.2,3.8238180597169116
46.9,23.3,3.687207872714142
46.9,23.4,4.2710150842028956
46.9,23.5,4.077754933360897
46.9,23.6,4.484763405310449
46.9,23.7,4.585698935840473
46.9,23.8,4.556681475359014
46.9,23.9,4.539030375038757
46.9,24.0,4.0027998760202586
46.9,24.1,3.9352365946895165
46.9,24.2,4.14540345076969
46.9,24.3,3.459711747081312
46.9,24.4,3.6472553982849343
46.9,24.5,3.2400413265833152
46.9,24.6,3.063169748941011
46.9,24.7,1.5182591176774383
46.9,24.8,3.0325591486723935
46.9,24.9,2.3113415642111717
46.9,25.0,0.8004917863415649
46.9,25.1,1.1357666081206719
46.9,25.2,-0.5282059097014188
46.9,25.3,0.5753388779832641
46.9,25.4,0.7744436408719895
46.9,25.5,-0.41152753383613766
46.9,25.6,-0.34227037917140335
46.9,25.7,0.12391001136480978
46.9,25.8,0.7684140923649128
46.9,25.9,2.0067005889038203
46.9,26.0,2.168510176671161
46.9,26.1,3.853150635396217
46.9,26.2,3.8189730344043764
46.9,26.3,3.042900609567095
46.9,26.4,4.227207872714113
46.9,26.5,4.511042463064368
46.9,26.6,4.629574336191753
46.9,26.7,4.55958001859696
46.9,26.8,4.740743361917522
46.9,26.9,4.832349932844262
46.9,27.0,4.842122636636007
46.9,27.1,4.695625581155077
46.9,27.2,4.714956607087503
46.9,27.3,4.767174294865115
46.9,27.4,4.781854530426707
46.9,27.5,4.889549023659476
46.9,27.6,4.994802148982347
46.9,27.7,5.107962082859812
46.9,27.8,5.302329786134947
46.9,27.9,5.476343113958056
46.9,28.0,5.254991734683319
46.9,28.1,5.38436615352826
46.9,28.2,5.239466370492837
46.8,21.4,5.7888764335158855
46.8,21.5,5.698802045665909
46.8,21.6,5.706880359541236
46.8,21.7,5.6964009711747146
46.8,21.8,5.644734993284416
46.8,21.9,5.629909598098968
46.8,22.0,5.317353548920319
46.8,22.1,5.469576919103213
46.8,22.2,5.535065605951027
46.8,22.3,5.402115921066204
46.8,22.4,5.45876846781693
46.8,22.5,4.165749044322767
46.8,22.6,2.5335050108482244
46.8,22.7,2.0303166649447264
46.8,22.8,1.1257469779936033
46.8,22.9,2.0033231738815878
46.8,23.0,3.109795949994822
46.8,23.1,3.0841192271928857
46.8,23.2,3.00229672486829
46.8,23.3,3.3435670007231986
46.8,23.4,4.112138650687057
46.8,23.5,4.096376175224739
46.8,23.6,4.620057340634365
46.8,23.7,4.5569227192892034
46.8,23.8,4.220754210145695
46.8,23.9,3.91614009711747
46.8,24.0,4.168350552743052
46.8,24.1,4.228790680855474
46.8,24.2,4.088314391982647
46.8,24.3,4.181961462961064
46.8,24.4,3.9654597582394913
46.8,24.5,3.3312547783861914
46.8,24.6,3.4909944209112433
46.8,24.7,2.9341626201053876
46.8,24.8,1.7552768881082719
46.8,24.9,2.6901172641801754
46.8,25.0,0.454762888728175
46.8,25.1,0.21200692220270664
46.8,25.2,-0.2470048558735419
46.8,25.3,-0.0763642938320109
46.8,25.4,0.6182932121086906
46.8,25.5,0.9111896890174535
46.8,25.6,-0.6774315528463644
46.8,25.7,-0.520544477735308
46.8,25.8,0.9153879533009668
46.8,25.9,2.0515998553569568
46.8,26.0,1.4023122223370197
46.8,26.1,2.6181020766608087
46.8,26.2,0.75122171711954
46.8,26.3,3.5142065296001643
46.8,26.4,3.5624919929744787
46.8,26.5,4.396738299411091
46.8,26.6,4.615338877983265
46.8,26.7,4.781562144849693
46.8,26.8,4.6776624651307115
46.8,26.9,4.783511209835735
46.8,27.0,4.769571236698006
46.8,27.1,4.783244136790996
46.8,27.2,4.787364397148479
46.8,27.3,4.752402624238069
46.8,27.4,4.739785618349014
46.8,27.5,4.895404483934252
46.8,27.6,4.871406136997595
46.8,27.7,5.021068292178951
46.8,27.8,5.119015394152278
46.8,27.9,5.060585287736318
46.8,28.0,4.139426593656342
46.8,28.1,5.1010879223060615
46.8,28.2,5.317232668664113
46.7,21.3,5.784235974790801
46.7,21.4,5.720400867858215
46.7,21.5,5.694249922512655
46.7,21.6,5.671124083066437
46.7,21.7,5.681882425870427
46.7,21.8,5.712576195888006
46.7,21.9,5.741240314081995
46.7,22.0,5.6205067672280284
46.7,22.1,5.763580948445109
46.7,22.2,4.97015497468752
46.7,22.3,5.110016530633337
46.7,22.4,4.859277301374109
46.7,22.5,4.66515807418123
46.7,22.6,1.9994591383407345
46.7,22.7,1.3539843992147966
46.7,22.8,1.7648419258187844
46.7,22.9,2.4960181836966724
46.7,23.0,2.4204344457071967
46.7,23.1,1.913318008058693
46.7,23.2,3.6828882115921138
46.7,23.3,2.54385215414814
46.7,23.4,3.2976583324723516
46.7,23.5,4.021688190928831
46.7,23.6,3.460076454179142
46.7,23.7,3.655776939766492
46.7,23.8,3.8177105072838198
46.7,23.9,4.265024795949977
46.7,24.0,4.208543754520115
46.7,24.1,4.354551089988635
46.7,24.2,3.990523297861366
46.7,24.3,4.014700898853185
46.7,24.4,4.004428659985527
46.7,24.5,3.7899927678479193
46.7,24.6,3.7675937596859446
46.7,24.7,3.162595309432794
46.7,24.8,3.0985241243930206
46.7,24.9,2.910332678995761
46.7,25.0,-0.07596910837896559
46.7,25.1,0.25475049075317635
46.7,25.2,-0.015942246099803395
46.7,25.3,-0.06744291765678262
46.7,25.4,0.946748631056933
46.7,25.5,0.35358714743258657
46.7,25.6,0.17453972517822047
46.7,25.7,-0.8999483417708366
46.7,25.8,-1.372937803492094
46.7,25.9,0.717912490959809
46.7,26.0,-0.340987188759166
46.7,26.1,0.23085339394565516
46.7,26.2,1.5678169232358707
46.7,26.3,0.6489115611116815
46.7,26.4,3.50418018390329
46.7,26.5,3.680455108998853
46.7,26.6,4.653651203636719
46.7,26.7,4.781866928401704
46.7,26.8,4.577144849674565
46.7,26.9,4.749666287839666
46.7,27.0,4.770696352929034
46.7,27.1,4.705123979749992
46.7,27.2,4.194540241760504
46.7,27.3,3.7485370389503223
46.7,27.4,4.100354892034309
46.7,27.5,3.68191910321314
46.7,27.6,4.387252298791195
46.7,27.7,4.8101027998760575
46.7,27.8,4.638475565657575
46.7,27.9,4.940305300134336
46.7,28.0,4.972776113234859
46.7,28.1,5.298586630850277
46.7,28.2,5.597299307779734
46.7,28.3,5.654187932637651
46.6,21.2,5.746763611943408
46.6,21.3,5.73883045769193
46.6,21.4,5.7375033577848855
46.6,21.5,5.728186279574352
46.6,21.6,5.628500361607594
46.6,21.7,5.650031511519796
46.6,21.8,5.636744498398591
46.6,21.9,5.630590970141574
46.6,22.0,5.734967455315647
46.6,22.1,4.765485070771766
46.6,22.2,4.589817646451092
46.6,22.3,2.814173984915779
46.6,22.4,4.787021903089181
46.6,22.5,4.396334332059082
46.6,22.6,2.2104024176051227
46.6,22.7,1.6392432069428602
46.6,22.8,2.294274201880347
46.6,22.9,2.391797189792332
46.6,23.0,1.499084099597066
46.6,23.1,1.6085153424940624
46.6,23.2,1.0057123669800618
46.6,23.3,1.2785830147742556
46.6,23.4,3.157740469056725
46.6,23.5,3.259742742018804
46.6,23.6,3.979235458208497
46.6,23.7,4.0784481867961535
46.6,23.8,4.4054571753280225
46.6,23.9,4.536925302200652
46.6,24.0,4.327351999173471
46.6,24.1,4.424398181630333
46.6,24.2,3.991918070048582
46.6,24.3,4.156332782312222
46.6,24.4,4.0668684781485585
46.6,24.5,3.9560274821778987
46.6,24.6,4.023254985019103
46.6,24.7,3.4522228536005763
46.6,24.8,3.407100423597461
46.6,24.9,2.095511416468657
46.6,25.0,0.20686899473086068
46.6,25.1,1.7940970141543648
46.6,25.2,0.9060812067362383
46.6,25.3,1.2414113028205416
46.6,25.4,0.9658833557185635
46.6,25.5,-0.6176769294348589
46.6,25.6,0.4762733753486918
46.6,25.7,-0.40259427626820476
46.6,25.8,0.838968901746047
46.6,25.9,-0.6247442917656786
46.6,26.0,0.22447101973344355
46.6,26.1,1.1421448496745508
46.6,26.2,0.29869924578985324
46.6,26.3,0.5812744085132765
46.6,26.4,2.6750588903812482
46.6,26.5,3.0429192065296116
46.6,26.6,4.222860832730651
46.6,26.7,4.5525415848744615
46.6,26.8,4.821539931811152
46.6,26.9,4.749752040500054
46.6,27.0,4.765718565967561
46.6,27.1,4.659228226056422
46.6,27.2,4.655587870647796
46.6,27.3,3.939870854427085
46.6,27.4,4.6538500878189994
46.6,27.5,3.4284993284430043
46.6,27.6,4.068968901746051
46.6,27.7,4.4603409443124304
46.6,27.8,4.511322450666372
46.6,27.9,5.040028928608326
46.6,28.0,4.6111282157247535
46.6,28.1,5.504260254158463
46.6,28.2,5.694167785928313
46.6,28.3,5.469868788097946
46.5,21.2,5.742330302717218
46.5,21.3,5.7428587664014605
46.5,21.4,5.725180803802049
46.5,21.5,5.70376536832317
46.5,21.6,5.72230757309642
46.5,21.7,5.575775906601891
46.5,21.8,5.551480008265241
46.5,21.9,5.492325653476587
46.5,22.0,5.266870544477778
46.5,22.1,5.077440334745312
46.5,22.2,2.66474222543651
46.5,22.3,3.5553631573509685
46.5,22.4,4.282191858663073
46.5,22.5,4.281781692323594
46.5,22.6,3.2419056720735733
46.5,22.7,2.0409050521748076
46.5,22.8,1.114937493542719
46.5,22.9,2.5492111788407916
46.5,23.0,0.6861695423080922
46.5,23.1,1.1527017253848562
46.5,23.2,1.6508027688810931
46.5,23.3,1.9559505114164637
46.5,23.4,2.693617109205501
46.5,23.5,3.551745531563184
46.5,23.6,4.389169335675175
46.5,23.7,4.311631366876769
46.5,23.8,4.2963498295278475
46.5,23.9,4.515622998243635
46.5,24.0,4.246607604091357
46.5,24.1,4.2854458105176265
46.5,24.2,4.159042256431478
46.5,24.3,3.858978716809592
46.5,24.4,4.0036408719909184
46.5,24.5,4.0236780659159
46.5,24.6,3.4734765988221885
46.5,24.7,3.825080070255199
46.5,24.8,2.828992664531451
46.5,24.9,3.3480199400764503
46.5,25.0,2.9832539518545427
46.5,25.1,0.5295407583428029
46.5,25.2,0.504767021386508
46.5,25.3,1.0667393325756807
46.5,25.4,1.0057495609050524
46.5,25.5,1.2225756793057134
46.5,25.6,-0.3888728174398194
46.5,25.7,0.35009763405310435
46.5,25.8,0.5738221923752431
46.5,25.9,-0.5090283087095799
46.5,26.0,-0.6547541068292189
46.5,26.1,0.7985463374315508
46.5,26.2,1.8994751523917783
46.5,26.3,-0.4439720012397958
46.5,26.4,1.5975725798119684
46.5,26.5,2.754511829734499
46.5,26.6,3.5806369459655203
46.5,26.7,4.623361917553453
46.5,26.8,4.555535179254039
46.5,26.9,4.831640148775691
46.5,27.0,4.548670317181528
46.5,27.1,4.7518276681475395
46.5,27.2,4.775091435065601
46.5,27.3,4.555836346730067
46.5,27.4,4.341170058890367
46.5,27.5,4.152536935633849
46.5,27.6,4.363487963632601
46.5,27.7,4.746807004855902
46.5,27.8,5.279716396321948
46.5,27.9,5.0195583221406945
46.5,28.0,5.260344043806199
46.5,28.1,5.333704928195065
46.5,28.2,5.7267579295381825
46.5,28.3,5.308106725901419
46.4,21.1,5.752774563487959
46.4,21.2,5.745121913420836
46.4,21.3,5.708570100216968
46.4,21.4,5.697915073871268
46.4,21.5,5.668917760099177
46.4,21.6,5.646919103213134
46.4,21.7,5.600871990908148
46.4,21.8,5.504248889348066
46.4,21.9,5.447124186382879
46.4,22.0,5.202870131211906
46.4,22.1,5.000410166339531
46.4,22.2,4.961787891311057
46.4,22.3,3.931483624341339
46.4,22.4,4.270098667217679
46.4,22.5,4.065712883562357
46.4,22.6,4.126191755346618
46.4,22.7,1.4416623618142324
46.4,22.8,1.6896569893584004
46.4,22.9,1.7881589007128775
46.4,23.0,1.7984213245169958
46.4,23.1,2.793775183386728
46.4,23.2,2.2889988635189558
46.4,23.3,4.0347179460688025
46.4,23.4,3.4927110238660815
46.4,23.5,1.9351777043082952
46.4,23.6,3.1396879842958985
46.4,23.7,4.0971618968901735
46.4,23.8,4.731781692323594
46.4,23.9,4.712214588283902
46.4,24.0,4.360634879636318
46.4,24.1,4.269509763405285
46.4,24.2,4.278223990081575
46.4,24.3,4.035620415332164
46.4,24.4,4.092070978406875
46.4,24.5,3.912735303233817
46.4,24.6,3.9570900919516436
46.4,24.7,3.845113131521839
46.4,24.8,3.270152908358312
46.4,24.9,2.3437385060440064
46.4,25.0,2.1251203636739446
46.4,25.1,2.223740055790885
46.4,25.2,1.7677239384233987
46.4,25.3,0.8014438475049077
46.4,25.4,0.051181423700796196
46.4,25.5,0.6195949994834136
46.4,25.6,-0.5212175844612088
46.4,25.7,0.9123458001859701
46.4,25.8,0.6270353342287459
46.4,25.9,-0.6659370802768868
46.4,26.0,-0.45476237214588083
46.4,26.1,0.3788061783242079
46.4,26.2,0.5218312842235773
46.4,26.3,2.390821882425873
46.4,26.4,2.90597840686021
46.4,26.5,3.3346017150531897
46.4,26.6,3.685684988118621
46.4,26.7,4.709762888728202
46.4,26.8,4.719761855563594
46.4,26.9,4.597372145882839
46.4,27.0,4.621146296104959
46.4,27.1,4.640734063436285
46.4,27.2,4.285032028102087
46.4,27.3,4.878489513379499
46.4,27.4,4.558123773117065
46.4,27.5,5.0838428556669095
46.4,27.6,4.952069428659999
46.4,27.7,4.747018287013137
46.4,27.8,5.428077280710829
46.4,27.9,4.737122636636018
46.4,28.0,5.405500051658238
46.4,28.1,5.6731103419774636
46.4,28.2,5.745924682301898
46.4,28.3,6.153830974274213
46.3,20.7,5.829035540861672
46.3,20.8,5.806352929021574
46.3,20.9,5.754192065295998
46.3,21.0,5.741202086992468
46.3,21.1,5.785535695836329
46.3,21.2,5.736478458518406
46.3,21.3,5.691377724971584
46.3,21.4,5.6541491889658
46.3,21.5,5.655923132555016
46.3,21.6,5.722331852464099
46.3,21.7,5.5316912904226125
46.3,21.8,5.3105088335571855
46.3,21.9,5.255042359747896
46.3,22.0,5.262885112098345
46.3,22.1,5.248857319971048
46.3,22.2,4.78542773013744
46.3,22.3,4.819867238351056
46.3,22.4,4.06458156834383
46.3,22.5,4.452903192478569
46.3,22.6,4.102093708027686
46.3,22.7,3.133176981093102
46.3,22.8,3.0680943279264397
46.3,22.9,4.114743775183381
46.3,23.0,3.1958533939456393
46.3,23.1,3.2743139787168025
46.3,23.2,1.8780710817233222
46.3,23.3,2.36581671660295
46.3,23.4,2.477233701828706
46.3,23.5,4.004954540758324
46.3,23.6,4.153874367186686
46.3,23.7,4.6279109412129555
46.3,23.8,4.768998346936641
46.3,23.9,4.1155945862175916
46.3,24.0,4.397857216654622
46.3,24.1,4.232580328546349
46.3,24.2,4.352398491579696
46.3,24.3,4.1789451389606285
46.3,24.4,4.080817233185251
46.3,24.5,3.984622378344873
46.3,24.6,3.871625684471533
46.3,24.7,3.47354737059613
46.3,24.8,3.261131315218506
46.3,24.9,2.661787374728792
46.3,25.0,3.113834590350251
46.3,25.1,1.099225643144954
46.3,25.2,0.5599932844302086
46.3,25.3,2.4988547370596104
46.3,25.4,0.6090376071908247
46.3,25.5,1.0951523917760104
46.3,25.6,0.698732307056514
46.3,25.7,-0.24373643971484413
46.3,25.8,0.6245619382167563
46.3,25.9,0.15177084409546487
46.3,26.0,-1.1165946895340464
46.3,26.1,0.26769191032131423
46.3,26.2,-0.12227502841202594
46.3,26.3,-0.1336914970554799
46.3,26.4,2.175523814443634
46.3,26.5,3.622489926645315
46.3,26.6,4.114819196197975
46.3,26.7,4.262494059303664
46.3,26.8,4.641534249405912
46.3,26.9,4.11182818472984
46.3,27.0,4.837434652340137
46.3,27.1,4.777174811447459
46.3,27.2,4.829908048352133
46.3,27.3,5.0503058167166
46.3,27.4,4.836640665358008
46.3,27.5,4.756098253951871
46.3,27.6,4.70282415538797
46.3,27.7,5.200588387230079
46.3,27.8,5.488189379068078
46.3,27.9,4.860571856596746
46.3,28.0,5.400952061163364
46.3,28.1,5.884516995557373
46.3,28.2,6.039014877569991
46.3,28.3,5.532569480318222
46.2,20.2,5.931381341047626
46.2,20.3,5.919337741502179
46.2,20.4,5.908711127182546
46.2,20.5,5.873557702241963
46.2,20.6,5.851824568653764
46.2,20.7,5.825653993181109
46.2,20.8,5.807268829424558
46.2,20.9,5.784370802768902
46.2,21.0,5.759401797706334
46.2,21.1,5.763972001239812
46.2,21.2,5.707739952474437
46.2,21.3,5.661177291042446
46.2,21.4,5.652983262733746
46.2,21.5,5.583889348073157
46.2,21.6,5.69269655956194
46.2,21.7,4.824845025312513
46.2,21.8,3.867233185246423
46.2,21.9,5.462191342080826
46.2,22.0,5.148470916416987
46.2,22.1,5.235387953300965
46.2,22.2,4.257990494885832
46.2,22.3,5.196547163963211
46.2,22.4,4.736110651926862
46.2,22.5,4.518060750077491
46.2,22.6,4.646173674966427
46.2,22.7,4.177548300444254
46.2,22.8,3.7674558322140608
46.2,22.9,4.472127285876648
46.2,23.0,3.009424010744902
46.2,23.1,2.5505470606467626
46.2,23.2,2.099063436305397
46.2,23.3,2.2490577539001895
46.2,23.4,2.4555325963426005
46.2,23.5,2.8997603058167347
46.2,23.6,4.900700485587356
46.2,23.7,4.701529600165333
46.2,23.8,4.1169542308089735
46.2,23.9,4.327864448806701
46.2,24.0,4.431045045975817
46.2,24.1,4.447899576402516
46.2,24.2,4.285368839756173
46.2,24.3,4.001287323070564
46.2,24.4,4.087004855873553
46.2,24.5,3.9800330612666506
46.2,24.6,3.6934254571753264
46.2,24.7,3.531497055480927
46.2,24.8,3.4738934807314847
46.2,24.9,2.239519061886551
46.2,25.0,1.1045521231532156
46.2,25.1,2.52660243826841
46.2,25.2,2.301998656886057
46.2,25.3,1.6018436821985644
46.2,25.4,2.3035602851534187
46.2,25.5,0.6979724145056307
46.2,25.6,0.4623948755036708
46.2,25.7,0.9727280710817248
46.2,25.8,0.6685613183180105
46.2,25.9,1.3743051968178612
46.2,26.0,-0.08606725901436194
46.2,26.1,1.249574336191757
46.2,26.2,0.8675266039880174
46.2,26.3,0.276518751937184
46.2,26.4,3.1538635189585773
46.2,26.5,2.5122383510693242
46.2,26.6,4.31849054654407
46.2,26.7,4.0810450459758245
46.2,26.8,4.232559148672386
46.2,26.9,4.978072114887889
46.2,27.0,4.202955883872307
46.2,27.1,5.048000309949377
46.2,27.2,4.718479698315943
46.2,27.3,5.275821365843557
46.2,27.4,5.136179357371628
46.2,27.5,4.982446017150561
46.2,27.6,5.4407299307779775
46.2,27.7,5.121125632813313
46.2,27.8,4.6006007852050885
46.2,27.9,4.810993387746661
46.2,28.0,5.789478768467801
46.2,28.1,6.113369149705504
46.2,28.2,6.081834900299636
46.1,20.2,5.970063539621876
46.1,20.3,5.957197024485977
46.1,20.4,5.928567517305495
46.1,20.5,5.921243930158078
46.1,20.6,5.887933670833794
46.1,20.7,5.874026758962709
46.1,20.8,5.84462909391467
46.1,20.9,5.821155594586263
46.1,21.0,5.82647225953098
46.1,21.1,5.764368219857373
46.1,21.2,5.717287426387026
46.1,21.3,5.63058218824256
46.1,21.4,5.617558632090046
46.1,21.5,5.514332059097042
46.1,21.6,5.327558115507796
46.1,21.7,5.272208389296399
46.1,21.8,5.359319661122052
46.1,21.9,5.117729620828588
46.1,22.0,5.183587147432579
46.1,22.1,5.144511829734478
46.1,22.2,4.619565554292814
46.1,22.3,4.811279574336177
46.1,22.4,5.330548093811333
46.1,22.5,3.76525364190516
46.1,22.6,3.399856906705246
46.1,22.7,3.3037028618658892
46.1,22.8,4.463814443640864
46.1,22.9,4.238154768054546
46.1,23.0,2.944452939353248
46.1,23.1,3.2397639218927567
46.1,23.2,3.3178494679202335
46.1,23.3,4.354209112511612
46.1,23.4,4.608109308812899
46.1,23.5,3.922493542721339
46.1,23.6,5.163915177187715
46.1,23.7,4.573224506663951
46.1,23.8,4.576416468643435
46.1,23.9,4.32382064262838
46.1,24.0,4.202844818679642
46.1,24.1,4.049520611633445
46.1,24.2,4.075620931914466
46.1,24.3,4.136345180287214
46.1,24.4,4.025200433929125
46.1,24.5,3.9404892034301073
46.1,24.6,3.864315011881386
46.1,24.7,3.430044426077069
46.1,24.8,3.3866716602954883
46.1,24.9,2.3284027275544923
46.1,25.0,2.5302371112718176
46.1,25.1,2.6435690670523955
46.1,25.2,2.305492302923851
46.1,25.3,2.2646223783448707
46.1,25.4,2.2781222233701683
46.1,25.5,2.2536134931294627
46.1,25.6,1.7741843165616258
46.1,25.7,1.510674139890488
46.1,25.8,0.9836842649033981
46.1,25.9,0.9954628577332377
46.1,26.0,0.7857717739435908
46.1,26.1,1.0964686434548958
46.1,26.2,2.0252329786134937
46.1,26.3,2.628730757309633
46.1,26.4,3.378310259324286
46.1,26.5,1.9268266349829466
46.1,26.6,2.381195371422669
46.1,26.7,4.323173365017031
46.1,26.8,3.5113911561111646
46.1,26.9,5.001287839652821
46.1,27.0,4.505744395082159
46.1,27.1,5.206400454592431
46.1,27.2,5.221199504080984
46.1,27.3,5.082458931707856
46.1,27.4,5.343646037813819
46.1,27.5,5.2746068808761315
46.1,27.6,5.535004649240616
46.1,27.7,5.536802872197529
46.1,27.8,4.977039983469369
46.1,27.9,5.373035954127468
46.1,28.0,5.827709990701526
46.1,28.1,6.055675173055061
46.1,28.2,6.175956193821705
46.0,20.3,6.012671763611928
46.0,20.4,6.004481351379274
46.0,20.5,5.995467506973909
46.0,20.6,5.966620002066378
46.0,20.7,5.9435008781898775
46.0,20.8,5.916516685607999
46.0,20.9,5.894797499741753
46.0,21.0,5.862158797396471
46.0,21.1,5.805350242793677
46.0,21.2,5.795784171918549
46.0,21.3,5.681191755346622
46.0,21.4,5.681864862072521
46.0,21.5,5.39781072424838
46.0,21.6,5.1179119743775185
46.0,21.7,5.193524640975301
46.0,21.8,5.306937183593361
46.0,21.9,5.486745014980867
46.0,22.0,5.310681372042569
46.0,22.1,5.332894927161916
46.0,22.2,5.329705031511496
46.0,22.3,4.718540138444032
46.0,22.4,5.175313565450976
46.0,22.5,4.32804473602647
46.0,22.6,4.881692840169431
46.0,22.7,4.2665972724454715
46.0,22.8,3.9564758756069884
46.0,22.9,4.710222130385396
46.0,23.0,4.151714020043377
46.0,23.1,4.099442607707399
46.0,23.2,3.240049591899986
46.0,23.3,3.9111948548403968
46.0,23.4,4.2931687157764244
46.0,23.5,5.0351699555739415
46.0,23.6,4.209077384027292
46.0,23.7,4.459889451389564
46.0,23.8,4.470685504700896
46.0,23.9,4.480650377105072
46.0,24.0,4.450515032544679
46.0,24.1,3.921087922306006
46.0,24.2,4.2417548300444095
46.0,24.3,3.7569955573923037
46.0,24.4,3.7349927678479085
46.0,24.5,3.8426113234838186
46.0,24.6,3.750783138754013
46.0,24.7,3.733250335778502
46.0,24.8,3.4422259530943453
46.0,24.9,3.1112599442091162
46.0,25.0,3.1375400351276
46.0,25.1,3.0028422357681523
46.0,25.2,2.337950201467097
46.0,25.3,2.8796430416365437
46.0,25.4,2.2080659159003964
46.0,25.5,1.8175136894307244
46.0,25.6,2.4241073458001874
46.0,25.7,1.8656880876123592
46.0,25.8,0.5700563074697799
46.0,25.9,-0.08995815683438557
46.0,26.0,1.751958880049591
46.0,26.1,2.171898956503778
46.0,26.2,2.542119020559974
46.0,26.3,2.2376175224713255
46.0,26.4,1.209837276578153
46.0,26.5,2.6743041636532543
46.0,26.6,3.0854866205186453
46.0,26.7,3.331872610806911
46.0,26.8,4.650993387746666
46.0,26.9,4.882011571443353
46.0,27.0,4.783860419464805
46.0,27.1,5.290842545717507
46.0,27.2,5.525529496848844
46.0,27.3,5.2970973241037385
46.0,27.4,5.3743935323897665
46.0,27.5,5.469910114681269
46.0,27.6,5.420788821159204
46.0,27.7,5.489456038847009
46.0,27.8,4.962002789544413
46.0,27.9,5.79271773943589
46.0,28.0,5.802673829941097
46.0,28.1,6.152933670833735
46.0,28.2,5.928622275028428
45.9,20.4,6.032400557908885
45.9,20.5,6.033326273375352
45.9,20.6,6.017869614629634
45.9,20.7,6.0138635189585745
45.9,20.8,5.9730292385577055
45.9,20.9,5.950824981919593
45.9,21.0,5.93165409649757
45.9,21.1,5.909674553156358
45.9,21.2,5.796516685608042
45.9,21.3,5.814975204049996
45.9,21.4,5.747349932844313
45.9,21.5,5.66608688914148
45.9,21.6,5.475306333298937
45.9,21.7,5.642225953094316
45.9,21.8,5.288173881599345
45.9,21.9,5.553118607294114
45.9,22.0,5.236750697386086
45.9,22.1,5.520562558115522
45.9,22.2,5.080188552536424
45.9,22.3,5.185629713813419
45.9,22.4,5.059690050625085
45.9,22.5,5.025771773943605
45.9,22.6,4.498719392499213
45.9,22.7,3.592527120570303
45.9,22.8,4.719565554292802
45.9,22.9,4.472648517408795
45.9,23.0,4.685298067982212
45.9,23.1,3.476018183696677
45.9,23.2,4.968935840479363
45.9,23.3,4.905134827978081
45.9,23.4,4.978984399214779
45.9,23.5,3.4936765161690375
45.9,23.6,4.372765781589001
45.9,23.7,4.21639735509865
45.9,23.8,4.127913007542127
45.9,23.9,4.230484037607221
45.9,24.0,4.245682405207155
45.9,24.1,4.205700485587349
45.9,24.2,4.176098770534172
45.9,24.3,4.0605728897613185
45.9,24.4,3.8035876640148674
45.9,24.5,3.90711178840789
45.9,24.6,3.9856379791300864
45.9,24.7,3.7228107242483555
45.9,24.8,3.526519268519499
45.9,24.9,3.4033531356544833
45.9,25.0,3.212493542721344
45.9,25.1,2.7222765781588922
45.9,25.2,3.0851766711437043
45.9,25.3,2.829769604297962
45.9,25.4,2.5550919516478934
45.9,25.5,2.523416158694069
45.9,25.6,1.67537968798429
45.9,25.7,1.019030891621032
45.9,25.8,1.8821474325860004
45.9,25.9,1.1753610910217978
45.9,26.0,2.148881082756495
45.9,26.1,2.6494286599855306
45.9,26.2,2.6665450976340517
45.9,26.3,2.3499994834176903
45.9,26.4,1.373020973241049
45.9,26.5,1.9792240933980707
45.9,26.6,1.222406756896378
45.9,26.7,3.615687571030067
45.9,26.8,4.68572889761338
45.9,26.9,5.1612496125632825
45.9,27.0,5.219131625167896
45.9,27.1,5.170286703171845
45.9,27.2,5.553266866411826
45.9,27.3,5.4381144746358085
45.9,27.4,5.704867754933376
45.9,27.5,5.522221303853724
45.9,27.6,5.641507387126761
45.9,27.7,5.565603884698799
45.9,27.8,5.3736517202190415
45.9,27.9,5.946076557495637
45.9,28.0,5.524613079863563
45.9,28.1,6.005437028618669
45.9,28.2,6.174456038846986
45.8,20.5,6.0342695526397305
45.8,20.6,6.048685814650251
45.8,20.7,6.043169748941034
45.8,20.8,6.048429073251402
45.8,20.9,6.054829527843779
45.8,21.0,6.061162310156013
45.8,21.1,6.050821365843604
45.8,21.2,6.005086785824998
45.8,21.3,5.923613493129467
45.8,21.4,5.797836553362925
45.8,21.5,5.795918483314373
45.8,21.6,5.697212521954694
45.8,21.7,5.671828701312133
45.8,21.8,5.802536935633864
45.8,21.9,5.805190102283331
45.8,22.0,5.7164944725694795
45.8,22.1,5.641903605744402
45.8,22.2,4.993146502737899
45.8,22.3,5.015681372042543
45.8,22.4,4.508078830457664
45.8,22.5,2.9037612356648648
45.8,22.6,3.7217253848538023
45.8,22.7,3.636599338774698
45.8,22.8,4.565193718359357
45.8,22.9,4.38143248269449
45.8,23.0,5.060372455832194
45.8,23.1,4.985347143299905
45.8,23.2,4.977084409546426
45.8,23.3,4.652999793367105
45.8,23.4,3.3686837483211023
45.8,23.5,3.4586739332575682
45.8,23.6,2.8590489720012218
45.8,23.7,3.30507025519163
45.8,23.8,3.170371422667619
45.8,23.9,3.5419320177704465
45.8,24.0,3.725823948755026
45.8,24.1,3.9371779109412173
45.8,24.2,3.9771309019526813
45.8,24.3,4.131916003719393
45.8,24.4,3.9925725798119545
45.8,24.5,4.045942762682108
45.8,24.6,3.6804447773530273
45.8,24.7,3.6761710920549664
45.8,24.8,3.4950588903812454
45.8,24.9,3.3873809277817903
45.8,25.0,3.2423277198057847
45.8,25.1,2.8819754106829416
45.8,25.2,2.6058497778696044
45.8,25.3,2.218363983882645
45.8,25.4,1.994524744291774
45.8,25.5,2.2617563797913025
45.8,25.6,2.401978510176669
45.8,25.7,1.6129440024795973
45.8,25.8,2.279517512139669
45.8,25.9,1.9226459344973663
45.8,26.0,2.3106157660915465
45.8,26.1,2.271708337638193
45.8,26.2,0.6484430209732422
45.8,26.3,0.8669971071391648
45.8,26.4,-0.054884802148984294
45.8,26.5,1.8491285256741408
45.8,26.6,2.9731470193201894
45.8,26.7,3.884429693150108
45.8,26.8,4.3700247959500045
45.8,26.9,4.470519681785336
45.8,27.0,4.487481661328638
45.8,27.1,5.579293315425135
45.8,27.2,5.637422254365138
45.8,27.3,5.849068085545987
45.8,27.4,5.74181165409646
45.8,27.5,5.8056157660915515
45.8,27.6,5.7318245686537725
45.8,27.7,5.81010383304058
45.8,27.8,5.65981609670422
45.8,27.9,6.085679822295719
45.8,28.0,6.086263560285134
45.8,28.1,6.197762682095236
45.8,28.2,6.331932017770444
45.7,20.7,6.084302097324118
45.7,20.8,6.117476495505716
45.7,20.9,6.150659675586318
45.7,21.0,6.172775080070287
45.7,21.1,6.181123566484156
45.7,21.2,6.16021748114473
45.7,21.3,6.145368839756174
45.7,21.4,6.104698315941708
45.7,21.5,6.0550371939249885
45.7,21.6,6.007040500051632
45.7,21.7,5.9281620002066555
45.7,21.8,5.788031304886895
45.7,21.9,5.765520714949869
45.7,22.0,5.452043599545423
45.7,22.1,4.925404483934308
45.7,22.2,3.368783448703383
45.7,22.3,4.68444674036578
45.7,22.4,3.7966184523194584
45.7,22.5,1.9284724661638646
45.7,22.6,2.156231015600779
45.7,22.7,2.9348569067052255
45.7,22.8,4.208489513379501
45.7,22.9,4.670001033164567
45.7,23.0,5.18559820229362
45.7,23.1,4.868917243516884
45.7,23.2,3.8885127595826017
45.7,23.3,3.2811421634466353
45.7,23.4,2.1578706477942005
45.7,23.5,2.704572786444882
45.7,23.6,2.4307226986258748
45.7,23.7,1.7018002892860895
45.7,23.8,1.798097944002474
45.7,23.9,3.6948729207562776
45.7,24.0,3.214651823535495
45.7,24.1,4.0242964149189016
45.7,24.2,3.8389296414919007
45.7,24.3,3.9261592106622585
45.7,24.4,4.238599028825294
45.7,24.5,3.9312304990184814
45.7,24.6,3.5525896270275914
45.7,24.7,3.198879016427315
45.7,24.8,2.5674449839859523
45.7,24.9,2.3873225539828535
45.7,25.0,2.275757309639431
45.7,25.1,2.0054587250749107
45.7,25.2,2.1074961256328
45.7,25.3,1.9931475359024748
45.7,25.4,0.9850935013947787
45.7,25.5,2.4276433515859037
45.7,25.6,2.2854246306436723
45.7,25.7,2.0032358714743284
45.7,25.8,2.0567930571340005
45.7,25.9,0.9517532802975542
45.7,26.0,1.350551193305091
45.7,26.1,1.3647024486000596
45.7,26.2,0.24436098770534123
45.7,26.3,1.291572993077799
45.7,26.4,0.9370513482797805
45.7,26.5,0.706347246616386
45.7,26.6,2.6286413885732154
45.7,26.7,3.6868467816923367
45.7,26.8,4.357985845645204
45.7,26.9,4.200171505320804
45.7,27.0,4.526485174088234
45.7,27.1,5.7532410372972285
45.7,27.2,5.81128009091847
45.7,27.3,5.834364087199119
45.7,27.4,5.856058993697694
45.7,27.5,5.884656989358416
45.7,27.6,5.832307056514102
45.7,27.7,5.958197127802453
45.7,27.8,6.110172538485377
45.7,27.9,6.110626614319673
45.7,28.0,6.230354375452016
45.7,28.1,6.242594792850488
45.7,28.2,6.208360367806563
45.6,20.7,6.135992871164373
45.6,20.8,6.184865172021912
45.6,20.9,6.245392085959316
45.6,21.0,6.248958570100205
45.6,21.1,6.273976133898103
45.6,21.2,6.281068292178938
45.6,21.3,6.302106106002679
45.6,21.4,6.256725384853835
45.6,21.5,6.209421944415718
45.6,21.6,6.01426335365224
45.6,21.7,6.018591280090932
45.6,21.8,6.088284430209732
45.6,21.9,5.926068808761211
45.6,22.0,5.707667114371342
45.6,22.1,5.523721975410702
45.6,22.2,3.91649653889865
45.6,22.3,2.426918586630851
45.6,22.4,3.6680101250129145
45.6,22.5,3.061232565347657
45.6,22.6,2.4268519475152455
45.6,22.7,4.007744601715048
45.6,22.8,4.490789854323791
45.6,22.9,4.728147019320184
45.6,23.0,4.95907325136892
45.6,23.1,2.9195402417605054
45.6,23.2,2.529311912387638
45.6,23.3,2.0611390639528917
45.6,23.4,2.2270544477735372
45.6,23.5,0.3395324930261391
45.6,23.6,2.3139528876950104
45.6,23.7,2.0963658435788903
45.6,23.8,0.7090587870647804
45.6,23.9,2.344850707717748
45.6,24.0,4.2256756896373755
45.6,24.1,0.9551875193718317
45.6,24.2,3.1358497778696157
45.6,24.3,3.872384027275565
45.6,24.4,4.356023349519587
45.6,24.5,1.704769604297973
45.6,24.6,-0.8032539518545312
45.6,24.7,-1.2753641905155506
45.6,24.8,-2.428957020353352
45.6,24.9,-1.4166757929538158
45.6,25.0,1.0994415745428248
45.6,25.1,1.701436615352821
45.6,25.2,0.06122378344870317
45.6,25.3,2.4562707924372473
45.6,25.4,2.41255346626718
45.6,25.5,2.2614546957330335
45.6,25.6,0.8983546854013855
45.6,25.7,0.5896993491063106
45.6,25.8,1.7005460274821778
45.6,25.9,0.5671763611943399
45.6,26.0,1.294804215311501
45.6,26.1,0.025587354065501805
45.6,26.2,0.3515053207976025
45.6,26.3,1.8675968591796681
45.6,26.4,-0.3707815890071265
45.6,26.5,2.906601921686145
45.6,26.6,1.5742142783345425
45.6,26.7,3.5034073767951335
45.6,26.8,4.016440231428869
45.6,26.9,5.370703585081097
45.6,27.0,5.219792850501039
45.6,27.1,5.734759789234411
45.6,27.2,5.9129522677962365
45.6,27.3,5.937310156007864
45.6,27.4,5.898913110858545
45.6,27.5,5.750130695319791
45.6,27.6,5.813881599338797
45.6,27.7,5.965991837999818
45.6,27.8,6.127319454489111
45.6,27.9,6.1667754933360985
45.6,28.0,6.284834177084408
45.6,28.1,6.3228293212108975
45.6,28.2,6.296898956503742
45.5,20.7,6.30119588800496
45.5,20.8,6.338746254778387
45.5,20.9,6.391806488273634
45.5,21.0,6.423069015394144
45.5,21.1,6.458453869201335
45.5,21.2,6.273966835416865
45.5,21.3,6.27765368323174
45.5,21.4,6.270684471536309
45.5,21.5,6.17302407273477
45.5,21.6,6.21489151771879
45.5,21.7,6.302801425767143
45.5,21.8,6.328600061989909
45.5,21.9,6.167263663601618
45.5,22.0,5.690453559251999
45.5,22.1,5.404153838206425
45.5,22.2,5.251325033577863
45.5,22.3,5.319799566070893
45.5,22.4,5.153918276681464
45.5,22.5,4.1374589317078225
45.5,22.6,4.180435478871778
45.5,22.7,3.996787891311074
45.5,22.8,3.7777910941212753
45.5,22.9,3.416315735096599
45.5,23.0,3.04372300857526
45.5,23.1,3.1132022936253754
45.5,23.2,2.8929982436201893
45.5,23.3,1.0755796053311344
45.5,23.4,1.6449225126562679
45.5,23.5,1.6092504390949478
45.5,23.6,0.9361013534456041
45.5,23.7,0.0272755449943167
45.5,23.8,1.1176541998140335
45.5,23.9,1.2936744498398571
45.5,24.0,1.9615910734580062
45.5,24.1,1.5301167475978925
45.5,24.2,2.089737059613586
45.5,24.3,4.619855873540667
45.5,24.4,4.007004855873539
45.5,24.5,1.1441905155491308
45.5,24.6,-0.343915177187724
45.5,24.7,-0.3177569996900503
45.5,24.8,-1.3607449116644263
45.5,24.9,2.015509350139467
45.5,25.0,-2.533649653889869
45.5,25.1,0.8321934084099585
45.5,25.2,-0.3168188862485826
45.5,25.3,2.674096497572054
45.5,25.4,1.889505630746977
45.5,25.5,0.2283128422357681
45.5,25.6,0.5145381754313465
45.5,25.7,-0.5151430932947677
45.5,25.8,0.7761891724351757
45.5,25.9,-1.0485530530013532
45.5,26.0,0.01424372352515802
45.5,26.1,0.019780969108378784
45.5,26.2,0.6923576815786737
45.5,26.3,2.3068498811860705
45.5,26.4,1.7220064056204167
45.5,26.5,2.504691600371951
45.5,26.6,3.241251162310137
45.5,26.7,4.008680132245084
45.5,26.8,4.106608120673635
45.5,26.9,5.539542824671966
45.5,27.0,4.853943072631447
45.5,27.1,5.725498501911338
45.5,27.2,5.962887695009759
45.5,27.3,5.924150222130368
45.5,27.4,5.754081516685646
45.5,27.5,5.739329476185553
45.5,27.6,5.707503357784898
45.5,27.7,5.744025725798181
45.5,27.8,6.083322657299295
45.5,27.9,6.3319485484037275
45.5,28.0,6.388991114784597
45.5,28.1,6.379288666184563
45.5,28.2,6.465363157350982
45.5,28.3,6.723548920343001
45.5,29.2,7.865774873437348
45.5,29.3,8.089238557702213
45.5,29.4,8.272403657402565
45.5,29.5,8.450323897096807
45.4,20.8,6.4307753900196465
45.4,20.9,6.480304266969675
45.4,21.0,6.535387436718666
45.4,21.1,6.584777353032342
45.4,21.2,6.515007232152051
45.4,21.3,6.479558838722994
45.4,21.4,6.428503461101336
45.4,21.5,6.3780328546337435
45.4,21.6,6.219051554912703
45.4,21.7,6.017345800186017
45.4,21.8,5.722809174501494
45.4,21.9,6.067457898543239
45.4,22.0,5.989695216447986
45.4,22.1,5.713872817439822
45.4,22.2,5.413124806281624
45.4,22.3,5.327156214484976
45.4,22.4,3.3266225849777995
45.4,22.5,2.720726831284213
45.4,22.6,3.2452908358301356
45.4,22.7,-0.5143119123876393
45.4,22.8,0.4364629610496953
45.4,22.9,0.3022285360057873
45.4,23.0,0.2156488273581982
45.4,23.1,0.2410775906601914
45.4,23.2,2.473680648827339
45.4,23.3,3.1249111478458436
45.4,23.4,2.8128231222233597
45.4,23.5,2.8685577022419744
45.4,23.6,0.5514268002892857
45.4,23.7,1.3114887901642729
45.4,23.8,-0.7159076350862661
45.4,23.9,1.6375400351275975
45.4,24.0,3.0591946482074728
45.4,24.1,3.8579956607087666
45.4,24.2,4.622477012088039
45.4,24.3,4.919219444157454
45.4,24.4,3.4256658745738395
45.4,24.5,2.0250222130385547
45.4,24.6,2.1940221097220873
45.4,24.7,2.8800087818989675
45.4,24.8,3.423573716293014
45.4,24.9,0.761911354478768
45.4,25.0,2.8934187416055344
45.4,25.1,2.1415538795329976
45.4,25.2,3.0919805765058364
45.4,25.3,1.020641078623829
45.4,25.4,-0.6519738609360467
45.4,25.5,1.1669878086579082
45.4,25.6,-0.48660347143300325
45.4,25.7,0.1612165512966214
45.4,25.8,1.6082988945138987
45.4,25.9,0.7261261493955997
45.4,26.0,1.9058637255914874
45.4,26.1,1.670740779006093
45.4,26.2,2.3950206632916577
45.4,26.3,2.879536625684472
45.4,26.4,2.653274098563906
45.4,26.5,3.703943072631479
45.4,26.6,4.62734683335055
45.4,26.7,5.258565450976323
45.4,26.8,5.005313565451003
45.4,26.9,4.913109825395195
45.4,27.0,5.692146916003689
45.4,27.1,5.868810827564832
45.4,27.2,5.950437545200918
45.4,27.3,5.906450563074709
45.4,27.4,5.854570203533437
45.4,27.5,5.77367444983988
45.4,27.6,5.766057443950787
45.4,27.7,5.75416210352309
45.4,27.8,5.80718307676413
45.4,27.9,6.032005889038133
45.4,28.0,6.302566897406761
45.4,28.1,6.383521541481529
45.4,28.2,6.460476288872826
45.4,28.3,6.583672383510689
45.4,28.4,6.683577332369034
45.4,28.8,7.223955987188745
45.4,28.9,7.372927988428575
45.4,29.0,7.5382648000826595
45.4,29.1,7.685236594689475
45.4,29.2,7.854149705548085
45.4,29.3,8.019115611116781
45.4,29.4,8.222035334228702
45.4,29.5,8.410838929641422
45.4,29.6,8.259328443020978
45.4,29.7,8.371962496125612
45.3,20.9,6.559527327203205
45.3,21.0,6.632127285876645
45.3,21.1,6.652606674243217
45.3,21.2,6.648184213245169
45.3,21.3,6.652257981196382
45.3,21.4,6.6243057134001155
45.3,21.5,6.538067982229554
45.3,21.6,6.169909598098991
45.3,21.7,5.815025312532305
45.3,21.8,5.914262320487645
45.3,21.9,6.21960946378757
45.3,22.0,5.937359747907857
45.3,22.1,3.206251678892443
45.3,22.2,4.347123153218347
45.3,22.3,4.573908461617953
45.3,22.4,2.7994064469469904
45.3,22.5,1.9077456348796324
45.3,22.6,-0.4621174708130997
45.3,22.7,-0.22051761545614426
45.3,22.8,1.8112547783861985
45.3,22.9,-1.55356855047009
45.3,23.0,3.3247391259427643
45.3,23.1,3.05692633536523
45.3,23.2,1.5455987188759153
45.3,23.3,1.2748047318937874
45.3,23.4,1.7834022109722008
45.3,23.5,1.4841626201053877
45.3,23.6,2.813905878706464
45.3,23.7,1.5127327203223357
45.3,23.8,1.980918483314391
45.3,23.9,2.339180183903301
45.3,24.0,1.864197231118917
45.3,24.1,2.2912212005372394
45.3,24.2,2.5078949271619013
45.3,24.3,4.343760202500278
45.3,24.4,3.7618948238454473
45.3,24.5,4.417347866515154
45.3,24.6,3.419843992147951
45.3,24.7,2.804187932637668
45.3,24.8,4.281240314082025
45.3,24.9,3.884434858973005
45.3,25.0,3.8594787684678122
45.3,25.1,2.927602541584875
45.3,25.2,2.391368426490336
45.3,25.3,-1.2630684988118719
45.3,25.4,0.15285205083169767
45.3,25.5,2.0278623824775237
45.3,25.6,1.5802236801322445
45.3,25.7,2.77558373798947
45.3,25.8,1.182139683851639
45.3,25.9,2.8762201673726575
45.3,26.0,3.4587292075627483
45.3,26.1,2.782595309432811
45.3,26.2,3.7605589420394976
45.3,26.3,3.5482172745118215
45.3,26.4,4.1327151565244105
45.3,26.5,5.048782415538772
45.3,26.6,5.29229517512141
45.3,26.7,5.2374661638599
45.3,26.8,5.1799896683541995
45.3,26.9,5.371377208389315
45.3,27.0,6.018026655646208
45.3,27.1,5.974129558838728
45.3,27.2,5.983093294761879
45.3,27.3,5.9485695836346695
45.3,27.4,5.987582911457765
45.3,27.5,5.817874780452508
45.3,27.6,5.801120983572662
45.3,27.7,5.844588283913632
45.3,27.8,5.927498708544286
45.3,27.9,6.169232358714735
45.3,28.0,6.249967455315611
45.3,28.1,6.4505935530529825
45.3,28.2,6.594181217067898
45.3,28.3,6.556969728277705
45.3,28.4,6.468185762992045
45.3,28.5,6.5695474739125785
45.3,28.6,6.71369614629612
45.3,28.7,6.9462516788924225
45.3,28.8,7.121715053207947
45.3,28.9,7.3041657195991405
45.3,29.0,7.458753486930409
45.3,29.1,7.614136790990846
45.3,29.2,7.787418638289069
45.3,29.3,7.9712893893997085
45.3,29.4,8.001757929538236
45.3,29.5,8.102595309432795
45.3,29.6,8.236012501291452
45.3,29.7,8.34689379068084
45.2,21.1,6.738887798326254
45.2,21.2,6.794923029238533
45.2,21.3,6.767502841202626
45.2,21.4,6.5961168509143695
45.2,21.5,6.229136790990801
45.2,21.6,6.357610290319285
45.2,21.7,6.402241450563057
45.2,21.8,6.385450976340475
45.2,21.9,5.949230292385574
45.2,22.0,4.526196921169552
45.2,22.1,3.0852567413989074
45.2,22.2,3.8740236594689574
45.2,22.3,4.704107345800194
45.2,22.4,1.863054034507689
45.2,22.5,2.657794710197323
45.2,22.6,-1.1969717946068883
45.2,22.7,2.4420704618245535
45.2,22.8,3.3221541481558114
45.2,22.9,1.5877740469056694
45.2,23.0,3.4276562661431904
45.2,23.1,2.6261070358508123
45.2,23.2,4.162708440954626
45.2,23.3,3.5058626924269167
45.2,23.4,3.4068405827048323
45.2,23.5,3.187703275131724
45.2,23.6,3.7804985019113584
45.2,23.7,3.7891610703585012
45.2,23.8,3.9281785308399653
45.2,23.9,4.0412248166133145
45.2,24.0,3.5630142576712305
45.2,24.1,4.8372900092984805
45.2,24.2,4.941740365740247
45.2,24.3,5.048858869717924
45.2,24.4,4.922993077797291
45.2,24.5,4.396094121293519
45.2,24.6,4.714948341770827
45.2,24.7,4.805180287219759
45.2,24.8,4.09581981609671
45.2,24.9,4.586096187622678
45.2,25.0,4.334281950614737
45.2,25.1,3.5116737266246543
45.2,25.2,2.82148465750594
45.2,25.3,2.646319867754917
45.2,25.4,3.249027792127292
45.2,25.5,3.3556870544477766
45.2,25.6,2.984550573406354
45.2,25.7,3.0145800185969707
45.2,25.8,3.4384786651513575
45.2,25.9,4.21906498605227
45.2,26.0,3.9515471639631863
45.2,26.1,4.447043599545393
45.2,26.2,4.309271618968891
45.2,26.3,3.5843770017563643
45.2,26.4,4.920831180907103
45.2,26.5,3.8592297758033034
45.2,26.6,5.492665048042152
45.2,26.7,5.636265110032062
45.2,26.8,5.9088066949065166
45.2,26.9,5.980035127595818
45.2,27.0,6.021800805868364
45.2,27.1,5.987641285256754
45.2,27.2,5.976127182560152
45.2,27.3,5.924686951131313
45.2,27.4,5.919561421634451
45.2,27.5,5.808887281743944
45.2,27.6,5.809928711643773
45.2,27.7,5.850757826221744
45.2,27.8,6.076298687880947
45.2,27.9,6.178964769087738
45.2,28.0,6.201882942452761
45.2,28.1,6.345606984192616
45.2,28.2,6.611033681165415
45.2,28.3,6.363044736026436
45.2,28.4,6.116845748527731
45.2,28.5,6.684365120363679
45.2,28.6,6.546866928401741
45.2,28.7,6.782154148155774
45.2,28.8,6.982967765264988
45.2,28.9,7.101192788511182
45.2,29.0,7.265836863312273
45.2,29.1,7.4671985742328575
45.2,29.2,7.696481558012234
45.2,29.3,7.842107139167266
45.2,29.4,7.963621241863858
45.2,29.5,8.081955263973489
45.2,29.6,8.200831697489404
45.2,29.7,8.319437958466768
45.2,29.8,8.436706271308969
45.1,21.4,6.679829011261508
45.1,21.5,6.162451182973437
45.1,21.6,6.822089575369372
45.1,21.7,6.50782880462856
45.1,21.8,5.220051658229184
45.1,21.9,4.009965905568768
45.1,22.0,1.992575679305711
45.1,22.1,2.4383293728690982
45.1,22.2,4.043241037297229
45.1,22.3,4.3859055687571
45.1,22.4,3.2075839446223693
45.1,22.5,1.8716633949788233
45.1,22.6,0.7684357888211606
45.1,22.7,2.6934140923649226
45.1,22.8,4.045558942039481
45.1,22.9,2.981602954850711
45.1,23.0,3.9874000413266035
45.1,23.1,4.447535902469266
45.1,23.2,4.523328339704528
45.1,23.3,4.80254830044428
45.1,23.4,4.298094327926407
45.1,23.5,4.199700898853172
45.1,23.6,4.746231015600792
45.1,23.7,4.89822760615765
45.1,23.8,4.87985380721149
45.1,23.9,4.05073096394254
45.1,24.0,4.930731997107136
45.1,24.1,5.051010951544585
45.1,24.2,5.562498191962008
45.1,24.3,5.364569686951125
45.1,24.4,5.58991063126359
45.1,24.5,5.086072941419554
45.1,24.6,4.587143816509998
45.1,24.7,4.414301064159522
45.1,24.8,4.684479801632424
45.1,24.9,4.45057082343216
45.1,25.0,4.846522884595512
45.1,25.1,4.608286496538894
45.1,25.2,4.191392189275785
45.1,25.3,3.8816169025725737
45.1,25.4,3.9152185143093408
45.1,25.5,3.1896900506250763
45.1,25.6,3.5733355718566067
45.1,25.7,3.98523349519578
45.1,25.8,4.503756069841937
45.1,25.9,4.82626975927263
45.1,26.0,5.098355718565967
45.1,26.1,5.218483314391983
45.1,26.2,5.424977786961443
45.1,26.3,4.2223953920859545
45.1,26.4,3.6596590556875954
45.1,26.5,4.987605124496343
45.1,26.6,5.926611220167383
45.1,26.7,6.1177508007025905
45.1,26.8,5.931364810414323
45.1,26.9,5.998953404277296
45.1,27.0,5.990855976857115
45.1,27.1,6.003960119847105
45.1,27.2,5.950861659262278
45.1,27.3,5.906409753073651
45.1,27.4,5.896058477115442
45.1,27.5,5.855187519371847
45.1,27.6,5.945216447980153
45.1,27.7,5.988516375658648
45.1,27.8,6.089898233288558
45.1,27.9,6.152648517408779
45.1,28.0,6.258219340841002
45.1,28.1,6.2695805351792915
45.1,28.2,5.968041119950424
45.1,28.3,6.317190825498489
45.1,28.4,6.575844612046702
45.1,28.5,6.529644074801116
45.1,28.6,6.712106622584997
45.1,28.7,6.920784688500894
45.1,28.8,6.836761029031908
45.1,28.9,7.080050108482255
45.1,29.0,7.242325653476621
45.1,29.1,7.552188242587063
45.1,29.2,7.657578778799469
45.1,29.3,7.8109913214175375
45.1,29.4,7.937438784998435
45.1,29.5,8.052595826015121
45.1,29.6,8.173318008058661
45.1,29.7,8.295427213555126
45.0,21.3,6.847295175121421
45.0,21.4,6.95745221613808
45.0,21.5,6.88688862485793
45.0,21.6,6.345199917346836
45.0,21.7,6.306225333195581
45.0,21.8,4.05176981093087
45.0,21.9,5.032076144229772
45.0,22.0,3.4913369149705678
45.0,22.1,4.546201570410154
45.0,22.2,4.884776836450074
45.0,22.3,4.586100320280994
45.0,22.4,3.217033784481856
45.0,22.5,4.182857216654583
45.0,22.6,1.7982400041326487
45.0,22.7,3.015224713296839
45.0,22.8,4.294261287323101
45.0,22.9,5.171737266246508
45.0,23.0,4.5481924785618455
45.0,23.1,5.176064159520616
45.0,23.2,5.277829321210841
45.0,23.3,5.352889761338956
45.0,23.4,5.12598615559458
45.0,23.5,5.180868891414377
45.0,23.6,5.216968178530805
45.0,23.7,4.993543237937805
45.0,23.8,5.281052278127921
45.0,23.9,5.075518648620723
45.0,24.0,5.135899886351903
45.0,24.1,5.436049695216432
45.0,24.2,5.928967351999169
45.0,24.3,5.989308812893917
45.0,24.4,5.684940076454156
45.0,24.5,5.4314030375038636
45.0,24.6,5.187787478045257
45.0,24.7,5.327761132348392
45.0,24.8,4.740469573303034
45.0,24.9,5.145424630643676
45.0,25.0,4.482183076764147
45.0,25.1,4.778627957433633
45.0,25.2,4.821288356235191
45.0,25.3,4.6542933154251624
45.0,25.4,4.804782518855243
45.0,25.5,4.975382787478045
45.0,25.6,4.299618245686546
45.0,25.7,4.264129042256406
45.0,25.8,4.778918793263747
45.0,25.9,5.035536212418614
45.0,26.0,5.279259737576208
45.0,26.1,5.41720993904325
45.0,26.2,5.012348899679697
45.0,26.3,5.421376175224706
45.0,26.4,5.647923339187905
45.0,26.5,5.937558632090092
45.0,26.6,6.023133071598332
45.0,26.7,6.048195578055606
45.0,26.8,5.981532699659046
45.0,26.9,6.040717016220679
45.0,27.0,6.015804318627968
45.0,27.1,5.936157660915369
45.0,27.2,5.940229879119746
45.0,27.3,5.900497468746768
45.0,27.4,5.902884078933763
45.0,27.5,5.851788407893365
45.0,27.6,5.907670213865071
45.0,27.7,5.983536005785743
45.0,27.8,6.114635292902167
45.0,27.9,6.21867703275132
45.0,28.0,6.2638619692116855
45.0,28.1,6.366482591176802
45.0,28.2,6.381093088128952
45.0,28.3,5.927651616902566
45.0,28.4,6.202983779316075
45.0,28.5,6.395631780142578
45.0,28.6,6.561437648517428
45.0,28.7,6.66444622378348
45.0,28.8,6.660796569893574
45.0,28.9,7.2816835416882055
45.0,29.0,7.494864655439623
45.0,29.1,7.602575162723397
45.0,29.2,7.641282157247598
45.0,29.3,7.8655713400144975
45.0,29.4,7.985042359747844
45.0,29.5,8.096247546234139
45.0,29.6,8.205503151151996
45.0,29.7,8.312284843475542
44.9,21.3,7.095653993181131
44.9,21.4,7.1780235561525005
44.9,21.5,6.78463942556045
44.9,21.6,6.433418225023248
44.9,21.7,5.7451632400041275
44.9,21.8,4.8821928918276525
44.9,21.9,4.334092881496
44.9,22.0,5.921923235871471
44.9,22.1,5.142542618039016
44.9,22.2,3.750279987602028
44.9,22.3,3.0656390122946826
44.9,22.4,3.243355718565969
44.9,22.5,3.3465972724455084
44.9,22.6,4.229962806075003
44.9,22.7,4.613742638702338
44.9,22.8,5.171808554602746
44.9,22.9,5.564388366566779
44.9,23.0,5.129739642525042
44.9,23.1,4.952577745634864
44.9,23.2,5.40619382167581
44.9,23.3,5.195859592933153
44.9,23.4,5.589833660502138
44.9,23.5,5.521779109412139
44.9,23.6,4.9233851637565635
44.9,23.7,5.511180907118515
44.9,23.8,5.469119227192873
44.9,23.9,5.402209939043314
44.9,24.0,5.726410786238228
44.9,24.1,5.4099958673416655
44.9,24.2,5.824319144539761
44.9,24.3,5.887750800702609
44.9,24.4,5.7570384337224585
44.9,24.5,5.721548197127758
44.9,24.6,5.637045149292271
44.9,24.7,5.529336708337649
44.9,24.8,5.32990184936461
44.9,24.9,5.361038846988304
44.9,25.0,4.839724661638617
44.9,25.1,5.1261555945862085
44.9,25.2,4.883668767434654
44.9,25.3,4.838029238557712
44.9,25.4,5.066518235354882
44.9,25.5,5.0598135137927605
44.9,25.6,5.09585546027479
44.9,25.7,5.125250025829116
44.9,25.8,5.229549023659495
44.9,25.9,5.351810104349606
44.9,26.0,5.434461721252213
44.9,26.1,5.467577745634854
44.9,26.2,5.711872610806904
44.9,26.3,5.792813823742112
44.9,26.4,5.961434549023715
44.9,26.5,6.099987085442695
44.9,26.6,5.9846425250542215
44.9,26.7,6.011480524847653
44.9,26.8,5.99970296518239
44.9,26.9,5.999468436821969
44.9,27.0,5.993775699969019
44.9,27.1,5.9833221407170125
44.9,27.2,5.951546647380922
44.9,27.3,5.99556100836863
44.9,27.4,5.976815786754845
44.9,27.5,6.050177187725982
44.9,27.6,6.020312015704109
44.9,27.7,6.045044942659367
44.9,27.8,6.154900299617739
44.9,27.9,6.240365740262408
44.9,28.0,6.335156524434345
44.9,28.1,6.453997830354389
44.9,28.2,6.454244240107469
44.9,28.3,6.262665048042164
44.9,28.4,5.658164066535822
44.9,28.5,6.571033164583102
44.9,28.6,6.5425922099389995
44.9,28.7,6.542012604607901
44.9,28.8,7.260243826841655
44.9,28.9,7.357104039673481
44.9,29.0,7.514427110238653
44.9,29.1,7.678399628060712
44.9,29.2,7.8078778799462665
44.9,29.3,7.930568757103046
44.9,29.4,8.047883562351497
44.9,29.5,8.162244033474519
44.9,29.6,8.269842442401025
44.9,29.7,8.368208492612894
44.8,21.3,7.248680648827396
44.8,21.4,6.292083376381876
44.8,21.5,7.053763301993985
44.8,21.6,6.924701932017769
44.8,21.7,6.093361917553454
44.8,21.8,5.502427420188052
44.8,21.9,4.619146606054344
44.8,22.0,4.501390639528869
44.8,22.1,3.2841378241553754
44.8,22.2,3.1211302820539166
44.8,22.3,4.442095257774561
44.8,22.4,4.775837379894637
44.8,22.5,5.742650583737992
44.8,22.6,3.9859355305300497
44.8,22.7,5.320496952164466
44.8,22.8,5.68851379274721
44.8,22.9,5.239810414299003
44.8,23.0,5.461015600785211
44.8,23.1,5.3073323690464145
44.8,23.2,5.6504907531769755
44.8,23.3,5.779472569480304
44.8,23.4,4.999295381754314
44.8,23.5,5.759995867341668
44.8,23.6,5.257326686641152
44.8,23.7,5.670033577848915
44.8,23.8,5.26072528153735
44.8,23.9,5.517762165512935
44.8,24.0,5.672757516272333
44.8,24.1,5.914533009608434
44.8,24.2,5.927096807521436
44.8,24.3,6.050779522677949
44.8,24.4,5.559975204050005
44.8,24.5,5.598623824775252
44.8,24.6,5.683601095154479
44.8,24.7,5.802507490443234
44.8,24.8,5.545982022936252
44.8,24.9,5.469823328856254
44.8,25.0,5.45145056307471
44.8,25.1,5.288786548197118
44.8,25.2,5.27431811137512
44.8,25.3,5.305402934187409
44.8,25.4,5.32536315735096
44.8,25.5,5.314653373282365
44.8,25.6,5.400030994937471
44.8,25.7,5.36936873643974
44.8,25.8,5.437075627647477
44.8,25.9,5.534184316561635
44.8,26.0,5.700631780142608
44.8,26.1,5.791856596755891
44.8,26.2,5.863625374522182
44.8,26.3,5.9869583634672505
44.8,26.4,6.021571443330926
44.8,26.5,6.1318059716912945
44.8,26.6,5.9509623928091635
44.8,26.7,5.975583221407174
44.8,26.8,5.934915280504204
44.8,26.9,6.014993284430216
44.8,27.0,5.981865378654843
44.8,27.1,5.948008575266044
44.8,27.2,5.984846575059424
44.8,27.3,6.001603988015285
44.8,27.4,5.984520095051116
44.8,27.5,5.993731790474216
44.8,27.6,6.028488996797201
44.8,27.7,6.094543341254269
44.8,27.8,6.210453559251982
44.8,27.9,6.282391776009924
44.8,28.0,6.393634156421133
44.8,28.1,6.453370182870143
44.8,28.2,6.124782518855286
44.8,28.3,6.328058167166045
44.8,28.4,5.762690877156666
44.8,28.5,5.814948858353119
44.8,28.6,6.805687054447761
44.8,28.7,7.03101560078525
44.8,28.8,6.900883355718619
44.8,28.9,7.630818266349786
44.8,29.0,7.677047732203745
44.8,29.1,7.7773220374005545
44.8,29.2,7.893719392499217
44.8,29.3,8.007441884492234
44.8,29.4,8.119222543651217
44.8,29.5,8.218572683128384
44.8,29.6,8.31544994317595
44.7,21.4,7.297822089058764
44.7,21.5,7.018024072734772
44.7,21.6,6.8240500051658
44.7,21.7,5.0912098357268105
44.7,21.8,5.3744720528980485
44.7,21.9,5.4486320900919525
44.7,22.0,5.788248786031629
44.7,22.1,5.117568447153623
44.7,22.2,4.738634156421128
44.7,22.3,4.6829347039983364
44.7,22.4,6.224057237317907
44.7,22.5,6.182960533112888
44.7,22.6,5.745440644694681
44.7,22.7,6.318249302613899
44.7,22.8,5.3722368013224715
44.7,22.9,5.708921892757478
44.7,23.0,5.342390226263011
44.7,23.1,5.288445087302397
44.7,23.2,5.440076970761398
44.7,23.3,5.9705269139373955
44.7,23.4,6.016139063952882
44.7,23.5,6.09482591176774
44.7,23.6,5.431201053827882
44.7,23.7,5.531799256121472
44.7,23.8,5.724977270379138
44.7,23.9,5.84334177084408
44.7,24.0,5.789548507077173
44.7,24.1,5.8078417191858325
44.7,24.2,5.83785256741399
44.7,24.3,6.072031718152725
44.7,24.4,5.780317181526995
44.7,24.5,5.857962082859794
44.7,24.6,5.728969418328384
44.7,24.7,5.727360781072439
44.7,24.8,5.758748321107553
44.7,24.9,5.656657195991305
44.7,25.0,5.65629507180495
44.7,25.1,5.495989255088321
44.7,25.2,5.48161845231943
44.7,25.3,5.429052588077305
44.7,25.4,5.5155966525467415
44.7,25.5,5.506873127389197
44.7,25.6,5.546354995350759
44.7,25.7,5.619515445810506
44.7,25.8,5.504150222130387
44.7,25.9,5.622661948548388
44.7,26.0,5.6380762475462305
44.7,26.1,5.8411452629403895
44.7,26.2,5.8760522781279
44.7,26.3,6.016087405723758
44.7,26.4,6.026156627750803
44.7,26.5,6.084487033784475
44.7,26.6,6.02222853600577
44.7,26.7,5.974604814546964
44.7,26.8,5.854675069738629
44.7,26.9,5.9295991321417265
44.7,27.0,5.950734063436322
44.7,27.1,5.947337534869258
44.7,27.2,5.908147019320185
44.7,27.3,5.956656162826716
44.7,27.4,5.992468230189061
44.7,27.5,5.983457485277434
44.7,27.6,6.088230705651411
44.7,27.7,6.136328133071582
44.7,27.8,6.2580121913420195
44.7,27.9,6.344336708337637
44.7,28.0,6.3502985845645314
44.7,28.1,6.2789094947825115
44.7,28.2,6.405721665461324
44.7,28.3,6.023652236801341
44.7,28.4,6.2873509660088756
44.7,28.5,6.025416365326997
44.7,28.6,7.037747184626527
44.7,28.7,7.306255294968458
44.7,28.8,7.469473086062587
44.7,28.9,7.663931707821029
44.7,29.0,7.781971794606893
44.7,29.1,7.890394668870807
44.7,29.2,7.987794193615058
44.6,21.6,6.764355821882429
44.6,21.7,5.439940593036431
44.6,21.8,5.440604917863424
44.6,21.9,6.866857113338153
44.6,22.0,6.811877260047535
44.6,22.1,3.774070668457475
44.6,22.2,5.029821779109427
44.6,22.3,4.719444674036567
44.6,22.4,5.319350139477218
44.6,22.5,6.079915280504131
44.6,22.6,6.733770534146087
44.6,22.7,6.72834435375552
44.6,22.8,5.754094431242904
44.6,22.9,5.996424733960115
44.6,23.0,5.488755036677365
44.6,23.1,6.037235251575595
44.6,23.2,5.597190825498478
44.6,23.3,5.734579502014681
44.6,23.4,6.050119847091607
44.6,23.5,6.1419723111892095
44.6,23.6,5.699728794296956
44.6,23.7,6.057335985122482
44.6,23.8,5.974091331749136
44.6,23.9,5.916140613699773
44.6,24.0,5.888162516788928
44.6,24.1,5.987020353342312
44.6,24.2,5.941529083583039
44.6,24.3,6.238401177807625
44.6,24.4,5.957927988428571
44.6,24.5,6.1013203843372255
44.6,24.6,6.011041946482085
44.6,24.7,5.882015187519359
44.6,24.8,5.83121551813201
44.6,24.9,5.861054861039362
44.6,25.0,5.726638082446543
44.6,25.1,5.724000413265862
44.6,25.2,5.597497675379706
44.6,25.3,5.615985122430035
44.6,25.4,5.64030116747599
44.6,25.5,5.661049178634164
44.6,25.6,5.616349829527861
44.6,25.7,5.637099907015191
44.6,25.8,5.688927058580409
44.6,25.9,5.757569480318241
44.6,26.0,5.778711127182566
44.6,26.1,5.830779522677972
44.6,26.2,5.929207046182445
44.6,26.3,5.875089885318724
44.6,26.4,5.902603058167175
44.6,26.5,5.953371216034719
44.6,26.6,5.903117057547248
44.6,26.7,5.938900712883538
44.6,26.8,5.824114577952251
44.6,26.9,6.012934703998343
44.6,27.0,5.970185453042663
44.6,27.1,5.916605021179836
44.6,27.2,5.918567000723259
44.6,27.3,5.978927575162728
44.6,27.4,6.0204452939353414
44.6,27.5,6.111180390536236
44.6,27.6,6.205773840272792
44.6,27.7,6.306226366360117
44.6,27.8,6.305257774563471
44.6,27.9,6.365425663808229
44.6,28.0,6.829427626820963
44.6,28.1,6.8328572166546095
44.6,28.2,6.504621345180279
44.6,28.3,6.666785824981915
44.6,28.4,6.832111788407894
44.6,28.5,6.626515652443439
44.6,28.6,6.843973550986703
44.6,28.7,7.323553053001357
44.6,28.8,7.694780969108396
44.6,28.9,7.77680597169128
44.6,29.0,7.881212935220599
44.5,22.0,5.688091745014958
44.5,22.1,6.028061266659769
44.5,22.2,7.031517202190282
44.5,22.3,5.800140510383317
44.5,22.4,6.927785928298368
44.5,22.5,7.126473292695523
44.5,22.6,6.89621035230913
44.5,22.7,6.5606870544478
44.5,22.8,6.2624599648723756
44.5,22.9,5.679953507593727
44.5,23.0,5.675580121913413
44.5,23.1,5.644291249095988
44.5,23.2,6.1327218720941925
44.5,23.3,6.213879016427288
44.5,23.4,5.8429326376691755
44.5,23.5,5.849900299617753
44.5,23.6,6.0829801632400065
44.5,23.7,6.106050728381036
44.5,23.8,6.033131005269133
44.5,23.9,5.986262010538299
44.5,24.0,5.968833040603381
44.5,24.1,6.025312015704099
44.5,24.2,6.072747701208799
44.5,24.3,6.288082446533709
44.5,24.4,6.113854737059592
44.5,24.5,6.113622791610709
44.5,24.6,6.155807934703998
44.5,24.7,6.071180907118501
44.5,24.8,6.0073148052484315
44.5,24.9,5.921342080793446
44.5,25.0,5.860635912800911
44.5,25.1,5.815684471536292
44.5,25.2,5.715057340634326
44.5,25.3,5.716883975617284
44.5,25.4,5.734220993904316
44.5,25.5,5.702695009815071
44.5,25.6,5.653182663498295
44.5,25.7,5.779084099597047
44.5,25.8,5.8040117780762435
44.5,25.9,5.873214691600372
44.5,26.0,5.915603368116523
44.5,26.1,5.927850501084857
44.5,26.2,5.928018390329556
44.5,26.3,5.943647587560699
44.5,26.4,5.9632177910941255
44.5,26.5,6.014503564417814
44.5,26.6,5.945210765574954
44.5,26.7,5.9507593759686
44.5,26.8,5.931135964459114
44.5,26.9,5.9099281950614735
44.5,27.0,5.974817129868787
44.5,27.1,5.996722801942324
44.5,27.2,5.999633226573019
44.5,27.3,6.043525157557612
44.5,27.4,6.105199400764529
44.5,27.5,6.120812067362318
44.5,27.6,6.214935427213558
44.5,27.7,6.302487343733862
44.5,27.8,6.3858936873644305
44.5,27.9,6.50128835623515
44.5,28.0,6.843917760099186
44.5,28.1,6.719081516685566
44.5,28.2,7.011919619795419
44.5,28.3,6.616721252195491
44.5,28.4,7.103276681475382
44.5,28.5,7.285619382167603
44.5,28.6,7.249588800495892
44.5,28.7,7.66856855047013
44.5,28.8,7.833698729207562
44.5,28.9,7.925083686331212
44.4,22.1,5.493612459964898
44.4,22.2,5.7583815476805595
44.4,22.4,7.081681475358984
44.4,22.5,7.179118194028342
44.4,22.6,6.944466887075126
44.4,22.7,6.997882529186931
44.4,22.8,6.8167036883975785
44.4,22.9,6.408407376795132
44.4,23.0,6.460575472672796
44.4,23.1,5.849534559355331
44.4,23.2,5.8614164686434576
44.4,23.3,5.888717842752374
44.4,23.4,6.019415228845952
44.4,23.5,6.451596755863196
44.4,23.6,5.994365636946
44.4,23.7,6.289551089988632
44.4,23.8,6.063301994007655
44.4,23.9,6.102261080690183
44.4,24.0,6.055647794193614
44.4,24.1,6.206857629920429
44.4,24.2,6.178972517822105
44.4,24.3,6.265688604194647
44.4,24.4,6.216097737369547
44.4,24.5,6.237578262217191
44.4,24.6,6.212659365636926
44.4,24.7,6.172389709680781
44.4,24.8,6.121068808761221
44.4,24.9,6.024904432276066
44.4,25.0,5.981874160553769
44.4,25.1,5.934457072011571
44.4,25.2,5.798344870337848
44.4,25.3,5.85162155181319
44.4,25.4,5.859378034920919
44.4,25.5,5.768196611220159
44.4,25.6,5.8369748941006305
44.4,25.7,5.9144110961876395
44.4,25.8,5.963314908564948
44.4,25.9,5.95978303543751
44.4,26.0,6.000585804318654
44.4,26.1,6.035656059510287
44.4,26.2,6.048254468436832
44.4,26.3,6.076489823328846
44.4,26.4,6.006347246616358
44.4,26.5,6.0201141646864205
44.4,26.6,6.002621655129726
44.4,26.7,5.993599028825293
44.4,26.8,6.068814443640875
44.4,26.9,6.055803285463397
44.4,27.0,6.027161896890119
44.4,27.1,6.000213865068698
44.4,27.2,6.04940748011158
44.4,27.3,6.113158384130568
44.4,27.4,6.160931397871663
44.4,27.5,6.198472982746154
44.4,27.6,6.279373385680359
44.4,27.7,6.382141233598529
44.4,27.8,6.495139993801
44.4,27.9,6.91143351585906
44.4,28.0,7.032374728794258
44.4,28.1,6.9215642111788265
44.4,28.2,7.019589317078188
44.4,28.3,7.132416055377618
44.4,28.4,7.188688397561714
44.4,28.5,7.454060336811629
44.4,28.6,7.46256638082445
44.4,28.7,7.800095051141642
44.4,28.8,7.998899679718964
44.3,22.5,7.08771877260043
44.3,22.6,7.2141734683334935
44.3,22.7,7.040102799876017
44.3,22.8,6.864387333402206
44.3,22.9,6.791260977373655
44.3,23.0,6.677216654613082
44.3,23.1,6.132662465130705
44.3,23.2,6.077231635499491
44.3,23.3,6.182539001963004
44.3,23.4,6.402662981712985
44.3,23.5,6.309603781382352
44.3,23.6,6.51549488583533
44.3,23.7,6.301575575989239
44.3,23.8,6.27306643248271
44.3,23.9,6.174219960739756
44.3,24.0,6.163061266659769
44.3,24.1,6.09069996900508
44.3,24.2,6.223815476805478
44.3,24.3,6.290514515962417
44.3,24.4,6.4335292902159225
44.3,24.5,6.3043687364397245
44.3,24.6,6.2480762475462255
44.3,24.7,6.259717429486532
44.3,24.8,6.127890794503509
44.3,24.9,6.110963425973759
44.3,25.0,6.109343940489692
44.3,25.1,5.992902675896301
44.3,25.2,6.12004494265934
44.3,25.3,5.905248992664508
44.3,25.4,5.954626511003203
44.3,25.5,5.94240675689635
44.3,25.6,5.984056720735613
44.3,25.7,5.973404277301392
44.3,25.8,6.019582601508444
44.3,25.9,6.030862692426897
44.3,26.0,6.134416778592846
44.3,26.1,6.15583221407165
44.3,26.2,6.08074852774044
44.3,26.3,6.108876950098141
44.3,26.4,6.08113131521848
44.3,26.5,6.115246409753093
44.3,26.6,6.090138960636417
44.3,26.7,6.102307573096389
44.3,26.8,6.0355925198884215
44.3,26.9,6.03298377931602
44.3,27.0,6.079562971381344
44.3,27.1,6.086937700175634
44.3,27.2,6.116022316354998
44.3,27.3,6.1686708337638425
44.3,27.4,6.2345650377105
44.3,27.5,6.3098419258188185
44.3,27.6,6.375167889244786
44.3,27.7,6.559668354168814
44.3,27.8,6.677643351585888
44.3,27.9,6.990659675586341
44.3,28.0,7.095608533939482
44.3,28.1,7.037176361194376
44.3,28.2,7.001837483211094
44.3,28.3,7.275809484450877
44.3,28.4,7.437366980059949
44.3,28.5,7.581841099287053
44.3,28.6,7.785100733546871
44.3,28.7,8.031879842958974
44.2,22.6,7.1099643558218935
44.2,22.7,7.118427523504471
44.2,22.8,7.047326170058857
44.2,22.9,6.844289182766831
44.2,23.0,6.684210662258461
44.2,23.1,6.628442504390943
44.2,23.2,6.5780225229878955
44.2,23.3,6.429790267589621
44.2,23.4,6.436661328649683
44.2,23.5,6.41082859799563
44.2,23.6,6.682503874367226
44.2,23.7,6.361178324207054
44.2,23.8,6.424480318214701
44.2,23.9,6.290526913937368
44.2,24.0,6.23571804938525
44.2,24.1,6.242925922099396
44.2,24.2,6.292153631573546
44.2,24.3,6.29117832420707
44.2,24.4,6.318216241347226
44.2,24.5,6.328992147949183
44.2,24.6,6.246458311809102
44.2,24.7,6.277358198160998
44.2,24.8,6.231841099287138
44.2,24.9,6.210641078623827
44.2,25.0,6.155636429383168
44.2,25.1,6.1511297654716675
44.2,25.2,6.19444932327722
44.2,25.3,6.001052794710191
44.2,25.4,6.017484760822386
44.2,25.5,6.025297034817656
44.2,25.6,6.084633743155314
44.2,25.7,6.142322037400576
44.2,25.8,6.069008678582522
44.2,25.9,6.049437441884545
44.2,26.0,6.175502634569684
44.2,26.1,6.163684264903398
44.2,26.2,6.155901436098763
44.2,26.3,6.1709313978716525
44.2,26.4,6.253371732616982
44.2,26.5,6.272513172848446
44.2,26.6,6.17488686847818
44.2,26.7,6.162477012088025
44.2,26.8,6.221160760409174
44.2,26.9,6.242619072218231
44.2,27.0,6.187612873230715
44.2,27.1,6.140515549126992
44.2,27.2,6.1688320074388185
44.2,27.3,6.196532699659043
44.2,27.4,6.293203843372272
44.2,27.5,6.416103419774775
44.2,27.6,6.591007852050835
44.2,27.7,6.790328546337418
44.2,27.8,6.534420394668868
44.2,27.9,7.097942452732714
44.2,28.0,6.7109928711643905
44.2,28.1,7.318483830974261
44.2,28.2,7.379140407066832
44.2,28.3,7.3390427730137695
44.2,28.4,7.601276474842439
44.2,28.5,7.587781795640018
44.2,28.6,8.045563074697826
44.2,28.7,8.160938630023749
44.1,22.8,6.174222027068952
44.1,22.9,6.836352929021614
44.1,23.0,6.919491683025125
44.1,23.1,6.800734063436282
44.1,23.2,6.767657299307802
44.1,23.3,6.725161173675001
44.1,23.4,6.689006612253306
44.1,23.5,6.600907118503959
44.1,23.6,6.596158694079938
44.1,23.7,6.536392705857998
44.1,23.8,6.392202190308942
44.1,23.9,6.545956710403971
44.1,24.0,6.357013121190182
44.1,24.1,6.329173984915779
44.1,24.2,6.327458415125552
44.1,24.3,6.299748941006287
44.1,24.4,6.2959189998966965
44.1,24.5,6.321530116747561
44.1,24.6,6.3870074387850195
44.1,24.7,6.241551813203834
44.1,24.8,6.270526913937376
44.1,24.9,6.198493129455512
44.1,25.0,6.236156111168499
44.1,25.1,6.2048476082239485
44.1,25.2,6.303783448703367
44.1,25.3,6.205003099493754
44.1,25.4,6.125438578365491
44.1,25.5,6.175005682405189
44.1,25.6,6.221518751937216
44.1,25.7,6.2297132968282165
44.1,25.8,6.210318214691587
44.1,25.9,6.076132348383108
44.1,26.0,6.0648755036677615
44.1,26.1,6.187565347659896
44.1,26.2,6.033433722491999
44.1,26.3,6.070225746461393
44.1,26.4,6.400181836966685
44.1,26.5,6.371631883459039
44.1,26.6,6.308000309949371
44.1,26.7,6.32207356131831
44.1,26.8,6.256336398388249
44.1,26.9,6.351295071804935
44.1,27.0,6.164326893274133
44.1,27.1,6.259471019733458
44.1,27.2,6.273022006405607
44.1,27.3,6.2836956297138356
44.1,27.4,6.311619485484023
44.1,27.5,6.443713193511724
44.1,27.6,6.55581155078003
44.1,27.7,6.756611736749679
44.1,27.8,6.8802582911458385
44.1,27.9,6.926529083582973
44.1,28.0,6.826717119537154
44.1,28.1,7.041123049901878
44.1,28.2,7.281200537245576
44.1,28.3,7.401611220167388
44.1,28.4,7.541757929538185
44.1,28.5,7.840286703171848
44.1,28.6,8.191983159417315
44.1,28.7,8.295004132658336
44.1,28.8,8.332348383097482
44.0,22.8,6.965054757722898
44.0,22.9,6.98661845231949
44.0,23.0,6.870526397355085
44.0,23.1,6.857163963219382
44.0,23.2,6.806448496745511
44.0,23.3,6.766522884595531
44.0,23.4,6.7351529083582475
44.0,23.5,6.707616489306719
44.0,23.6,6.682090091951644
44.0,23.7,6.575770740779035
44.0,23.8,6.535989771670583
44.0,23.9,6.574824878603158
44.0,24.0,6.463546854013845
44.0,24.1,6.397574129558833
44.0,24.2,6.3183459035023875
44.0,24.3,6.308283397045183
44.0,24.4,6.328408409959681
44.0,24.5,6.328416158694117
44.0,24.6,6.390040810001007
44.0,24.7,6.228588180597199
44.0,24.8,6.243228639322234
44.0,24.9,6.2191135447877
44.0,25.0,6.164178117574108
44.0,25.1,6.213273581981589
44.0,25.2,6.348792230602314
44.0,25.3,6.300138444054148
44.0,25.4,6.336387023452858
44.0,25.5,6.306987808657889
44.0,25.6,6.1855537762165795
44.0,25.7,6.15584151255295
44.0,25.8,6.119898749870906
44.0,25.9,6.090556359127982
44.0,26.0,6.121151978510182
44.0,26.1,6.320352309122857
44.0,26.2,6.2898687880979285
44.0,26.3,6.2329486517202
44.0,26.4,6.346133381547685
44.0,26.5,6.301222233701853
44.0,26.6,5.906914453972502
44.0,26.7,5.85499741708859
44.0,26.8,5.985701002169608
44.0,27.3,6.3562304990184995
44.0,27.4,6.409035540861649
44.0,27.5,6.440657609257188
44.0,27.6,6.479099080483523
44.0,27.7,6.611786341564226
44.0,27.8,6.69419568137204
44.0,27.9,6.770918483314374
44.0,28.0,7.194154871371012
44.0,28.1,7.140556875710311
44.0,28.2,7.189057237317908
44.0,28.3,7.4823354685401515
44.0,28.4,7.7165807418121775
44.0,28.5,8.088318524640968
44.0,28.6,8.148623308192986
44.0,28.7,8.387499741708849
43.9,22.8,6.955263973550918
43.9,22.9,6.824004545924198
43.9,23.0,6.855144126459328
43.9,23.1,6.8917636119434205
43.9,23.2,6.858628990598196
43.9,23.3,6.756156111168526
43.9,23.4,6.693562351482631
43.9,23.5,6.635360057857215
43.9,23.6,6.631998140303742
43.9,23.7,6.61713348486417
43.9,23.8,6.57758497778698
43.9,23.9,6.58625426180387
43.9,24.0,6.467328236388074
43.9,24.1,6.4060522781279055
43.9,24.2,6.348546854013828
43.9,24.3,6.341846781692322
43.9,24.4,6.386737782828804
43.9,24.5,6.396846781692341
43.9,24.6,6.355686021283201
43.9,24.7,6.229587250749069
43.9,24.8,6.315707717739451
43.9,24.9,6.255653476598783
43.9,25.0,6.365774873437308
43.9,25.1,6.379514412645957
43.9,25.2,6.297225436512026
43.9,25.3,6.284739642525041
43.9,25.4,6.274025725798103
43.9,25.5,6.190317181527052
43.9,25.6,6.182327719805766
43.9,25.7,6.17886455212315
43.9,25.8,6.175604917863428
43.9,25.9,6.474848641388582
43.9,26.0,6.455660192168619
43.9,26.1,6.295045459241681
43.9,26.2,6.211101353445607
43.9,27.7,6.645196817853094
43.9,27.8,6.848462651100327
43.9,27.9,6.803282363880589
43.9,28.0,7.203929124909588
43.9,28.1,7.073268932740981
43.9,28.2,7.217935220580648
43.9,28.3,7.497636636016128
43.9,28.4,7.786826634982952
43.9,28.5,8.130772290525872
43.9,28.6,8.379987085442686
43.9,28.7,8.472746151461928
43.8,22.8,6.901516685608018
43.8,22.9,6.591311602438254
43.8,23.0,6.832662981712978
43.8,23.1,6.841496022316362
43.8,23.2,6.620783138754037
43.8,23.3,6.457957433619141
43.8,23.4,6.566077074077889
43.8,23.5,6.7551875193718205
43.8,23.6,6.616627234218417
43.8,23.7,6.560200950511404
43.8,23.8,6.562178427523509
43.8,23.9,6.524268519475158
43.8,24.0,6.402353032338092
43.8,24.1,6.3721696456245445
43.8,24.2,6.352055997520417
43.8,24.3,6.379945242277091
43.8,24.4,6.394743258601098
43.8,24.5,6.378330922615956
43.8,24.6,6.370748011158241
43.8,24.7,6.388015807418105
43.8,24.8,6.431310569273733
43.8,24.9,6.1850335778489285
43.8,25.0,6.2122729620828725
43.8,25.1,6.238675999586738
43.8,25.2,6.29767744601711
43.8,25.3,6.33498140303752
43.8,25.4,6.259203430106426
43.8,25.5,6.396176774460185
43.8,25.6,6.3466757929537305
43.8,25.7,6.486727967765276
43.8,25.8,6.475289802665604
43.8,25.9,6.4830514515962685
43.8,26.0,5.862531253228662
43.8,28.0,6.812877879946266
43.8,28.1,7.225907635086251
43.8,28.2,7.252637152598402
43.8,28.3,7.538690463890848
43.8,28.4,7.809489100113644
43.8,28.5,8.057112304990117
43.8,28.6,8.39162000206635
43.8,28.7,8.48639787168098
43.7,23.6,6.447508523607796
43.7,23.8,6.6055243310259355
43.7,23.9,6.320289286083333
43.7,24.0,6.297536935633829
43.7,24.1,6.507461514619258
43.7,24.2,6.452011571443299
43.7,24.3,6.438018390329552
43.7,24.4,6.200429279884263
43.7,24.5,6.407499225126577
43.7,24.6,6.366469676619468
43.7,24.7,6.386938733340197
43.7,24.8,6.487671763611944
43.7,24.9,6.175402934187385
43.7,25.0,6.324200847194925
43.7,25.1,6.286217067878887
43.7,25.2,6.381030065089344
43.7,25.3,6.499703998346948
43.7,25.4,6.432151565244358
43.7,25.5,6.332480628164039
43.7,25.6,6.472375761958926
43.7,25.7,6.5477074077900825
43.7,25.8,6.37995505734065
43.7,25.9,5.72965130695317
43.7,28.1,7.133984399214854
43.7,28.2,7.29555584254576
43.7,28.3,7.678637772497135
43.7,28.4,7.782649550573412
43.7,28.5,8.106177807624741
43.7,28.6,8.395605951027994
43.6,24.2,6.307209422461015
43.6,24.3,6.3412057030684945
43.6,24.7,6.430988738506046
43.6,24.8,6.238772600475265
43.6,25.1,6.092953300960844
43.6,25.2,6.486415952061186
43.6,25.3,5.82081361710921
43.6,25.4,6.246189689017451
43.6,25.5,6.2282926955264
43.6,25.6,6.286100836863299
43.6,25.7,6.17406033681162
