Latitude,Longitude,tsoil
48.3,26.5,10.493298894513803
48.3,26.6,10.783887281743965
48.3,26.7,10.600515549127017
48.3,26.8,10.712535385886937
48.3,26.9,10.237938320074464
48.2,23.2,10.403967868581413
48.2,26.3,10.728678065915949
48.2,26.4,10.81079037090611
48.2,26.5,10.84668405827048
48.2,26.6,10.201478458518478
48.2,26.7,10.271269759272672
48.2,26.8,10.65182508523612
48.2,26.9,10.941407686744466
48.2,27.0,10.632528153734947
48.2,27.1,10.662485277404711
48.1,22.9,11.444274718462646
48.1,23.0,11.341199504081013
48.1,23.1,11.174607914040712
48.1,23.2,10.909803698729206
48.1,23.3,10.562375245376524
48.1,23.4,10.731687674346464
48.1,23.5,10.5349695216448
48.1,23.6,10.313685298067973
48.1,26.2,10.336917036884076
48.1,26.3,10.094719495815715
48.1,26.4,10.130835830147783
48.1,26.5,10.433806178324136
48.1,26.6,10.866112201673792
48.1,26.7,10.561589007128779
48.1,26.8,10.835376588490554
48.1,26.9,10.317721355511916
48.1,27.0,10.855705134827975
48.1,27.1,10.704227709474132
48.0,22.8,11.528832524021027
48.0,22.9,11.48003409443118
48.0,23.0,11.404551089988653
48.0,23.1,11.267901126149413
48.0,23.2,10.547857733236885
48.0,23.3,10.76589885318725
48.0,23.4,8.396836450046486
48.0,23.5,10.161738299411159
48.0,23.6,10.371296621551737
48.0,23.7,10.21192995144127
48.0,23.8,9.967491476392173
48.0,23.9,9.993150118813888
48.0,24.0,7.853468333505532
48.0,24.1,8.285720632296698
48.0,24.2,8.581986258911064
48.0,24.3,3.702418121706789
48.0,24.4,6.757168612459967
48.0,24.5,3.2443320590970175
48.0,24.6,4.790288769500989
48.0,24.7,4.343584047938855
48.0,25.3,5.8488934807314585
48.0,25.4,5.568237937803483
48.0,25.5,7.163823225539797
48.0,25.6,8.642124702965177
48.0,25.7,8.83796983159415
48.0,25.8,9.119768571133383
48.0,25.9,9.067804008678618
48.0,26.0,9.575475255708193
48.0,26.1,9.319019010228333
48.0,26.2,9.740769191032149
48.0,26.3,10.160645211282159
48.0,26.4,10.318066432482686
48.0,26.5,10.462379378034864
48.0,26.6,10.431652546750664
48.0,26.7,10.712818989565035
48.0,26.8,10.905121396838524
48.0,26.9,10.860489720012401
48.0,27.0,10.848993697696065
48.0,27.1,11.149161070358476
48.0,27.2,10.854101146812674
47.9,22.5,11.675484554189497
47.9,22.7,11.589530426696985
47.9,22.8,11.534320694286514
47.9,22.9,11.48294090298585
47.9,23.0,11.447985329062924
47.9,23.1,11.344460171505293
47.9,23.2,11.195784688500929
47.9,23.3,10.82895547060653
47.9,23.4,10.557189792333928
47.9,23.5,9.218561834900305
47.9,23.6,7.65531821469155
47.9,23.7,6.871227399524714
47.9,23.8,8.617164996383892
47.9,23.9,9.003073664634755
47.9,24.0,9.837216654613
47.9,24.1,7.056490856493442
47.9,24.2,5.988338671350337
47.9,24.3,3.014079450356452
47.9,24.4,6.461399421427827
47.9,24.5,5.409168302510613
47.9,24.6,5.439680235561522
47.9,24.7,2.192248166132861
47.9,24.8,3.113308709577439
47.9,25.2,5.820843062299862
47.9,25.3,5.267383510693241
47.9,25.4,5.285020663291642
47.9,25.5,7.836606054344502
47.9,25.6,8.268528257051385
47.9,25.7,8.680645211282204
47.9,25.8,8.955275854943677
47.9,25.9,9.20100940179774
47.9,26.0,9.227433102593187
47.9,26.1,9.379348073148009
47.9,26.2,9.756800805868412
47.9,26.3,9.558578882115823
47.9,26.4,10.406566794090274
47.9,26.5,10.663974067568988
47.9,26.6,10.805242277094733
47.9,26.7,10.939365120363725
47.9,26.8,10.98472466163865
47.9,26.9,10.91687054447774
47.9,27.0,11.113277198057688
47.9,27.1,10.778851120983566
47.9,27.2,11.21067362330808
47.9,27.3,10.891296621551822
47.8,22.2,11.551945448909981
47.8,22.3,11.566337948135123
47.8,22.4,11.700752143816564
47.8,22.5,11.689427110238682
47.8,22.6,11.646015600785262
47.8,22.7,11.587699659055673
47.8,22.8,11.5302825705135
47.8,22.9,11.52224713296828
47.8,23.0,11.479909598098939
47.8,23.1,11.392137617522472
47.8,23.2,11.291638082446577
47.8,23.3,11.074389399731329
47.8,23.4,10.060429279884225
47.8,23.5,8.022963632606688
47.8,23.6,6.647864448806685
47.8,23.7,6.058688914144023
47.8,23.8,5.908336605021186
47.8,23.9,9.233578365533615
47.8,24.0,8.956059510279939
47.8,24.1,7.726092571546637
47.8,24.2,8.672247649550531
47.8,24.3,8.866607087509076
47.8,24.4,6.220813617109228
47.8,24.5,5.236689224093374
47.8,24.6,3.0465518132038523
47.8,24.7,3.6900945345593525
47.8,24.8,3.6755511933050924
47.8,24.9,2.5304452939353324
47.8,25.0,3.17849209629093
47.8,25.1,4.857656266143187
47.8,25.2,5.705813100526913
47.8,25.3,6.264518028721964
47.8,25.4,5.809935943795872
47.8,25.5,6.004606880876117
47.8,25.6,7.21722233701827
47.8,25.7,7.379510279987625
47.8,25.8,8.645379171401943
47.8,25.9,8.965159107345759
47.8,26.0,9.446508936873713
47.8,26.1,9.025252608740644
47.8,26.2,8.708619175534603
47.8,26.3,9.746430416365303
47.8,26.4,9.739627544167785
47.8,26.5,10.633620208699206
47.8,26.6,10.752281227399477
47.8,26.7,10.94965750594061
47.8,26.8,10.803735406550262
47.8,26.9,10.877573612976551
47.8,27.0,11.237759066019194
47.8,27.1,11.104317594792821
47.8,27.2,11.349907015187597
47.8,27.3,10.865626614319616
47.7,22.2,11.569222027068918
47.7,22.3,11.607471846265115
47.7,22.4,11.613226572993144
47.7,22.5,11.66666907738395
47.7,22.6,11.655426696972832
47.7,22.7,11.61486827151569
47.7,22.8,11.561246513069534
47.7,22.9,11.52396528567001
47.7,23.0,11.453084512862912
47.7,23.1,11.350152908358247
47.7,23.2,11.281886041946429
47.7,23.3,11.126040913317507
47.7,23.4,10.683698212625274
47.7,23.5,9.834331542514702
47.7,23.6,8.803110341977481
47.7,23.7,8.68024899266452
47.7,23.8,6.052399008162005
47.7,23.9,7.167605124496331
47.7,24.0,6.055570823432207
47.7,24.1,8.291290939146586
47.7,24.2,8.487835003616084
47.7,24.3,8.059721562144883
47.7,24.4,8.457991011468103
47.7,24.5,6.950325446843677
47.7,24.6,5.1571593139787115
47.7,24.7,4.161712470296507
47.7,24.8,3.470596652546762
47.7,24.9,1.3616856080173512
47.7,25.0,2.964728794296934
47.7,25.1,4.352125219547491
47.7,25.2,5.011979543341244
47.7,25.3,4.836006302303974
47.7,25.4,6.112333402210978
47.7,25.5,6.732430519681787
47.7,25.6,6.9045330096084205
47.7,25.7,6.376895340427715
47.7,25.8,7.462872197541043
47.7,25.9,8.631491373075773
47.7,26.0,9.117055480938152
47.7,26.1,9.581139580535151
47.7,26.2,9.398924992251256
47.7,26.3,9.263352619072196
47.7,26.4,9.92963167682613
47.7,26.5,10.108242587044066
47.7,26.6,10.715619382167619
47.7,26.7,11.028408926541987
47.7,26.8,10.794413162516772
47.7,26.9,10.860647794193621
47.7,27.0,10.9561106519268
47.7,27.1,10.936259944209107
47.7,27.2,11.3550061989875
47.7,27.3,11.43267796259945
47.7,27.4,10.972561731583937
47.6,22.0,11.698223473499306
47.6,22.1,11.683109308812913
47.6,22.2,11.677296724868215
47.6,22.3,11.68690412232667
47.6,22.4,11.613825808451175
47.6,22.5,11.67553931191241
47.6,22.6,11.630615249509258
47.6,22.7,11.583810827564797
47.6,22.8,11.494768054551097
47.6,22.9,11.409315528463656
47.6,23.0,11.218456968695124
47.6,23.1,10.347202706891238
47.6,23.2,11.017722388676482
47.6,23.3,10.750651926851873
47.6,23.4,11.123648104142978
47.6,23.5,10.94964459138331
47.6,23.6,10.406413369149714
47.6,23.7,10.251422151048656
47.6,23.8,8.69288924475665
47.6,23.9,7.766761029031908
47.6,24.0,6.926622068395464
47.6,24.1,6.116826634982961
47.6,24.2,6.180162723421862
47.6,24.3,7.816571959913244
47.6,24.4,6.316262010538276
47.6,24.5,5.5833412542617955
47.6,24.6,2.9819981403037388
47.6,24.7,4.292832937286913
47.6,24.8,3.5758415125529632
47.6,24.9,4.284480834796999
47.6,25.0,3.537467713606784
47.6,25.1,5.079396115301178
47.6,25.2,3.8416788924475784
47.6,25.3,4.891614836243447
47.6,25.4,5.998472466163847
47.6,25.5,4.199718462651114
47.6,25.6,6.3886863312325275
47.6,25.7,6.277140717016202
47.6,25.8,6.161410269655948
47.6,25.9,8.431524434342434
47.6,26.0,9.090864242173822
47.6,26.1,9.244242173778286
47.6,26.2,9.367694493232761
47.6,26.3,9.790681372042577
47.6,26.4,10.082266763095337
47.6,26.5,10.090310465957272
47.6,26.6,10.166195371422631
47.6,26.7,10.815079037090559
47.6,26.8,10.51705496435589
47.6,26.9,11.044028825291921
47.6,27.0,11.17240933980778
47.6,27.1,11.402089058787091
47.6,27.2,11.100127079243702
47.6,27.3,11.125414815580115
47.6,27.4,11.4850971174708
47.6,27.5,10.9409696249613
47.5,22.0,11.836530633329854
47.5,22.1,11.801789957640198
47.5,22.2,11.788321624134728
47.5,22.3,11.745496952164439
47.5,22.4,11.74643506560599
47.5,22.5,11.65423700795529
47.5,22.6,11.564839342907344
47.5,22.7,11.426376175224746
47.5,22.8,11.44365172021904
47.5,22.9,11.239785101766726
47.5,23.0,11.02943382580846
47.5,23.1,10.73921944415749
47.5,23.2,10.992900092984817
47.5,23.3,11.105438578365533
47.5,23.4,10.993462651100359
47.5,23.5,10.55329992767848
47.5,23.6,10.718407376795076
47.5,23.7,10.491844198780854
47.5,23.8,9.047677446017122
47.5,23.9,9.877036367393377
47.5,24.0,9.386670110548604
47.5,24.1,8.48772290525881
47.5,24.2,5.1292209939043545
47.5,24.3,3.2543713193511725
47.5,24.4,6.35966215518131
47.5,24.5,7.293405310465999
47.5,24.6,3.043572683128414
47.5,24.7,6.476558012191344
47.5,24.8,2.905564107862379
47.5,24.9,0.6748439921479483
47.5,25.0,5.615050625064589
47.5,25.1,1.788472982746144
47.5,25.2,5.434860522781284
47.5,25.3,3.932805041843169
47.5,25.4,6.4457697076144
47.5,25.5,6.52099338774669
47.5,25.6,6.969116127699141
47.5,25.7,5.9731904122326895
47.5,25.8,8.096279574336128
47.5,25.9,6.679430726314694
47.5,26.0,8.783521541481532
47.5,26.1,9.073430106415966
47.5,26.2,9.658664118194084
47.5,26.3,9.485315631780137
47.5,26.4,9.666037297241447
47.5,26.5,10.13721923752454
47.5,26.6,10.222962599442111
47.5,26.7,8.338298894513933
47.5,26.8,10.220898336604996
47.5,26.9,10.884483934290738
47.5,27.0,11.317590143609891
47.5,27.1,11.366954747391224
47.5,27.2,11.193200743878476
47.5,27.3,11.53797913007534
47.5,27.4,11.466543031304814
47.5,27.5,11.576031614836252
47.5,27.6,11.252789027792117
47.4,21.9,11.973359851224364
47.4,22.0,11.866001136481009
47.4,22.1,11.937229052588002
47.4,22.2,11.737781795640036
47.4,22.3,11.51915952061156
47.4,22.4,11.427497158797362
47.4,22.5,11.4633288562868
47.4,22.6,11.39117729104249
47.4,22.7,10.929010744911677
47.4,22.8,11.035067672280183
47.4,22.9,11.176566794090402
47.4,23.0,10.956162826738305
47.4,23.1,11.181002169645614
47.4,23.2,10.61798584564529
47.4,23.3,11.096037297241432
47.4,23.4,10.502358714743231
47.4,23.5,10.569964355821902
47.4,23.6,10.475029961772911
47.4,23.7,10.218898646554416
47.4,23.8,9.415209215828119
47.4,23.9,9.495677755966536
47.4,24.0,8.682420704618236
47.4,24.1,9.463062299824385
47.4,24.2,9.308409443124308
47.4,24.3,7.741148362434089
47.4,24.4,9.002388676516187
47.4,24.5,5.918658952371095
47.4,24.6,3.1940324413679475
47.4,24.7,6.2136920136377825
47.4,24.8,7.346203120157027
47.4,24.9,6.504007128835607
47.4,25.0,4.895630746978022
47.4,25.1,3.8982332885628765
47.4,25.2,5.702726004752555
47.4,25.3,6.260298067982218
47.4,25.4,4.435715466473824
47.4,25.5,6.644352722388658
47.4,25.6,4.420343527223892
47.4,25.7,5.49783035437543
47.4,25.8,6.358895547060637
47.4,25.9,8.006676826118403
47.4,26.0,7.58154148155798
47.4,26.1,8.284562454799033
47.4,26.2,9.351318318008062
47.4,26.3,9.627974480834775
47.4,26.4,9.61826376691807
47.4,26.5,9.866030065089314
47.4,26.6,10.018456968695123
47.4,26.7,9.8626779625994
47.4,26.8,9.537482694493272
47.4,26.9,10.623623824775267
47.4,27.0,11.125847194958142
47.4,27.1,11.307837069945288
47.4,27.2,11.219596549230252
47.4,27.3,11.567002789544343
47.4,27.4,11.331221717119481
47.4,27.5,11.718536522368026
47.4,27.6,11.37826531666502
47.4,27.7,11.721473292695505
47.3,21.8,12.110045459241661
47.3,21.9,12.056898439921403
47.3,22.0,12.0229171402005
47.3,22.1,11.811550780039235
47.3,22.2,11.731413885731973
47.3,22.3,11.665540345076947
47.3,22.4,11.568837689843976
47.3,22.5,11.464785618349035
47.3,22.6,11.335850294451943
47.3,22.7,11.167905775390032
47.3,22.8,11.176738815993403
47.3,22.9,11.286945965492265
47.3,23.0,10.912236801322463
47.3,23.1,10.831492922822633
47.3,23.2,10.926128732307014
47.3,23.3,10.987439301580723
47.3,23.4,10.914680235561528
47.3,23.5,10.687942969315031
47.3,23.6,10.691770327513199
47.3,23.7,10.423956503771073
47.3,23.8,9.902660398801485
47.3,23.9,9.857609257154657
47.3,24.0,8.54428453352616
47.3,24.1,9.266007852050873
47.3,24.2,9.882487860316122
47.3,24.3,9.16308089678683
47.3,24.4,9.187081310052658
47.3,24.5,7.9157645417915345
47.3,24.6,8.07496228949275
47.3,24.7,6.7943129455522175
47.3,24.8,8.01158022522984
47.3,24.9,6.152698625891091
47.3,25.0,4.846902572579813
47.3,25.1,5.614226159727223
47.3,25.2,5.817506973860926
47.3,25.3,4.8205796053311145
47.3,25.4,5.833560801735707
47.3,25.5,4.664189998966848
47.3,25.6,5.677059097014149
47.3,25.7,4.721570410166328
47.3,25.8,5.155904019010207
47.3,25.9,6.770543444570662
47.3,26.0,7.498236388056629
47.3,26.1,8.458321624134685
47.3,26.2,7.31007697076142
47.3,26.3,9.440697386093618
47.3,26.4,9.866792023969413
47.3,26.5,9.936777559665266
47.3,26.6,9.762717222853654
47.3,26.7,10.494736543031255
47.3,26.8,10.052063229672466
47.3,26.9,10.405181836966571
47.3,27.0,11.07060440128114
47.3,27.1,11.4508843888831
47.3,27.2,11.233870751110674
47.3,27.3,11.269275751627237
47.3,27.4,11.636722285360063
47.3,27.5,11.759796466577129
47.3,27.6,11.815149808864543
47.3,27.7,11.755461307986327
47.3,27.8,11.608958570100157
47.2,21.8,12.109637875813664
47.2,21.9,12.078195578055574
47.2,22.0,12.01177032751317
47.2,22.1,11.726347246616376
47.2,22.2,11.692609257154666
47.2,22.3,11.399886351895885
47.2,22.4,11.14260977373694
47.2,22.5,10.116039363570584
47.2,22.6,11.09460326480013
47.2,22.7,11.10778127905776
47.2,22.8,11.099938010125015
47.2,22.9,11.064520611633435
47.2,23.0,10.71711695423077
47.2,23.1,10.837005372455831
47.2,23.2,10.957646451079652
47.2,23.3,10.63459035024277
47.2,23.4,10.439603781382363
47.2,23.5,9.951139580535253
47.2,23.6,10.668449736543076
47.2,23.7,10.777662465130694
47.2,23.8,10.880749044322789
47.2,23.9,10.038881082756491
47.2,24.0,10.768257051348305
47.2,24.1,10.729123359851174
47.2,24.2,10.619340840996037
47.2,24.3,10.35005579088748
47.2,24.4,10.404011778076262
47.2,24.5,9.734529910114718
47.2,24.6,9.340074904432251
47.2,24.7,8.733438371732618
47.2,24.8,7.349627544167776
47.2,24.9,1.7658265316664874
47.2,25.0,4.437638185763
47.2,25.1,4.535635396218631
47.2,25.2,2.5406131831800773
47.2,25.3,4.154737576195915
47.2,25.4,3.9234533526190876
47.2,25.5,2.440137927471852
47.2,25.6,6.111537865481978
47.2,25.7,5.405168922409333
47.2,25.8,6.483923959086648
47.2,25.9,7.161266143196576
47.2,26.0,7.545216447980146
47.2,26.1,6.791439714846569
47.2,26.2,8.879994834177058
47.2,26.3,9.14308864552125
47.2,26.4,9.718052484760852
47.2,26.5,10.002777146399387
47.2,26.6,10.275467506973873
47.2,26.7,10.345783138754024
47.2,26.8,10.640527430519722
47.2,26.9,10.454282467196979
47.2,27.0,11.239960739745813
47.2,27.1,11.298367599958665
47.2,27.2,11.330078003926088
47.2,27.3,11.365900919516527
47.2,27.4,11.61104142989982
47.2,27.5,11.511514102696555
47.2,27.6,11.615024279367733
47.2,27.7,11.519393015807461
47.2,27.8,11.892340117780687
47.2,27.9,11.557984812480615
47.1,21.6,12.258784481868016
47.1,21.7,12.185323897096781
47.1,21.8,12.12165616282671
47.1,21.9,11.94817594792845
47.1,22.0,11.783309226159762
47.1,22.1,11.586908254985032
47.1,22.2,11.1200526913937
47.1,22.3,11.268745738196191
47.1,22.4,10.735081103419768
47.1,22.5,8.975672073561276
47.1,22.6,10.25700847194954
47.1,22.7,10.788829424527323
47.1,22.8,10.557678995764004
47.1,22.9,10.74624186382892
47.1,23.0,9.503439404897263
47.1,23.1,10.6778804628578
47.1,23.2,10.825814650273786
47.1,23.3,10.91245583221406
47.1,23.4,10.178488996797148
47.1,23.5,10.257527120570336
47.1,23.6,10.559720012397962
47.1,23.7,9.568144952990957
47.1,23.8,10.550093501394816
47.1,23.9,10.934915797086461
47.1,24.0,10.41778954437443
47.1,24.1,10.02998346936668
47.1,24.2,10.647724971587932
47.1,24.3,10.64270585804313
47.1,24.4,10.092963632606681
47.1,24.5,9.663223990081642
47.1,24.6,9.731771360677753
47.1,24.7,7.363943589213787
47.1,24.8,3.4073359851224256
47.1,24.9,2.0132369046389047
47.1,25.0,4.275133278231228
47.1,25.1,3.823515342494063
47.1,25.2,2.847797809691092
47.1,25.3,1.442920239694181
47.1,25.4,3.568258084512852
47.1,25.5,4.95217636119434
47.1,25.6,4.5126242380411385
47.1,25.7,0.8279941109618705
47.1,25.8,7.11608843888831
47.1,25.9,5.73047318937903
47.1,26.0,8.076124599648676
47.1,26.1,6.529558838722995
47.1,26.2,7.714062403140813
47.1,26.3,9.014420394668868
47.1,26.4,9.318463167682658
47.1,26.5,9.810533112924874
47.1,26.6,10.122839136274418
47.1,26.7,10.44110290319251
47.1,26.8,10.615150325446844
47.1,26.9,10.679394565554311
47.1,27.0,10.739450873024145
47.1,27.1,11.039911147845874
47.1,27.2,11.275837896476856
47.1,27.3,11.271071391672677
47.1,27.4,11.569867238351035
47.1,27.5,11.692915073871236
47.1,27.6,11.444862589110476
47.1,27.7,11.667817956400466
47.1,27.8,12.020552226469672
47.1,27.9,11.931002686227952
47.1,28.0,11.623004959189997
47.1,28.1,11.236902055997527
47.0,21.6,12.265949994834237
47.0,21.7,12.196325550160143
47.0,21.8,11.986957846885044
47.0,21.9,11.767848434755596
47.0,22.0,11.621975927265243
47.0,22.1,11.420335261907239
47.0,22.2,11.267347866515177
47.0,22.3,10.760210248992696
47.0,22.4,10.169299514412673
47.0,22.5,10.696517718772595
47.0,22.6,10.090760409133152
47.0,22.7,7.90607759066019
47.0,22.8,9.471446946998645
47.0,22.9,8.13295949994829
47.0,23.0,10.134049488583589
47.0,23.1,10.178754520095012
47.0,23.2,10.419226676309542
47.0,23.3,10.680532079760331
47.0,23.4,10.551103936357046
47.0,23.5,10.480325963425981
47.0,23.6,10.392175844612082
47.0,23.7,10.315599752040537
47.0,23.8,10.614263353652232
47.0,23.9,10.805960843062316
47.0,24.0,10.772954850707658
47.0,24.1,9.292981196404627
47.0,24.2,10.295521231532245
47.0,24.3,10.240741295588412
47.0,24.4,10.525187519371872
47.0,24.5,9.70021954747395
47.0,24.6,9.739369769604268
47.0,24.7,8.676712986878861
47.0,24.8,6.356070875090396
47.0,24.9,5.711774976753774
47.0,25.0,5.398798429589849
47.0,25.1,6.990840479388382
47.0,25.2,4.488886765161675
47.0,25.3,6.054733960119845
47.0,25.4,4.974170885422028
47.0,25.5,6.194487550366751
47.0,25.6,5.374769087715663
47.0,25.7,6.058278231222233
47.0,25.8,4.9361235664841425
47.0,25.9,7.70712470296514
47.0,26.0,7.062164479801619
47.0,26.1,7.844428659985529
47.0,26.2,6.962605124496318
47.0,26.3,7.564206013017847
47.0,26.4,9.590738196094623
47.0,26.5,9.820114164686466
47.0,26.6,10.029650273788596
47.0,26.7,10.081438681682092
47.0,26.8,10.815600268622827
47.0,26.9,10.847583428040101
47.0,27.0,10.724246823018815
47.0,27.1,10.69574439508222
47.0,27.2,10.804753590246932
47.0,27.3,11.139900816199981
47.0,27.4,11.04667527637154
47.0,27.5,10.984169852257459
47.0,27.6,10.627108172331862
47.0,27.7,10.694384233908464
47.0,27.8,10.998477631986777
47.0,27.9,11.561237731170674
47.0,28.0,12.086621035230923
47.0,28.1,11.915053207976003
46.9,21.5,12.299183283397003
46.9,21.6,12.302052898026668
46.9,21.7,12.225986672176848
46.9,21.8,12.108697179460654
46.9,21.9,11.786354478768432
46.9,22.0,11.607276578158874
46.9,22.1,11.445623514825852
46.9,22.2,11.042101973344344
46.9,22.3,9.47379739642523
46.9,22.4,9.95698160967044
46.9,22.5,8.198579915280565
46.9,22.6,9.138177497675343
46.9,22.7,9.72035282570514
46.9,22.8,7.728902779212696
46.9,22.9,8.79864190515548
46.9,23.0,9.738558735406576
46.9,23.1,10.319827978096896
46.9,23.2,10.111173158384084
46.9,23.3,10.060399318111465
46.9,23.4,10.369242173778318
46.9,23.5,10.223505010848214
46.9,23.6,10.581088955470628
46.9,23.7,10.853347969831663
46.9,23.8,10.916349829527858
46.9,23.9,10.907658849054634
46.9,24.0,10.492919723111982
46.9,24.1,10.401623101560045
46.9,24.2,10.467186692840128
46.9,24.3,9.86780142576713
46.9,24.4,10.197488893480742
46.9,24.5,9.86705909701413
46.9,24.6,9.793425457175369
46.9,24.7,7.886784275235031
46.9,24.8,9.562616489306752
46.9,24.9,8.3048894513896
46.9,25.0,6.03665099700383
46.9,25.1,6.571953714226676
46.9,25.2,3.465537245583219
46.9,25.3,7.056685091435068
46.9,25.4,7.302423287529664
46.9,25.5,3.953024589317089
46.9,25.6,3.3604499431759574
46.9,25.7,4.795787271412362
46.9,25.8,6.203684264903378
46.9,25.9,6.97990494885836
46.9,26.0,7.082060646761065
46.9,26.1,8.79614526294032
46.9,26.2,9.07078933774157
46.9,26.3,8.474060336811588
46.9,26.4,10.014683335055235
46.9,26.5,10.149739642525057
46.9,26.6,10.23751265626612
46.9,26.7,10.2724816613286
46.9,26.8,10.619223576815768
46.9,26.9,10.865095567723897
46.9,27.0,10.884719495815732
46.9,27.1,10.765172538485418
46.9,27.2,10.889384233908446
46.9,27.3,11.069784068602157
46.9,27.4,11.02403295795016
46.9,27.5,11.250570823432179
46.9,27.6,11.083416158694119
46.9,27.7,11.370055790887463
46.9,27.8,11.438663085029416
46.9,27.9,11.358586114268034
46.9,28.0,11.594578985432365
46.9,28.1,12.14830509350138
46.9,28.2,11.665693770017539
46.8,21.4,12.2960522781279
46.8,21.5,12.34751523917753
46.8,21.6,12.296801839032929
46.8,21.7,12.24863105692741
46.8,21.8,12.127145366256872
46.8,21.9,11.988332472362828
46.8,22.0,11.56909959706575
46.8,22.1,11.597719805765056
46.8,22.2,11.716913420807948
46.8,22.3,11.529527843785521
46.8,22.4,10.88116644281428
46.8,22.5,9.23227451182968
46.8,22.6,7.1976831284223595
46.8,22.7,6.494295381754404
46.8,22.8,5.368861969211695
46.8,22.9,7.186969211695362
46.8,23.0,8.805126562661348
46.8,23.1,8.95455212315325
46.8,23.2,9.128071598305596
46.8,23.3,9.719853807211475
46.8,23.4,10.287040500051713
46.8,23.5,10.290876640148696
46.8,23.6,10.651898956503723
46.8,23.7,10.767053414608961
46.8,23.8,10.808798429589812
46.8,23.9,10.30314340324415
46.8,24.0,10.547892344250439
46.8,24.1,10.731223266866449
46.8,24.2,10.498989048455405
46.8,24.3,10.557199607397433
46.8,24.4,10.510129662155165
46.8,24.5,9.911662878396509
46.8,24.6,10.188273065399349
46.8,24.7,9.602051864862103
46.8,24.8,8.364673003409436
46.8,24.9,9.193250852360773
46.8,25.0,5.959696766194857
46.8,25.1,5.177721872094229
46.8,25.2,3.8780989771670713
46.8,25.3,5.182815890071304
46.8,25.4,7.070050108482314
46.8,25.5,7.171104969521651
46.8,25.6,2.626268726108057
46.8,25.7,3.021357061679909
46.8,25.8,5.87858508110344
46.8,25.9,7.345411716086353
46.8,26.0,6.630386403554065
46.8,26.1,7.733609360471112
46.8,26.2,5.518230705651402
46.8,26.3,8.704644591383422
46.8,26.4,9.185892654199826
46.8,26.5,10.238872817439786
46.8,26.6,10.51584357888209
46.8,26.7,10.600636429383176
46.8,26.8,10.61180907118501
46.8,26.9,11.004355305300065
46.8,27.0,10.912577745634884
46.8,27.1,10.845004649240604
46.8,27.2,10.873538588697231
46.8,27.3,10.994170368839841
46.8,27.4,11.081513069531928
46.8,27.5,11.458451286289945
46.8,27.6,11.319727761132295
46.8,27.7,11.44869872920764
46.8,27.8,11.488867135034655
46.8,27.9,11.397154664738078
46.8,28.0,10.795817233185279
46.8,28.1,11.715930364707111
46.8,28.2,11.970486620518686
46.7,21.3,12.317907841719137
46.7,21.4,12.261716086372546
46.7,21.5,12.363192478561835
46.7,21.6,12.342659365636958
46.7,21.7,12.313524640975343
46.7,21.8,12.266123566484215
46.7,21.9,12.123060750077522
46.7,22.0,11.795853910527999
46.7,22.1,11.795822399008289
46.7,22.2,11.256585391052798
46.7,22.3,11.551685091434987
46.7,22.4,11.079401281124088
46.7,22.5,10.160729414195732
46.7,22.6,5.483713193511656
46.7,22.7,4.186780142576653
46.7,22.8,5.2681743981816105
46.7,22.9,7.062746151461882
46.7,23.0,7.440576505837354
46.7,23.1,6.702272962082871
46.7,23.2,9.107730653993217
46.7,23.3,8.311428350036104
46.7,23.4,9.618640871990863
46.7,23.5,10.185818266349894
46.7,23.6,9.102517822089037
46.7,23.7,9.557748734373458
46.7,23.8,9.978461101353437
46.7,23.9,10.552515755759899
46.7,24.0,10.422979130075507
46.7,24.1,10.784628577332368
46.7,24.2,10.352721355511902
46.7,24.3,10.337885112098371
46.7,24.4,10.622642318421352
46.7,24.5,10.414950408100026
46.7,24.6,10.354035024279346
46.7,24.7,9.78127079243719
46.7,24.8,9.756454695733085
46.7,24.9,9.539005579088776
46.7,25.0,5.843871267692941
46.7,25.1,6.00388883149085
46.7,25.2,3.5900759375968647
46.7,25.3,4.005379171402024
46.7,25.4,7.123141336914927
46.7,25.5,7.22353910527949
46.7,25.6,6.859262837069931
46.7,25.7,3.1839435892137558
46.7,25.8,1.7467253848538102
46.7,25.9,5.87218359334643
46.7,26.0,3.9163456968694974
46.7,26.1,4.7294865172021705
46.7,26.2,6.47307263147018
46.7,26.3,5.397004339291251
46.7,26.4,8.905283603678013
46.7,26.5,9.556828701312115
46.7,26.6,10.480602334951913
46.7,26.7,10.837531769810951
46.7,26.8,10.668742638702312
46.7,26.9,11.037243000309983
46.7,27.0,11.05015445810517
46.7,27.1,10.855812583944598
46.7,27.2,10.37352774046907
46.7,27.3,10.25520043392907
46.7,27.4,10.658797913007616
46.7,27.5,10.247495092468109
46.7,27.6,11.191387023452856
46.7,27.7,11.487497675379727
46.7,27.8,11.323669800599212
46.7,27.9,11.357889244756715
46.7,28.0,11.419701932017807
46.7,28.1,11.942639218927566
46.7,28.2,12.291948548403708
46.7,28.3,12.246707304473649
46.6,21.2,12.266469676619492
46.6,21.3,12.275278437855173
46.6,21.4,12.280660708750933
46.6,21.5,12.22174759789237
46.6,21.6,12.356065709267451
46.6,21.7,12.34628370699465
46.6,21.8,12.197132968281885
46.6,21.9,12.066547163963302
46.6,22.0,11.783225023246244
46.6,22.1,9.97980938113442
46.6,22.2,9.673506044012752
46.6,22.3,8.512673829941095
46.6,22.4,11.179114061370058
46.6,22.5,10.59414815580117
46.6,22.6,7.7288738506043915
46.6,22.7,5.571362227502869
46.6,22.8,6.292426903605711
46.6,22.9,6.372051864862126
46.6,23.0,4.94841564211173
46.6,23.1,5.131662361814173
46.6,23.2,4.614178117574161
46.6,23.3,5.1927146399421265
46.6,23.4,8.957287942969296
46.6,23.5,9.270160140510388
46.6,23.6,10.110735096600852
46.6,23.7,10.281535282570442
46.6,23.8,10.800556359128036
46.6,23.9,10.995915900402885
46.6,24.0,10.637113338154748
46.6,24.1,11.007595826015141
46.6,24.2,10.296567827254849
46.6,24.3,10.77718617625783
46.6,24.4,10.775028928608295
46.6,24.5,10.181521334848613
46.6,24.6,10.725752143816514
46.6,24.7,10.02877879946278
46.6,24.8,10.175471123049908
46.6,24.9,8.894200847194947
46.6,25.0,6.566922202706875
46.6,25.1,8.444783552019809
46.6,25.2,6.495336811654074
46.6,25.3,5.893300444260742
46.6,25.4,5.642424320694312
46.6,25.5,2.8652035334228763
46.6,25.6,6.8932369046389015
46.6,25.7,6.298542721355455
46.6,25.8,6.934013844405386
46.6,25.9,4.568080380204573
46.6,26.0,5.913311809071201
46.6,26.1,6.576282157247629
46.6,26.2,4.964755139993785
46.6,26.3,4.946018700278941
46.6,26.4,7.978221923752439
46.6,26.5,8.882239384233923
46.6,26.6,10.10894462237839
46.6,26.7,10.216849364603801
46.6,26.8,10.936647897510055
46.6,26.9,11.14030891621031
46.6,27.0,11.195729930777983
46.6,27.1,10.6572621138548
46.6,27.2,10.946187622688344
46.6,27.3,9.939285050108426
46.6,27.4,11.094760305816703
46.6,27.5,9.623498811860722
46.6,27.6,10.75677652650069
46.6,27.7,11.237605641078575
46.6,27.8,11.23294400247961
46.6,27.9,11.601740365740252
46.6,28.0,10.958387746668048
46.6,28.1,12.03099545407592
46.6,28.2,12.383761235664808
46.6,28.3,12.138679099080539
46.5,21.2,12.282188759169337
46.5,21.3,12.299186899473131
46.5,21.4,12.298521541481527
46.5,21.5,12.304398698212548
46.5,21.6,12.298902262630422
46.5,21.7,12.266416985225769
46.5,21.8,12.233350036160772
46.5,21.9,12.177138650687127
46.5,22.0,11.962300340944303
46.5,22.1,11.324728277714637
46.5,22.2,6.780873024072742
46.5,22.3,8.142301890691174
46.5,22.4,10.041078623824733
46.5,22.5,10.255590970141531
46.5,22.6,8.827423287529749
46.5,22.7,7.008561318317967
46.5,22.8,5.56093088128934
46.5,22.9,7.463296828184735
46.5,23.0,3.9479414195681404
46.5,23.1,3.9939647690876914
46.5,23.2,4.579547990494887
46.5,23.3,5.0861127182560395
46.5,23.4,6.894967455315638
46.5,23.5,9.15830251058992
46.5,23.6,10.603855253641944
46.5,23.7,10.751978510176645
46.5,23.8,10.84938320074383
46.5,23.9,11.103995247442887
46.5,24.0,10.713459035024249
46.5,24.1,10.91907945035644
46.5,24.2,10.768318008058639
46.5,24.3,10.435585287736254
46.5,24.4,10.814915280504188
46.5,24.5,10.863253951854496
46.5,24.6,10.050187002789508
46.5,24.7,10.575719082549801
46.5,24.8,9.636649447256936
46.5,24.9,10.185250542411358
46.5,25.0,9.739716912904136
46.5,25.1,6.940485070771747
46.5,25.2,6.73117109205495
46.5,25.3,7.484986568860445
46.5,25.4,6.939173984915827
46.5,25.5,6.627069945242267
46.5,25.6,4.36925818782933
46.5,25.7,7.191923752453748
46.5,25.8,7.2891977477011896
46.5,25.9,4.74268932740983
46.5,26.0,4.631246513069527
46.5,26.1,6.7614319661122275
46.5,26.2,7.866217584461192
46.5,26.3,4.929638908978212
46.5,26.4,7.1869222027068504
46.5,26.5,8.3862299824362
46.5,26.6,9.833062816406686
46.5,26.7,10.578603161483654
46.5,26.8,9.97618194028306
46.5,26.9,11.212978613493124
46.5,27.0,11.000565141026929
46.5,27.1,11.145859076350883
46.5,27.2,11.122864965388985
46.5,27.3,10.957993594379529
46.5,27.4,10.844856906705225
46.5,27.5,10.559965905568767
46.5,27.6,10.80859696249618
46.5,27.7,11.289136790990778
46.5,27.8,11.808216757929497
46.5,27.9,11.656061576609178
46.5,28.0,11.815787787994585
46.5,28.1,11.954645624547956
46.5,28.2,12.436245479905029
46.5,28.3,11.997825188552524
46.4,21.1,12.305329579502056
46.4,21.2,12.30770585804323
46.4,21.3,12.296600371939268
46.4,21.4,12.324276784791756
46.4,21.5,12.318461617935663
46.4,21.6,12.328053001343104
46.4,21.7,12.307724971588028
46.4,21.8,12.171169025725703
46.4,21.9,12.094273168715741
46.4,22.0,11.977974997417096
46.4,22.1,11.928346936667031
46.4,22.2,11.551765161690303
46.4,22.3,9.94697799359438
46.4,22.4,10.054075317698093
46.4,22.5,10.059781485690651
46.4,22.6,9.659477218720935
46.4,22.7,5.028176464510817
46.4,22.8,5.67896941832835
46.4,22.9,6.955743878499841
46.4,23.0,7.617351482591179
46.4,23.1,8.620246409753115
46.4,23.2,7.143174914763894
46.4,23.3,9.426262527120608
46.4,23.4,8.978918793263762
46.4,23.5,6.224199297448087
46.4,23.6,8.913840272755506
46.4,23.7,10.44777146399422
46.4,23.8,11.322276061576636
46.4,23.9,11.369134724661643
46.4,24.0,10.937458415125535
46.4,24.1,10.84236078107242
46.4,24.2,11.0485313565451
46.4,24.3,10.585902469263383
46.4,24.4,10.751413369149699
46.4,24.5,10.430616282673803
46.4,24.6,10.770476805455147
46.4,24.7,10.67164531459855
46.4,24.8,10.09388314908561
46.4,24.9,9.321741398904816
46.4,25.0,9.134744291765616
46.4,25.1,9.172813307159863
46.4,25.2,8.611352929021576
46.4,25.3,7.615312015704134
46.4,25.4,7.028392912490941
46.4,25.5,6.562164996383916
46.4,25.6,2.6992587044116156
46.4,25.7,7.115495918999908
46.4,25.8,7.748655336295079
46.4,25.9,5.472784378551506
46.4,26.0,4.445854943692532
46.4,26.1,5.913726624651298
46.4,26.2,6.19840479388364
46.4,26.3,8.337332885628681
46.4,26.4,9.15446533732825
46.4,26.5,9.417625787787964
46.4,26.6,9.911888624857898
46.4,26.7,10.694667321004205
46.4,26.8,10.111877260047532
46.4,26.9,10.927128835623494
46.4,27.0,11.246646347763253
46.4,27.1,11.117357681578692
46.4,27.2,10.727813823742164
46.4,27.3,11.32051813203843
46.4,27.4,11.124358404793831
46.4,27.5,11.609683335055378
46.4,27.6,11.596323483831004
46.4,27.7,11.446814753590237
46.4,27.8,11.961804938526662
46.4,27.9,11.578632090091936
46.4,28.0,12.014543857836596
46.4,28.1,12.330736646347786
46.4,28.2,12.438163549953442
46.4,28.3,12.544734476702148
46.3,20.7,12.376368943072587
46.3,20.8,12.30957278644485
46.3,20.9,12.38121551813202
46.3,21.0,12.40183490029964
46.3,21.1,12.348245686537762
46.3,21.2,12.326660812067344
46.3,21.3,12.374268002892805
46.3,21.4,12.342064262837043
46.3,21.5,12.277043082963118
46.3,21.6,12.236034714329993
46.3,21.7,12.134733443537499
46.3,21.8,12.107504390949472
46.3,21.9,11.951032648000815
46.3,22.0,11.766823535489172
46.3,22.1,11.802517822089072
46.3,22.2,11.763444054137775
46.3,22.3,11.585260874057207
46.3,22.4,10.580589420394716
46.3,22.5,11.266693356751707
46.3,22.6,10.840482487860246
46.3,22.7,9.265622481661332
46.3,22.8,8.364992251265619
46.3,22.9,9.276624651307017
46.3,23.0,8.41572838103106
46.3,23.1,8.487457381960972
46.3,23.2,6.182510589936966
46.3,23.3,7.4653027172228255
46.3,23.4,7.937665564624426
46.3,23.5,10.015277921272876
46.3,23.6,10.359944725694781
46.3,23.7,11.101207252815428
46.3,23.8,11.503979233391933
46.3,23.9,10.601420601301783
46.3,24.0,11.11096135964453
46.3,24.1,10.871213968385153
46.3,24.2,10.960106932534284
46.3,24.3,11.039220993904303
46.3,24.4,10.66557340634364
46.3,24.5,10.559078417191825
46.3,24.6,10.554597582394862
46.3,24.7,9.63437648517408
46.3,24.8,10.06026035747492
46.3,24.9,9.509765471639641
46.3,25.0,10.034764438475055
46.3,25.1,8.16280865791922
46.3,25.2,7.587271928918264
46.3,25.3,9.477113854737038
46.3,25.4,7.792421221200524
46.3,25.5,8.133568550470121
46.3,25.6,7.081756379791306
46.3,25.7,5.513895547060615
46.3,25.8,7.554493232772025
46.3,25.9,7.452517305506748
46.3,26.0,4.4008869717946295
46.3,26.1,5.98513431139581
46.3,26.2,4.753332988945129
46.3,26.3,5.067547783861987
46.3,26.4,8.563033371216022
46.3,26.5,10.069198264283518
46.3,26.6,10.496638082446566
46.3,26.7,10.790328546337433
46.3,26.8,10.899918896580221
46.3,26.9,10.215023246203142
46.3,27.0,11.398604711230501
46.3,27.1,11.482808657919172
46.3,27.2,11.381784275234992
46.3,27.3,11.577335985122449
46.3,27.4,11.495779006095683
46.3,27.5,11.460318731273864
46.3,27.6,11.408247752867045
46.3,27.7,11.790430313048864
46.3,27.8,11.987588077280721
46.3,27.9,11.691275441677877
46.3,28.0,12.088202293625343
46.3,28.1,12.41296983159421
46.3,28.2,12.492776113234779
46.3,28.3,11.976042979646673
46.2,20.2,12.46592623204868
46.2,20.3,12.471369459654875
46.2,20.4,12.47891414402319
46.2,20.5,12.478319557805461
46.2,20.6,12.476226366360251
46.2,20.7,12.466950098150663
46.2,20.8,12.441548197127823
46.2,20.9,12.40746254778391
46.2,21.0,12.399201363777264
46.2,21.1,12.422976547164033
46.2,21.2,12.39308244653372
46.2,21.3,12.367215104866274
46.2,21.4,12.353954954024202
46.2,21.5,12.273984399214726
46.2,21.6,12.202104556255854
46.2,21.7,10.02631211902054
46.2,21.8,8.323493129455501
46.2,21.9,11.562388676516152
46.2,22.0,11.045209732410378
46.2,22.1,11.076945965492316
46.2,22.2,9.215596135964473
46.2,22.3,11.30730137410892
46.2,22.4,10.75069686951131
46.2,22.5,10.64403295795015
46.2,22.6,11.275102799875969
46.2,22.7,11.104042256431416
46.2,22.8,10.355395185453068
46.2,22.9,10.523597479078427
46.2,23.0,8.618425973757581
46.2,23.1,7.815184419878136
46.2,23.2,6.173570616799247
46.2,23.3,6.278100010331643
46.2,23.4,6.855237111271852
46.2,23.5,8.241200020663229
46.2,23.6,11.221594172951715
46.2,23.7,11.631693356751779
46.2,23.8,11.11158280814128
46.2,23.9,11.10504649240617
46.2,24.0,11.113221923752409
46.2,24.1,11.237851534249396
46.2,24.2,10.984078417191926
46.2,24.3,10.725997520405038
46.2,24.4,10.786967661948522
46.2,24.5,10.723508110342003
46.2,24.6,10.580808451286211
46.2,24.7,10.54381341047629
46.2,24.8,10.402631986775425
46.2,24.9,9.212766814753579
46.2,25.0,8.071811654096509
46.2,25.1,9.508046802355596
46.2,25.2,9.348141853497282
46.2,25.3,8.766555429279936
46.2,25.4,9.46121551813207
46.2,25.5,7.749877053414591
46.2,25.6,7.6226960429796975
46.2,25.7,6.98658745738194
46.2,25.8,6.35275080070255
46.2,25.9,8.11800495919001
46.2,26.0,6.8967537968798105
46.2,26.1,7.936100836863353
46.2,26.2,6.679528876950108
46.2,26.3,4.7300232462031255
46.2,26.4,8.548928608327357
46.2,26.5,8.515441677859322
46.2,26.6,10.641485174088206
46.2,26.7,10.58237679512348
46.2,26.8,10.907762165512981
46.2,26.9,11.325993387746687
46.2,27.0,10.720808451286207
46.2,27.1,11.63383304060324
46.2,27.2,11.368381547680523
46.2,27.3,11.839155904535524
46.2,27.4,11.778082963116093
46.2,27.5,11.717277611323478
46.2,27.6,11.941532699659108
46.2,27.7,11.704194131625183
46.2,27.8,11.025632296724906
46.2,27.9,11.416811654096561
46.2,28.0,12.321390639528904
46.2,28.1,12.672707407790103
46.2,28.2,12.559421427833444
46.1,20.2,12.518006508936853
46.1,20.3,12.52560956710406
46.1,20.4,12.51769810930887
46.1,20.5,12.525353858869703
46.1,20.6,12.509285050108502
46.1,20.7,12.518154251472206
46.1,20.8,12.509955057340651
46.1,20.9,12.446413885732035
46.1,21.0,12.446328133071614
46.1,21.1,12.387798842855684
46.1,21.2,12.348877466680367
46.1,21.3,12.259230292385586
46.1,21.4,12.267212005372437
46.1,21.5,12.257394358921305
46.1,21.6,12.14546699039161
46.1,21.7,12.063731790474218
46.1,21.8,11.91783138754011
46.1,21.9,11.398659468953403
46.1,22.0,11.854708647587536
46.1,22.1,11.693578882115906
46.1,22.2,11.09123721458829
46.1,22.3,11.000414815580184
46.1,22.4,11.211658745738204
46.1,22.5,9.430014980886469
46.1,22.6,8.504322244033537
46.1,22.7,9.15413575782629
46.1,22.8,10.926741398904793
46.1,22.9,10.67465337328231
46.1,23.0,8.885344560388502
46.1,23.1,9.179365636945933
46.1,23.2,9.165574439508253
46.1,23.3,10.278111375141991
46.1,23.4,10.642191342080846
46.1,23.5,9.975517098873768
46.1,23.6,11.7267532802976
46.1,23.7,11.241345180287224
46.1,23.8,11.509900299617668
46.1,23.9,11.0829594999483
46.1,24.0,10.749000413265788
46.1,24.1,10.54488996797197
46.1,24.2,10.597982229569139
46.1,24.3,10.828731273892002
46.1,24.4,10.733085029445244
46.1,24.5,10.456376175224742
46.1,24.6,10.445365223680207
46.1,24.7,9.94539260254163
46.1,24.8,9.938225539828462
46.1,24.9,9.123839239590893
46.1,25.0,9.325653993181142
46.1,25.1,9.63870699452419
46.1,25.2,9.390659675586296
46.1,25.3,9.406681991941328
46.1,25.4,9.471134414712278
46.1,25.5,9.540998036987327
46.1,25.6,9.271623618142401
46.1,25.7,8.897981712986807
46.1,25.8,7.998079863622339
46.1,25.9,7.9831811137514155
46.1,26.0,7.891601405103816
46.1,26.1,8.191569893584028
46.1,26.2,8.60079811964046
46.1,26.3,8.203254985019134
46.1,26.4,8.822719289182782
46.1,26.5,7.024528360367835
46.1,26.6,8.176498605227806
46.1,26.7,10.313145469573243
46.1,26.8,9.372700692220302
46.1,26.9,10.960908668250788
46.1,27.0,10.89713658435792
46.1,27.1,11.744293315425125
46.1,27.2,11.87760925715462
46.1,27.3,11.793052484760787
46.1,27.4,11.968431656162785
46.1,27.5,11.912185659675593
46.1,27.6,12.102890794503674
46.1,27.7,12.05589833660508
46.1,27.8,11.547570513482787
46.1,27.9,11.762857216654552
46.1,28.0,12.23136636016124
46.1,28.1,12.61756948031824
46.1,28.2,12.63748941006301
46.0,20.3,12.475274821779092
46.0,20.4,12.493014257671264
46.0,20.5,12.509399731377219
46.0,20.6,12.503370699452477
46.0,20.7,12.510350242793745
46.0,20.8,12.51749664221504
46.0,20.9,12.52767124702965
46.0,21.0,12.508209009195275
46.0,21.1,12.455006198987538
46.0,21.2,12.446266143196572
46.0,21.3,12.293100010331658
46.0,21.4,12.238265316664949
46.0,21.5,11.8747169129043
46.0,21.6,11.539908048352174
46.0,21.7,11.756681475359082
46.0,21.8,11.312202190308955
46.0,21.9,11.98702396941833
46.0,22.0,11.800955677239374
46.0,22.1,12.060696869511267
46.0,22.2,11.945272755449984
46.0,22.3,11.273935840479327
46.0,22.4,11.819162620105363
46.0,22.5,10.960338361401012
46.0,22.6,11.328712160347138
46.0,22.7,10.749621345180287
46.0,22.8,10.528420807934694
46.0,22.9,11.17857474945765
46.0,23.0,10.230439611530093
46.0,23.1,10.274684884802207
46.0,23.2,9.115094017977112
46.0,23.3,9.905719599132103
46.0,23.4,10.44381702655231
46.0,23.5,11.682322553982896
46.0,23.6,10.624587767331347
46.0,23.7,10.947880462857729
46.0,23.8,10.81137875813613
46.0,23.9,10.7355470606467
46.0,24.0,10.862709990701479
46.0,24.1,10.19099855356959
46.0,24.2,10.977165512966128
46.0,24.3,9.880886971794592
46.0,24.4,10.148537555532611
46.0,24.5,10.047273995247492
46.0,24.6,9.961500671556987
46.0,24.7,10.011546130798592
46.0,24.8,10.025890587870672
46.0,24.9,9.284523711127209
46.0,25.0,9.867169645624552
46.0,25.1,9.884291249096005
46.0,25.2,8.878113441471205
46.0,25.3,10.062754933360855
46.0,25.4,9.240896786858158
46.0,25.5,8.83473241037298
46.0,25.6,9.647045665874591
46.0,25.7,9.113702345283636
46.0,25.8,7.291717636119453
46.0,25.9,5.8893217274512155
46.0,26.0,8.79415745428241
46.0,26.1,9.114478251885524
46.0,26.2,9.184805248476108
46.0,26.3,8.451330199400712
46.0,26.4,6.686321417501813
46.0,26.5,7.814245789854355
46.0,26.6,8.582599958673374
46.0,26.7,9.270438578365575
46.0,26.8,10.590947411922594
46.0,26.9,10.877309122843227
46.0,27.0,10.815468540138488
46.0,27.1,11.525254675069718
46.0,27.2,11.961237731170561
46.0,27.3,11.87228587664015
46.0,27.4,11.994891001136434
46.0,27.5,12.062369046389144
46.0,27.6,11.884738092778134
46.0,27.7,11.894788201260456
46.0,27.8,11.441329682818452
46.0,27.9,12.088464717429462
46.0,28.0,12.186658745738201
46.0,28.1,12.70329062919724
46.0,28.2,12.3935871474325
45.9,20.4,12.540077487343735
45.9,20.5,12.561622584977862
45.9,20.6,12.564909081516676
45.9,20.7,12.580705651410302
45.9,20.8,12.58566897406755
45.9,20.9,12.59757826221722
45.9,21.0,12.588963219340895
45.9,21.1,12.573515342494142
45.9,21.2,12.416460894720618
45.9,21.3,12.470559458621779
45.9,21.4,12.359531976443833
45.9,21.5,12.199184316561661
45.9,21.6,11.93908823225535
45.9,21.7,12.246004235974803
45.9,21.8,11.871857629920385
45.9,21.9,12.106066742432098
45.9,22.0,11.682933154251472
45.9,22.1,12.065000516582243
45.9,22.2,11.56268932740984
45.9,22.3,11.476628783965305
45.9,22.4,11.34804111995038
45.9,22.5,11.585948961669573
45.9,22.6,11.205125529496867
45.9,22.7,10.499804731893803
45.9,22.8,11.835694803182065
45.9,22.9,11.843478665151352
45.9,23.0,11.694837793160458
45.9,23.1,9.462109722078766
45.9,23.2,11.697657299307718
45.9,23.3,11.647684161586998
45.9,23.4,11.569051554912772
45.9,23.5,9.802458931707811
45.9,23.6,11.141400454592425
45.9,23.7,11.026431449529946
45.9,23.8,11.00820642628377
45.9,23.9,11.135579088748855
45.9,24.0,10.803004959189945
45.9,24.1,10.613700795536744
45.9,24.2,10.454744291765623
45.9,24.3,10.427012088025554
45.9,24.4,9.92871525984092
45.9,24.5,10.266282673829966
45.9,24.6,10.327215104866173
45.9,24.7,10.203143919826466
45.9,24.8,10.153420807934681
45.9,24.9,10.045555325963386
45.9,25.0,10.071067775596571
45.9,25.1,9.763565450976303
45.9,25.2,10.192555532596295
45.9,25.3,9.603002376278493
45.9,25.4,9.107930571340042
45.9,25.5,9.640028412026016
45.9,25.6,8.092984295898297
45.9,25.7,7.5774129558839185
45.9,25.8,9.414154871370984
45.9,25.9,8.18370802768887
45.9,26.0,9.259442607707438
45.9,26.1,9.450121913420796
45.9,26.2,8.980859592933136
45.9,26.3,8.071807004855886
45.9,26.4,6.790323897096814
45.9,26.5,7.536833867135037
45.9,26.6,6.353678582498197
45.9,26.7,9.545003099493737
45.9,26.8,10.594231842132475
45.9,26.9,11.29687002789544
45.9,27.0,11.535940696352924
45.9,27.1,11.673580948445109
45.9,27.2,12.143931707821054
45.9,27.3,12.097517305506734
45.9,27.4,12.35700795536723
45.9,27.5,12.18062919723118
45.9,27.6,12.196210868891482
45.9,27.7,12.032309122843222
45.9,27.8,11.900261907221825
45.9,27.9,12.371305403450744
45.9,28.0,11.9913203843372
45.9,28.1,12.509505630747004
45.9,28.2,12.767732203739978
45.8,20.5,12.618984399214803
45.8,20.6,12.629608947205245
45.8,20.7,12.647034301064187
45.8,20.8,12.677233701828658
45.8,20.9,12.696132348383113
45.8,21.0,12.703179564004548
45.8,21.1,12.694649240623958
45.8,21.2,12.669749457588575
45.8,21.3,12.621636532699593
45.8,21.4,12.568369666287849
45.8,21.5,12.510313565450987
45.8,21.6,12.335587354065513
45.8,21.7,12.362589110445203
45.8,21.8,12.431445397251734
45.8,21.9,12.419061369976161
45.8,22.0,12.2689802665565
45.8,22.1,12.064347039983481
45.8,22.2,11.500124496332303
45.8,22.3,11.30436976960427
45.8,22.4,10.344208079347133
45.8,22.5,7.829958156834365
45.8,22.6,9.499737576195804
45.8,22.7,9.493462134518012
45.8,22.8,10.89936047112306
45.8,22.9,11.089611530116725
45.8,23.0,11.838927058580449
45.8,23.1,11.573357784895146
45.8,23.2,11.466728484347605
45.8,23.3,11.097353032338008
45.8,23.4,8.830517098873827
45.8,23.5,8.91714381650988
45.8,23.6,7.362516272342193
45.8,23.7,8.28546389089779
45.8,23.8,8.455562041533161
45.8,23.9,9.93269449323278
45.8,24.0,10.007774046905686
45.8,24.1,10.647597892344272
45.8,24.2,10.378616592623228
45.8,24.3,10.454296414918916
45.8,24.4,10.00810259324311
45.8,24.5,10.627699659055693
45.8,24.6,10.023350552743006
45.8,24.7,10.496271825601784
45.8,24.8,10.379943692530203
45.8,24.9,10.332551916520305
45.8,25.0,10.33623721458834
45.8,25.1,10.265383304060325
45.8,25.2,10.008463167682622
45.8,25.3,9.312453765884895
45.8,25.4,8.705689120776906
45.8,25.5,9.522032234734958
45.8,25.6,9.86397768364502
45.8,25.7,8.339470503151114
45.8,25.8,9.652202190308989
45.8,25.9,9.338939456555407
45.8,26.0,9.553318524640975
45.8,26.1,9.332154148155784
45.8,26.2,6.373073664634761
45.8,26.3,6.113646037813809
45.8,26.4,3.6841109618762182
45.8,26.5,6.412023969418308
45.8,26.6,8.288611943382504
45.8,26.7,9.736349312945546
45.8,26.8,10.525917450149834
45.8,26.9,10.53776474842442
45.8,27.0,10.608969934910622
45.8,27.1,11.974397148465782
45.8,27.2,12.253313358818064
45.8,27.3,12.43861917553464
45.8,27.4,12.441217584461258
45.8,27.5,12.463090195268057
45.8,27.6,12.296331749147585
45.8,27.7,12.219469469986599
45.8,27.8,12.038405310465944
45.8,27.9,12.491554396115289
45.8,28.0,12.531492406240258
45.8,28.1,12.918185762992108
45.8,28.2,12.841116334332067
45.7,20.7,12.722213555119307
45.7,20.8,12.740999586734196
45.7,20.9,12.769272135551175
45.7,21.0,12.76790525880767
45.7,21.1,12.759474119227194
45.7,21.2,12.726704204979768
45.7,21.3,12.748818576299211
45.7,21.4,12.717209422460979
45.7,21.5,12.655418431656223
45.7,21.6,12.618731790474165
45.7,21.7,12.539357888211603
45.7,21.8,12.540427213555121
45.7,21.9,12.450504184316543
45.7,22.0,11.710139477218766
45.7,22.1,10.903766918069994
45.7,22.2,8.127855150325455
45.7,22.3,10.373131005269126
45.7,22.4,9.095958260150837
45.7,22.5,5.68971794606884
45.7,22.6,5.9719191032131445
45.7,22.7,7.473890381237694
45.7,22.8,9.917679512346275
45.7,22.9,10.833116540964944
45.7,23.0,11.51176412852569
45.7,23.1,11.047897510073332
45.7,23.2,9.111856596755915
45.7,23.3,7.65034714329988
45.7,23.4,5.472055997520443
45.7,23.5,6.852186176257877
45.7,23.6,6.367155181320382
45.7,23.7,4.6477099907015065
45.7,23.8,4.673263250335819
45.7,23.9,8.511198987498714
45.7,24.0,8.087894927161887
45.7,24.1,9.93058012191337
45.7,24.2,10.331992457898533
45.7,24.3,10.044112511623105
45.7,24.4,10.138500361607528
45.7,24.5,9.640180287219744
45.7,24.6,9.166048662051866
45.7,24.7,8.858658952371155
45.7,24.8,8.621931501188135
45.7,24.9,8.850351275958264
45.7,25.0,8.960680855460254
45.7,25.1,9.044811964045856
45.7,25.2,9.265833763818552
45.7,25.3,8.756354995350762
45.7,25.4,5.928601611736782
45.7,25.5,9.66235871474324
45.7,25.6,9.804046905672035
45.7,25.7,9.649455522264704
45.7,25.8,9.608483830974276
45.7,25.9,7.136450563074701
45.7,26.0,8.219028825291852
45.7,26.1,7.779873953920898
45.7,26.2,5.706096704204944
45.7,26.3,6.595957743568539
45.7,26.4,5.906282673829903
45.7,26.5,4.930242793677037
45.7,26.6,7.437460481454707
45.7,26.7,9.128077280710807
45.7,26.8,10.30659468953409
45.7,26.9,10.111036780659143
45.7,27.0,10.666501188139272
45.7,27.1,12.13938165099701
45.7,27.2,12.426266659778966
45.7,27.3,12.562519888418196
45.7,27.4,12.574099080483501
45.7,27.5,12.568008058683704
45.7,27.6,12.44492509556761
45.7,27.7,12.441982126252691
45.7,27.8,12.384822812273995
45.7,27.9,12.372035850810983
45.7,28.0,12.481251678892471
45.7,28.1,12.913297861349312
45.7,28.2,12.479222027069012
45.6,20.7,12.76887178427525
45.6,20.8,12.797482694493288
45.6,20.9,12.920795536728951
45.6,21.0,12.763498811860682
45.6,21.1,12.74711540448394
45.6,21.2,12.706939249922499
45.6,21.3,12.681593139787182
45.6,21.4,12.618004442607708
45.6,21.5,12.546871577642289
45.6,21.6,12.321247029651772
45.6,21.7,12.254344973654371
45.6,21.8,12.374903915693837
45.6,21.9,12.284947308606224
45.6,22.0,12.211783242070444
45.6,22.1,12.004858456452165
45.6,22.2,9.821653579915287
45.6,22.3,7.100688087612393
45.6,22.4,8.647503357784876
45.6,22.5,7.414618245686569
45.6,22.6,6.237957433619172
45.6,22.7,9.263556152495116
45.6,22.8,10.288276681475397
45.6,22.9,10.816848848021554
45.6,23.0,11.119163136687739
45.6,23.1,7.312927988428537
45.6,23.2,6.764680752143835
45.6,23.3,5.399747907841725
45.6,23.4,4.720461824568657
45.6,23.5,1.19534972621139
45.6,23.6,5.025348176464502
45.6,23.7,4.606329682818508
45.6,23.8,2.257225953094319
45.6,23.9,4.883673933257586
45.6,24.0,7.834807314805247
45.6,24.1,3.1957707407790057
45.6,24.2,7.666141130282072
45.6,24.3,8.102276061576621
45.6,24.4,7.99766918070049
45.6,24.5,3.5600847194958125
45.6,24.6,-0.9292581878293228
45.6,24.7,-1.9091202603574735
45.6,24.8,-1.917114887901639
45.6,24.9,-0.46505475772290705
45.6,25.0,4.024787168095844
45.6,25.1,5.698413575782628
45.6,25.2,3.3618540138444155
45.6,25.3,8.443715259840868
45.6,25.4,8.58672228536011
45.6,25.5,7.964417811757472
45.6,25.6,5.550778489513387
45.6,25.7,6.109972104556292
45.6,25.8,8.41764025209215
45.6,25.9,6.0478758136171
45.6,26.0,7.766930984605825
45.6,26.1,6.033027688810861
45.6,26.2,5.795723215208198
45.6,26.3,7.297357681578657
45.6,26.4,3.780977890277931
45.6,26.5,7.987282777146396
45.6,26.6,5.920645211282161
45.6,26.7,8.67288097944006
45.6,26.8,9.684622894927198
45.6,26.9,11.362283810310947
45.6,27.0,11.54464304163658
45.6,27.1,12.142710507283752
45.6,27.2,12.487063229672536
45.6,27.3,12.629603781382327
45.6,27.4,12.655474739125971
45.6,27.5,12.608559251988801
45.6,27.6,12.603430622998182
45.6,27.7,12.558744188449218
45.6,27.8,12.495726831284193
45.6,27.9,12.467934187416022
45.6,28.0,12.499972104556171
45.6,28.1,12.930361091021757
45.6,28.2,12.615884388883185
45.5,20.7,12.91971381341049
45.5,20.8,12.956836450046586
45.5,20.9,13.001439714846558
45.5,21.0,13.001805971691319
45.5,21.1,13.004603264800103
45.5,21.2,12.976616902572523
45.5,21.3,12.661686124599637
45.5,21.4,12.867732720322342
45.5,21.5,12.614852774046904
45.5,21.6,12.603833557185698
45.5,21.7,12.434023659468934
45.5,21.8,12.220123463167672
45.5,21.9,12.043558218824304
45.5,22.0,11.742659882219273
45.5,22.1,11.917415538795343
45.5,22.2,11.76073199710724
45.5,22.3,11.236554912697555
45.5,22.4,10.672538485380683
45.5,22.5,9.029451389606358
45.5,22.6,8.901546647380902
45.5,22.7,8.730933464200879
45.5,22.8,8.887706891207793
45.5,22.9,9.29841719185869
45.5,23.0,9.648547370596122
45.5,23.1,9.69771257361297
45.5,23.2,8.89330406033683
45.5,23.3,4.998526707304421
45.5,23.4,5.390567723938428
45.5,23.5,4.240413782415523
45.5,23.6,3.4588970968075037
45.5,23.7,2.482245583221428
45.5,23.8,3.8922388676516215
45.5,23.9,3.7171510486620427
45.5,24.0,4.0076686641182055
45.5,24.1,2.407406240314084
45.5,24.2,4.684518545304275
45.5,24.3,10.546091021799748
45.5,24.4,7.952937803492092
45.5,24.5,3.794038123773119
45.5,24.6,2.2350940179770844
45.5,24.7,1.4623225539828546
45.5,24.8,0.18462186176257908
45.5,24.9,4.298049901849345
45.5,25.0,-1.4943392912490916
45.5,25.1,3.3879052588077263
45.5,25.2,1.4905026345696706
45.5,25.3,6.905299101146853
45.5,25.4,6.2971784275235185
45.5,25.5,4.647051864862059
45.5,25.6,4.956720735613163
45.5,25.7,2.5009949374935396
45.5,25.8,5.44418948238454
45.5,25.9,2.001954230808965
45.5,26.0,3.417255398284947
45.5,26.1,3.837692426903607
45.5,26.2,6.257513689430731
45.5,26.3,8.185609567104043
45.5,26.4,7.500724764955078
45.5,26.5,8.325396735199938
45.5,26.6,8.9093248269449
45.5,26.7,9.657801425767117
45.5,26.8,9.776133381547739
45.5,26.9,11.596171092054973
45.5,27.0,11.065807418121754
45.5,27.1,12.211664944725706
45.5,27.2,12.544247339601169
45.5,27.3,12.647643868168261
45.5,27.4,12.577624754623406
45.5,27.5,12.603643971484678
45.5,27.6,12.627085959293275
45.5,27.7,12.64017667114374
45.5,27.8,12.642811240830614
45.5,27.9,12.544956607087574
45.5,28.0,12.636071391672699
45.5,28.1,12.907170678789157
45.5,28.2,12.802989461721316
45.5,28.3,13.085398284946818
45.5,29.2,13.670578572166477
45.5,29.3,13.808004442607766
45.5,29.4,13.875621448496737
45.5,29.5,13.920783138753821
45.4,20.8,13.037808141336958
45.4,20.9,13.082126769294383
45.4,21.0,13.113472982746131
45.4,21.1,13.096053311292431
45.4,21.2,13.039685401384409
45.4,21.3,12.960328546337315
45.4,21.4,12.875473705961374
45.4,21.5,12.664805248476027
45.4,21.6,12.516222750284077
45.4,21.7,12.170177704308268
45.4,21.8,11.592450149808874
45.4,21.9,11.816455728897623
45.4,22.0,11.632583944622448
45.4,22.1,11.544386300237617
45.4,22.2,11.634610496952163
45.4,22.3,11.076024899266436
45.4,22.4,7.403726624651322
45.4,22.5,6.593751420601306
45.4,22.6,6.706707304473602
45.4,22.7,1.387732203740049
45.4,22.8,2.1800867858249844
45.4,22.9,2.124796466577133
45.4,23.0,2.4981036264076844
45.4,23.1,2.7996797189792306
45.4,23.2,7.284524227709364
45.4,23.3,8.571064676102832
45.4,23.4,7.418157350965968
45.4,23.5,6.397277611323457
45.4,23.6,2.7538283913627364
45.4,23.7,3.9286336398388264
45.4,23.8,0.8751926851947527
45.4,23.9,5.340698935840493
45.4,24.0,8.56508781898956
45.4,24.1,8.8341145779523
45.4,24.2,9.393522574646092
45.4,24.3,10.951735199917373
45.4,24.4,8.52063539621865
45.4,24.5,6.013730757309646
45.4,24.6,6.140736129765464
45.4,24.7,7.0385892137617665
45.4,24.8,8.051904638909
45.4,24.9,4.010225229879104
45.4,25.0,6.323581465027383
45.4,25.1,5.116424733960086
45.4,25.2,7.238662568447124
45.4,25.3,3.761360161173676
45.4,25.4,1.2215750594069672
45.4,25.5,4.605737679512371
45.4,25.6,2.2780586837483314
45.4,25.7,3.4568689947309115
45.4,25.8,6.235061473292698
45.4,25.9,5.442595309432801
45.4,26.0,7.330801219134186
45.4,26.1,6.458524124393014
45.4,26.2,8.103259117677426
45.4,26.3,9.204097530736634
45.4,26.4,8.623374832110771
45.4,26.5,10.018155284636823
45.4,26.6,10.909079450356462
45.4,26.7,11.441485174088267
45.4,26.8,11.162199090815207
45.4,26.9,11.16960636429383
45.4,27.0,12.01818472982754
45.4,27.1,12.392300340944407
45.4,27.2,12.579978820126085
45.4,27.3,12.655644694699795
45.4,27.4,12.699307779729356
45.4,27.5,12.655629197231159
45.4,27.6,12.685504700898898
45.4,27.7,12.71094379584669
45.4,27.8,12.751625167889236
45.4,27.9,12.808530323380575
45.4,28.0,12.855719599132183
45.4,28.1,12.948420807934621
45.4,28.2,13.073144952991072
45.4,28.3,13.128309742742006
45.4,28.4,13.172448600061974
45.4,28.8,13.395349209629074
45.4,28.9,13.527556049178626
45.4,29.0,13.684658539105273
45.4,29.1,13.75325291868991
45.4,29.2,13.810620415332108
45.4,29.3,13.835171505320833
45.4,29.4,13.904316561628297
45.4,29.5,13.942637152598255
45.4,29.6,13.97038227089581
45.4,29.7,14.010946895340261
45.3,20.9,13.154427110238665
45.3,21.0,13.201953714226718
45.3,21.1,13.189835726831271
45.3,21.2,13.157592726521319
45.3,21.3,13.115976857113331
45.3,21.4,13.064114061369997
45.3,21.5,12.808117057547266
45.3,21.6,12.238841305920054
45.3,21.7,11.700601818369712
45.3,21.8,11.515480938113475
45.3,21.9,11.625903502427901
45.3,22.0,11.066461411302859
45.3,22.1,7.187712573613011
45.3,22.2,10.263231222233694
45.3,22.3,10.75868633123252
45.3,22.4,7.756749147639172
45.3,22.5,5.426719702448602
45.3,22.6,1.4753926025415893
45.3,22.7,2.185959809897717
45.3,22.8,4.795862692426895
45.3,22.9,0.21047628887281705
45.3,23.0,6.964316045046044
45.3,23.1,6.775972724454992
45.3,23.2,4.145680338877986
45.3,23.3,4.52181010434961
45.3,23.4,5.960263973550952
45.3,23.5,4.591794606880878
45.3,23.6,5.794645107965719
45.3,23.7,3.2824873437338518
45.3,23.8,3.605181836966622
45.3,23.9,4.212003306126668
45.3,24.0,3.6651027998760193
45.3,24.1,4.813884698832559
45.3,24.2,5.453406343630558
45.3,24.3,9.506939766504818
45.3,24.4,8.754552123153182
45.3,24.5,9.462905775390087
45.3,24.6,8.192341667527673
45.3,24.7,7.348544271102353
45.3,24.8,9.513412026035732
45.3,24.9,8.890879739642564
45.3,25.0,8.847155697902707
45.3,25.1,7.794576919103211
45.3,25.2,6.90509505114168
45.3,25.3,1.1440887488376832
45.3,25.4,2.610039776836451
45.3,25.5,5.855096084306191
45.3,25.6,5.591993491063116
45.3,25.7,8.077149498915194
45.3,25.8,5.248738506044015
45.3,25.9,8.400391569377042
45.3,26.0,9.453468333505516
45.3,26.1,8.731213451802834
45.3,26.2,9.962526087405731
45.3,26.3,9.911091021799809
45.3,26.4,10.610801219134178
45.3,26.5,11.638648104142955
45.3,26.6,11.782666081206726
45.3,26.7,11.850738712677032
45.3,26.8,11.826175224713275
45.3,26.9,11.78346626717629
45.3,27.0,12.432198574232938
45.3,27.1,12.571635499535047
45.3,27.2,12.685464924062371
45.3,27.3,12.75815580121918
45.3,27.4,12.731884492199649
45.3,27.5,12.727361814236902
45.3,27.6,12.753595412749199
45.3,27.7,12.786471226366288
45.3,27.8,12.795293935323874
45.3,27.9,12.867884078933761
45.3,28.0,12.93039311912392
45.3,28.1,12.944763921892756
45.3,28.2,12.975062506457395
45.3,28.3,13.109009711747126
45.3,28.4,13.171979543341253
45.3,28.5,13.261764645107919
45.3,28.6,13.371026965595643
45.3,28.7,13.472286393222404
45.3,28.8,13.557076144229777
45.3,28.9,13.6499157970865
45.3,29.0,13.728173881599323
45.3,29.1,13.793437855150302
45.3,29.2,13.848896063642773
45.3,29.3,13.894920446327049
45.3,29.4,13.939625994420862
45.3,29.5,13.957779212728516
45.3,29.6,14.01308967868567
45.3,29.7,14.042820022729378
45.2,21.1,13.285387436718608
45.2,21.2,13.269122326686647
45.2,21.3,13.085662258497768
45.2,21.4,12.986118917243472
45.2,21.5,12.632175844612116
45.2,21.6,12.602516272342173
45.2,21.7,12.273511209835782
45.2,21.8,12.132497158797447
45.2,21.9,11.160131211902028
45.2,22.0,9.28520611633431
45.2,22.1,7.068104659572235
45.2,22.2,8.857072011571447
45.2,22.3,10.372487343733921
45.2,22.4,7.112629403863993
45.2,22.5,7.767109205496467
45.2,22.6,1.996802872197547
45.2,22.7,6.8349095980989585
45.2,22.8,7.566843165616285
45.2,22.9,4.740826531666481
45.2,23.0,7.834076350862682
45.2,23.1,6.769721562144874
45.2,23.2,9.363509660088868
45.2,23.3,8.812243516892204
45.2,23.4,9.200891104452948
45.2,23.5,8.834322760615795
45.2,23.6,9.358720942246089
45.2,23.7,9.127641285256756
45.2,23.8,9.14009246823019
45.2,23.9,9.104313462134527
45.2,24.0,7.911152495092463
45.2,24.1,9.480493852670682
45.2,24.2,9.915663808244668
45.2,24.3,10.60101353445601
45.2,24.4,10.758491063126355
45.2,24.5,10.041465543961191
45.2,24.6,10.412787478045242
45.2,24.7,10.516792540551736
45.2,24.8,9.477586010951507
45.2,24.9,10.310819299514383
45.2,25.0,10.040285670007204
45.2,25.1,9.437897510073366
45.2,25.2,8.737598925508747
45.2,25.3,7.978060233495145
45.2,25.4,8.506935633846503
45.2,25.5,8.759099080483505
45.2,25.6,8.5121355511933
45.2,25.7,8.749355305300123
45.2,25.8,9.461050728381082
45.2,25.9,10.553179564004504
45.2,26.0,10.355562041533142
45.2,26.1,10.87998708544276
45.2,26.2,10.624255088335607
45.2,26.3,9.393528773633658
45.2,26.4,11.311676826118386
45.2,26.5,10.136440231428885
45.2,26.6,12.12928091745021
45.2,26.7,12.242647484244197
45.2,26.8,12.508020973241038
45.2,26.9,12.555257257981266
45.2,27.0,12.643554602748171
45.2,27.1,12.718266349829456
45.2,27.2,12.781485174088191
45.2,27.3,12.785894720528972
45.2,27.4,12.818473499328418
45.2,27.5,12.815050108482339
45.2,27.6,12.839096497572003
45.2,27.7,12.841456762062162
45.2,27.8,12.89908668250849
45.2,27.9,12.952938320074413
45.2,28.0,12.979800082653174
45.2,28.1,12.985830664324892
45.2,28.2,12.92183438371738
45.2,28.3,12.13789027792127
45.2,28.4,11.94278127905773
45.2,28.5,13.08423494162618
45.2,28.6,13.037007438785054
45.2,28.7,13.432436202087038
45.2,28.8,13.560634879636384
45.2,28.9,13.656464510796622
45.2,29.0,13.736435065606026
45.2,29.1,13.82970141543556
45.2,29.2,13.89541843165616
45.2,29.3,13.944557288976076
45.2,29.4,13.986169025725786
45.2,29.5,14.022391776009709
45.2,29.6,14.052923339187707
45.2,29.7,14.079245789854031
45.2,29.8,14.100586837482961
45.1,21.4,12.903436305403423
45.1,21.5,12.230028928608316
45.1,21.6,12.982397974997381
45.1,21.7,12.195975823948853
45.1,21.8,10.765053724558289
45.1,21.9,9.47428246719698
45.1,22.0,6.137098357268325
45.1,22.1,6.380178737472891
45.1,22.2,9.140101766711421
45.1,22.3,9.649337224919929
45.1,22.4,8.383815993387769
45.1,22.5,6.398599545407567
45.1,22.6,4.491599855356957
45.1,22.7,8.210803285463369
45.1,22.8,9.884932327719833
45.1,22.9,8.746540448393464
45.1,23.0,10.290306849881238
45.1,23.1,11.280917450149863
45.1,23.2,11.26603781382373
45.1,23.3,11.865544994317611
45.1,23.4,11.090345076970774
45.1,23.5,10.82169129042259
45.1,23.6,11.397100940179756
45.1,23.7,11.404597065812581
45.1,23.8,11.227034301064245
45.1,23.9,9.729241657195965
45.1,24.0,11.039677136067821
45.1,24.1,11.23217739435891
45.1,24.2,12.053926541998138
45.1,24.3,11.47354427110238
45.1,24.4,11.629278851120974
45.1,24.5,10.928031821469089
45.1,24.6,10.254709680752192
45.1,24.7,9.881421634466358
45.1,24.8,10.49421272858772
45.1,24.9,10.155471639632228
45.1,25.0,10.845172021903103
45.1,25.1,10.588123256534788
45.1,25.2,10.212319971071384
45.1,25.3,9.98795381754313
45.1,25.4,9.966773943589246
45.1,25.5,8.915788304576944
45.1,25.6,9.551435065605961
45.1,25.7,10.289119743775194
45.1,25.8,10.982564831077559
45.1,25.9,11.3701663394979
45.1,26.0,11.692404173984947
45.1,26.1,11.768287013121165
45.1,26.2,12.047534352722359
45.1,26.3,10.794043806178362
45.1,26.4,10.351876226882979
45.1,26.5,11.356991424733934
45.1,26.6,12.312834487033808
45.1,26.7,12.730179254055246
45.1,26.8,12.668946172125226
45.1,26.9,12.81410476288878
45.1,27.0,12.835271205703028
45.1,27.1,12.861769810930868
45.1,27.2,12.887698625891149
45.1,27.3,12.896492922822588
45.1,27.4,12.893674449839853
45.1,27.5,12.871547163963244
45.1,27.6,12.909366153528236
45.1,27.7,12.936187622688307
45.1,27.8,12.949158487447072
45.1,27.9,13.010058373798882
45.1,28.0,13.028696146296125
45.1,28.1,13.065393635706203
45.1,28.2,12.329132141750144
45.1,28.3,12.629856390122969
45.1,28.4,12.742840686021237
45.1,28.5,12.641434549023673
45.1,28.6,12.965392602541582
45.1,28.7,13.295555842545768
45.1,28.8,13.103071598305641
45.1,28.9,13.414134724661682
45.1,29.0,13.620439611530122
45.1,29.1,13.881987808657959
45.1,29.2,13.943336088438834
45.1,29.3,13.993950304783537
45.1,29.4,14.03305610083675
45.1,29.5,14.063997830354465
45.1,29.6,14.090752143816658
45.1,29.7,14.109702965182285
45.0,21.3,13.398455935530574
45.0,21.4,13.446285773323668
45.0,21.5,13.323113958053543
45.0,21.6,12.69854788717842
45.0,21.7,12.221564727761193
45.0,21.8,8.858192478561831
45.0,21.9,10.499342907325172
45.0,22.0,9.02020921582808
45.0,22.1,9.711030581671617
45.0,22.2,10.80921376175221
45.0,22.3,11.077602025002681
45.0,22.4,9.36132916623624
45.0,22.5,9.662013121190256
45.0,22.6,5.728262217171178
45.0,22.7,8.33641491889658
45.0,22.8,10.525346626717669
45.0,22.9,11.872493542721418
45.0,23.0,11.416759995867364
45.0,23.1,12.371160243826829
45.0,23.2,12.464549540241785
45.0,23.3,12.48400299617728
45.0,23.4,12.149697799359464
45.0,23.5,12.026793057134041
45.0,23.6,11.970638495712384
45.0,23.7,11.49706322967252
45.0,23.8,11.676710920549528
45.0,23.9,11.167817439818077
45.0,24.0,11.179714846575033
45.0,24.1,11.650435995454092
45.0,24.2,12.405495918999948
45.0,24.3,12.346572476495592
45.0,24.4,11.705463374315594
45.0,24.5,11.138034920962944
45.0,24.6,10.920998553569543
45.0,24.7,11.279154354788563
45.0,24.8,10.712308606260946
45.0,24.9,11.411054861039334
45.0,25.0,10.608393429073244
45.0,25.1,10.82853497262118
45.0,25.2,10.849254055171002
45.0,25.3,10.902421737782845
45.0,25.4,11.092457381960973
45.0,25.5,11.452565347659874
45.0,25.6,10.818786031614916
45.0,25.7,10.725940179770696
45.0,25.8,11.541800805868407
45.0,25.9,11.846883975617347
45.0,26.0,12.167695009815098
45.0,26.1,12.251143713193507
45.0,26.2,11.84560750077487
45.0,26.3,12.294292798842836
45.0,26.4,12.453464200847188
45.0,26.5,12.624839342907256
45.0,26.6,12.75493646037815
45.0,26.7,12.857285876640146
45.0,26.8,12.85400454592414
45.0,26.9,12.97953094327929
45.0,27.0,12.989440024795893
45.0,27.1,12.940460274821826
45.0,27.2,12.952020869924532
45.0,27.3,12.98637462547781
45.0,27.4,12.940095567723967
45.0,27.5,12.91958415125529
45.0,27.6,12.920981506354007
45.0,27.7,12.981576092571533
45.0,27.8,13.041378758136098
45.0,27.9,13.062518338671305
45.0,28.0,13.056967145366214
45.0,28.1,13.121297138134087
45.0,28.2,12.971274925095578
45.0,28.3,12.185154974687507
45.0,28.4,12.554397665048054
45.0,28.5,12.839672486827151
45.0,28.6,13.226459344973675
45.0,28.7,13.363548920343051
45.0,28.8,13.232561731583957
45.0,28.9,13.751365843578903
45.0,29.0,13.86510744911668
45.0,29.1,13.921702138650687
45.0,29.2,13.91157815890077
45.0,29.3,14.047720322347358
45.0,29.4,14.081503771050668
45.0,29.5,14.109128009091917
45.0,29.6,14.12866515135857
45.0,29.7,14.144101146812627
44.9,21.3,13.37130592003308
44.9,21.4,13.512324620312022
44.9,21.5,12.941679409029819
44.9,21.6,12.620610600268678
44.9,21.7,12.108306643248262
44.9,21.8,10.733284946792066
44.9,21.9,9.950393635706192
44.9,22.0,11.637441367909933
44.9,22.1,10.684665771257368
44.9,22.2,9.38424888934807
44.9,22.3,9.443111375142067
44.9,22.4,9.698172331852495
44.9,22.5,8.687523504494234
44.9,22.6,9.869053621241939
44.9,22.7,10.56599855356959
44.9,22.8,11.61697954334127
44.9,22.9,12.022674863105635
44.9,23.0,11.67111116850913
44.9,23.1,11.70356855047013
44.9,23.2,12.61269552639733
44.9,23.3,12.259003512759612
44.9,23.4,12.516349829527783
44.9,23.5,12.370410166339484
44.9,23.6,11.358291662361747
44.9,23.7,11.97413679099078
44.9,23.8,11.977323587147442
44.9,23.9,11.637913007542059
44.9,24.0,11.924459654922984
44.9,24.1,11.312781279057747
44.9,24.2,12.254279367703253
44.9,24.3,12.333998863518927
44.9,24.4,11.888074697799375
44.9,24.5,11.425230395702027
44.9,24.6,11.331517718772544
44.9,24.7,11.43085029445193
44.9,24.8,11.5424258704411
44.9,24.9,11.763485380721143
44.9,25.0,11.147055997520434
44.9,25.1,11.427668147535938
44.9,25.2,11.13774356855051
44.9,25.3,11.244490649860568
44.9,25.4,11.539000413265844
44.9,25.5,11.685133794813488
44.9,25.6,11.913186279574399
44.9,25.7,11.972344767021376
44.9,25.8,12.041547163963198
44.9,25.9,12.174964872404118
44.9,26.0,12.37036005785718
44.9,26.1,12.523352102489861
44.9,26.2,12.736154561421666
44.9,26.3,12.764077384027196
44.9,26.4,12.868067465647218
44.9,26.5,12.910908151668597
44.9,26.6,12.863993697696088
44.9,26.7,12.841618968901722
44.9,26.8,12.97368064882727
44.9,26.9,12.998748321107527
44.9,27.0,13.01881082756486
44.9,27.1,13.033941006302292
44.9,27.2,13.053447670213865
44.9,27.3,13.021986775493298
44.9,27.4,13.004855356958378
44.9,27.5,13.021916520301637
44.9,27.6,13.034480834796987
44.9,27.7,13.087358198160986
44.9,27.8,13.1435886971795
44.9,27.9,13.174862589110496
44.9,28.0,13.165539828494644
44.9,28.1,13.20242690360581
44.9,28.2,13.062636636016006
44.9,28.3,12.500379171402002
44.9,28.4,11.721542514722602
44.9,28.5,12.767872197541164
44.9,28.6,12.946539931811156
44.9,28.7,13.124857939869722
44.9,28.8,13.716749147639186
44.9,28.9,13.847142266763013
44.9,29.0,13.954531976443834
44.9,29.1,14.025301167476023
44.9,29.2,14.066923752453688
44.9,29.3,14.102351482591136
44.9,29.4,14.131242380411207
44.9,29.5,14.036500671557022
44.9,29.6,14.048953920859603
44.9,29.7,14.058872817439841
44.8,21.3,13.707454282467138
44.8,21.4,12.153428556668999
44.8,21.5,13.226443330922637
44.8,21.6,12.692231118917203
44.8,21.7,11.51549178634154
44.8,21.8,10.908088128938992
44.8,21.9,9.865451492922798
44.8,22.0,9.940510383303986
44.8,22.1,8.299565554292775
44.8,22.2,7.442958983366046
44.8,22.3,10.189683851637517
44.8,22.4,10.93226521334857
44.8,22.5,12.0717853083996
44.8,22.6,9.399311395805384
44.8,22.7,11.311928401694345
44.8,22.8,11.941456762062167
44.8,22.9,11.847410889554707
44.8,23.0,12.078533939456515
44.8,23.1,11.954649240624047
44.8,23.2,12.570615249509226
44.8,23.3,12.915113131521892
44.8,23.4,11.584975720632267
44.8,23.5,12.789564521128163
44.8,23.6,11.778022522987895
44.8,23.7,12.179335158590767
44.8,23.8,11.47194079966944
44.8,23.9,11.785710817233182
44.8,24.0,12.057408306643215
44.8,24.1,12.245562041533185
44.8,24.2,12.437671247029572
44.8,24.3,12.5501988841823
44.8,24.4,11.695275338361384
44.8,24.5,11.572127285876538
44.8,24.6,11.673137204256669
44.8,24.7,11.78606312635602
44.8,24.8,11.626849881186095
44.8,24.9,11.818045769191036
44.8,25.0,12.004892550883424
44.8,25.1,11.96104401281117
44.8,25.2,11.823802562248103
44.8,25.3,11.79973602644897
44.8,25.4,11.919763921892832
44.8,25.5,12.114766504804228
44.8,25.6,12.255540861659272
44.8,25.7,12.34978303543756
44.8,25.8,12.376237214588208
44.8,25.9,12.448576815786678
44.8,26.0,12.614197747701182
44.8,26.1,12.816653063333028
44.8,26.2,12.892657299307775
44.8,26.3,12.885356958363452
44.8,26.4,12.904274201880375
44.8,26.5,12.920326480008342
44.8,26.6,12.938564934394096
44.8,26.7,12.906312635602871
44.8,26.8,12.98938784998444
44.8,26.9,13.000625064572768
44.8,27.0,13.06532906291974
44.8,27.1,13.056257361297764
44.8,27.2,13.056113234838326
44.8,27.3,13.082836553362993
44.8,27.4,13.093510176671156
44.8,27.5,13.110339394565582
44.8,27.6,13.145536212418603
44.8,27.7,13.161132864965454
44.8,27.8,13.191109618762264
44.8,27.9,13.157244550056832
44.8,28.0,13.136746048145431
44.8,28.1,13.250369872920698
44.8,28.2,12.740633846471793
44.8,28.3,12.697344767021391
44.8,28.4,11.959372352515858
44.8,28.5,12.108877466680449
44.8,28.6,13.134109412129328
44.8,28.7,13.377100940179808
44.8,28.8,13.30185039776824
44.8,28.9,13.8983474532493
44.8,29.0,13.997480628164002
44.8,29.1,14.060563591280058
44.8,29.2,14.05503719392498
44.8,29.3,14.002954334125418
44.8,29.4,13.987119020559994
44.8,29.5,13.997276061576596
44.8,29.6,14.005110032028128
44.7,21.4,13.650424114061401
44.7,21.5,13.393655852877329
44.7,21.6,13.38794451906189
44.7,21.7,10.864255604917842
44.7,21.8,11.420758859386309
44.7,21.9,11.58616489306742
44.7,22.0,11.772544684368162
44.7,22.1,10.932400041326517
44.7,22.2,10.573260667424304
44.7,22.3,10.652506973860882
44.7,22.4,12.801112718256006
44.7,22.5,13.144799566070873
44.7,22.6,12.389342390742847
44.7,22.7,12.747992044632747
44.7,22.8,11.255849261287345
44.7,22.9,12.110436512036367
44.7,23.0,11.987184109928762
44.7,23.1,12.038835106932545
44.7,23.2,12.117371112718295
44.7,23.3,12.943285463374274
44.7,23.4,13.021623618142353
44.7,23.5,12.98988996797192
44.7,23.6,12.02610238661017
44.7,23.7,12.015201467093695
44.7,23.8,11.8700268622792
44.7,23.9,12.263428556669094
44.7,24.0,12.142489926645295
44.7,24.1,11.908106725901469
44.7,24.2,12.102020353342347
44.7,24.3,12.523326789957586
44.7,24.4,11.946549230292455
44.7,24.5,11.907975513999428
44.7,24.6,11.790222646967583
44.7,24.7,11.937782312222362
44.7,24.8,11.976598822192319
44.7,24.9,11.913731790474175
44.7,25.0,12.12964459138337
44.7,25.1,12.129686951131312
44.7,25.2,12.236445397251789
44.7,25.3,12.232693976650507
44.7,25.4,12.290800185969614
44.7,25.5,12.32275596652539
44.7,25.6,12.438959086682457
44.7,25.7,12.515423080896772
44.7,25.8,12.500580638495755
44.7,25.9,12.622017253848568
44.7,26.0,12.602129352205724
44.7,26.1,12.841077074077962
44.7,26.2,12.850397251782189
44.7,26.3,12.893892447566888
44.7,26.4,12.87966370492818
44.7,26.5,13.004050521748072
44.7,26.6,13.057020353342285
44.7,26.7,13.043572166546133
44.7,26.8,13.057467713606831
44.7,26.9,13.074184316561633
44.7,27.0,13.131328133071635
44.7,27.1,13.169393532389789
44.7,27.2,13.163524640975298
44.7,27.3,13.176722285360123
44.7,27.4,13.168039570203524
44.7,27.5,13.173285463374299
44.7,27.6,13.218143403244072
44.7,27.7,13.24141595206118
44.7,27.8,13.242900609567108
44.7,27.9,13.197103006508856
44.7,28.0,13.051241347246595
44.7,28.1,12.962996177290979
44.7,28.2,12.989458105176185
44.7,28.3,12.563416675276354
44.7,28.4,12.589735509866696
44.7,28.5,12.223088128938956
44.7,28.6,13.240419464820771
44.7,28.7,13.650939663188359
44.7,28.8,13.84545200950507
44.7,28.9,13.966850397768438
44.7,29.0,13.97412077693977
44.7,29.1,13.976027998760104
44.7,29.2,13.999525777456274
44.6,21.6,12.692824155387942
44.6,21.7,10.769322244033484
44.6,21.8,10.680069738609351
44.6,21.9,12.94883407376792
44.6,22.0,13.184081000103278
44.6,22.1,8.82881754313456
44.6,22.2,10.104655439611513
44.6,22.3,9.937131935117275
44.6,22.4,11.120933980783175
44.6,22.5,12.571816303337132
44.6,22.6,13.708046285773365
44.6,22.7,13.73551916520298
44.6,22.8,12.165508316974908
44.6,22.9,12.390947928504993
44.6,23.0,11.889603781382418
44.6,23.1,12.759834693666555
44.6,23.2,12.333951337948111
44.6,23.3,12.581851430932984
44.6,23.4,13.061999690050651
44.6,23.5,13.123608327306584
44.6,23.6,12.41599855356961
44.6,23.7,12.704115094534544
44.6,23.8,12.396449013327835
44.6,23.9,12.037041533216271
44.6,24.0,12.195178220890627
44.6,24.1,12.258292695526332
44.6,24.2,12.14346575059406
44.6,24.3,12.643877983262788
44.6,24.4,12.175176154561356
44.6,24.5,12.173072631470207
44.6,24.6,12.114918379997938
44.6,24.7,12.07596032648001
44.6,24.8,12.067093191445347
44.6,24.9,12.363001859696235
44.6,25.0,12.273748837689892
44.6,25.1,12.312845851844164
44.6,25.2,12.21963477631999
44.6,25.3,12.32070565141024
44.6,25.4,12.432022419671389
44.6,25.5,12.47941522884593
44.6,25.6,12.495161690257229
44.6,25.7,12.663276164893013
44.6,25.8,12.706025415848845
44.6,25.9,12.708811344147135
44.6,26.0,12.723104142989973
44.6,26.1,12.771563178014256
44.6,26.2,12.877026035747505
44.6,26.3,12.870353858869839
44.6,26.4,12.929159004029302
44.6,26.5,13.000439094947847
44.6,26.6,12.98867548300438
44.6,26.7,13.01276268209522
44.6,26.8,13.038494162620168
44.6,26.9,13.205596135964452
44.6,27.0,13.23529083583018
44.6,27.1,13.235132761648954
44.6,27.2,13.271868994730925
44.6,27.3,13.262597375761935
44.6,27.4,13.282385577022426
44.6,27.5,13.289451906188722
44.6,27.6,13.329716396321919
44.6,27.7,13.32387023452837
44.6,27.8,13.256578675483015
44.6,27.9,13.237080276888067
44.6,28.0,13.3803791714021
44.6,28.1,13.337358198160883
44.6,28.2,12.86073871267693
44.6,28.3,13.011829217894466
44.6,28.4,13.042762682095244
44.6,28.5,12.755909184833202
44.6,28.6,12.934010228329335
44.6,28.7,13.467062713090169
44.6,28.8,13.847286393222396
44.6,28.9,13.906293005475755
44.6,29.0,13.965425663808222
44.5,22.0,11.557128319041238
44.5,22.1,12.103881599338864
44.5,22.2,13.283263766918036
44.5,22.3,11.72181475359018
44.5,22.4,13.323374832110757
44.5,22.5,13.780302717222819
44.5,22.6,13.71710455625583
44.5,22.7,13.565593036470759
44.5,22.8,12.936683541688177
44.5,22.9,12.090694286599883
44.5,23.0,12.045448910011357
44.5,23.1,12.127455315631757
44.5,23.2,12.696581258394424
44.5,23.3,12.878652753383646
44.5,23.4,12.587421221200579
44.5,23.5,12.7349504081
44.5,23.6,12.871516685608004
44.5,23.7,12.773410476288783
44.5,23.8,12.439858456452084
44.5,23.9,12.312884078933822
44.5,24.0,12.34276164893068
44.5,24.1,12.295371422667683
44.5,24.2,12.470723731790388
44.5,24.3,12.740043392912494
44.5,24.4,12.401299721045604
44.5,24.5,12.278597479078362
44.5,24.6,12.481682508523633
44.5,24.7,12.386959913214252
44.5,24.8,12.260826015084145
44.5,24.9,12.271226366360203
44.5,25.0,12.316799256121419
44.5,25.1,12.385402417605105
44.5,25.2,12.41625219547474
44.5,25.3,12.511421117884094
44.5,25.4,12.602778696146258
44.5,25.5,12.570409133174955
44.5,25.6,12.53231118917246
44.5,25.7,12.773779316045017
44.5,25.8,12.791602954850674
44.5,25.9,12.88154923029239
44.5,26.0,12.910833763818593
44.5,26.1,12.884862072528096
44.5,26.2,12.965736129765402
44.5,26.3,12.974765471639639
44.5,26.4,12.998760719082558
44.5,26.5,13.094097530736589
44.5,26.6,13.061022832937347
44.5,26.7,13.10799204463273
44.5,26.8,13.121202086992406
44.5,26.9,13.132374212212023
44.5,27.0,13.18351430932942
44.5,27.1,13.207283293728695
44.5,27.2,13.266238247752947
44.5,27.3,13.268917243516873
44.5,27.4,13.278139270585791
44.5,27.5,13.275334745324942
44.5,27.6,13.252518855253573
44.5,27.7,13.103286496538923
44.5,27.8,13.160612150015371
44.5,27.9,13.27177910941212
44.5,28.0,13.429057753900139
44.5,28.1,13.18600785205075
44.5,28.2,13.23267382994117
44.5,28.3,12.669628577332354
44.5,28.4,13.245301167476004
44.5,28.5,13.372572579811955
44.5,28.6,13.205721148879059
44.5,28.7,13.591239280917568
44.5,28.8,13.825645211282158
44.5,28.9,13.911227916106998
44.4,22.1,11.06751110651927
44.4,22.2,11.63389348073151
44.4,22.4,13.528228122739943
44.4,22.5,14.002810724248402
44.4,22.6,13.754134208079408
44.4,22.7,13.718567517305623
44.4,22.8,13.511757929538248
44.4,22.9,12.95301839032951
44.4,23.0,12.880520198367579
44.4,23.1,12.34843165616288
44.4,23.2,12.349387333402143
44.4,23.3,12.4437855150325
44.4,23.4,12.663182146915995
44.4,23.5,13.08014980886469
44.4,23.6,12.70813617109203
44.4,23.7,13.10460119847093
44.4,23.8,12.605239694183258
44.4,23.9,12.467809174501514
44.4,24.0,12.451047628887295
44.4,24.1,12.696795640045472
44.4,24.2,12.632183593346431
44.4,24.3,12.798507077177396
44.4,24.4,12.548071081723293
44.4,24.5,12.483589213761801
44.4,24.6,12.47912955883875
44.4,24.7,12.540306333298851
44.4,24.8,12.560027895443747
44.4,24.9,12.539178634156423
44.4,25.0,12.51345490236587
44.4,25.1,12.608592313255414
44.4,25.2,12.572314288666153
44.4,25.3,12.697982229569153
44.4,25.4,12.767023969418348
44.4,25.5,12.693046285773303
44.4,25.6,12.829820745944838
44.4,25.7,12.914519578468807
44.4,25.8,12.977000723215227
44.4,25.9,12.947684161586912
44.4,26.0,12.959474635809492
44.4,26.1,12.978010125012903
44.4,26.2,12.985833763818578
44.4,26.3,13.087298791197435
44.4,26.4,13.034151255294939
44.4,26.5,13.030553259634285
44.4,26.6,13.0960801735716
44.4,26.7,13.155891621035309
44.4,26.8,13.246825601818381
44.4,26.9,13.291324000413278
44.4,27.0,13.263172331852397
44.4,27.1,13.291180907118525
44.4,27.2,13.3361447463581
44.4,27.3,13.353092261597247
44.4,27.4,13.372039983469303
44.4,27.5,13.333521541481486
44.4,27.6,13.305933464200844
44.4,27.7,13.217111271825638
44.4,27.8,13.179152288459607
44.4,27.9,13.48493077797293
44.4,28.0,13.513299411096176
44.4,28.1,13.253672900092955
44.4,28.2,13.243479181733656
44.4,28.3,13.124462237834365
44.4,28.4,13.09516014051039
44.4,28.5,13.403491579708586
44.4,28.6,13.40609308812893
44.4,28.7,13.604058270482446
44.4,28.8,13.77174191548715
44.3,22.5,13.73710713916734
44.3,22.6,14.081884492199595
44.3,22.7,13.823182663498342
44.3,22.8,13.488673933257566
44.3,22.9,13.418611943382604
44.3,23.0,13.328087095774354
44.3,23.1,12.679138857320014
44.3,23.2,12.569144023142925
44.3,23.3,12.653646554396145
44.3,23.4,12.931618452319515
44.3,23.5,12.839636842649035
44.3,23.6,13.099215311499211
44.3,23.7,13.09960119847101
44.3,23.8,13.049419361504286
44.3,23.9,12.577115404483974
44.3,24.0,12.561432999276741
44.3,24.1,12.50102696559556
44.3,24.2,12.766058993697644
44.3,24.3,12.841668044219489
44.3,24.4,12.837022419671442
44.3,24.5,12.628936357061692
44.3,24.6,12.571799772703807
44.3,24.7,12.711951131315216
44.3,24.8,12.641156627750755
44.3,24.9,12.718029238557817
44.3,25.0,12.805343527223846
44.3,25.1,12.73439456555424
44.3,25.2,12.827610806901557
44.3,25.3,12.817015187519335
44.3,25.4,12.857518855253693
44.3,25.5,12.87180390536207
44.3,25.6,12.929744808347895
44.3,25.7,12.995980989771672
44.3,25.8,13.01323070565138
44.3,25.9,13.006415435478832
44.3,26.0,13.063828391362732
44.3,26.1,13.05551141646864
44.3,26.2,13.054950924682236
44.3,26.3,13.093491063126379
44.3,26.4,13.112017770430842
44.3,26.5,13.13567775596661
44.3,26.6,13.115220580638523
44.3,26.7,13.181126665977903
44.3,26.8,13.2271892757516
44.3,26.9,13.26654871371014
44.3,27.0,13.323468850087767
44.3,27.1,13.360314598615485
44.3,27.2,13.41667166029555
44.3,27.3,13.421991941316191
44.3,27.4,13.391299204463214
44.3,27.5,13.39433360884382
44.3,27.6,13.34512501291445
44.3,27.7,13.457699659055697
44.3,27.8,13.427837586527522
44.3,27.9,13.543626407686716
44.3,28.0,13.487000206632954
44.3,28.1,13.216237731170587
44.3,28.2,13.020164273168726
44.3,28.3,13.218528257051382
44.3,28.4,13.22599442091132
44.3,28.5,13.32403760719085
44.3,28.6,13.572956400454661
44.3,28.7,13.803732307056494
44.2,22.6,13.904139890484497
44.2,22.7,14.080621448496771
44.2,22.8,13.843035954127501
44.2,22.9,13.784894100630206
44.2,23.0,13.51430571340017
44.2,23.1,13.350486103936472
44.2,23.2,13.166876226882923
44.2,23.3,12.955483521024949
44.2,23.4,12.964474635809486
44.2,23.5,12.961102386610206
44.2,23.6,13.231346730034025
44.2,23.7,12.851861762578812
44.2,23.8,13.103783448703357
44.2,23.9,12.812011571443339
44.2,24.0,12.63024176051241
44.2,24.1,12.746724868271492
44.2,24.2,12.831924269036001
44.2,24.3,12.850162723421814
44.2,24.4,12.912936253745285
44.2,24.5,12.834505630746982
44.2,24.6,12.652246616386059
44.2,24.7,12.717441367909844
44.2,24.8,12.796784791817343
44.2,24.9,12.88493439404905
44.2,25.0,12.916515135861166
44.2,25.1,12.91328029755139
44.2,25.2,12.944555222646976
44.2,25.3,12.968868684781539
44.2,25.4,12.980176154561455
44.2,25.5,12.923100010331673
44.2,25.6,13.075086785824986
44.2,25.7,13.052013121190193
44.2,25.8,13.016220683954932
44.2,25.9,12.999264386816828
44.2,26.0,13.043371216034695
44.2,26.1,13.033614526294041
44.2,26.2,13.094267486310548
44.2,26.3,13.120046492406267
44.2,26.4,13.22144178117578
44.2,26.5,13.252623204876587
44.2,26.6,13.216257877879865
44.2,26.7,13.209153321624074
44.2,26.8,13.29894462237834
44.2,26.9,13.452080793470454
44.2,27.0,13.421678892447565
44.2,27.1,13.490706167992672
44.2,27.2,13.539472569480393
44.2,27.3,13.490069738609382
44.2,27.4,13.48036005785721
44.2,27.5,13.490668457485333
44.2,27.6,13.40067775596656
44.2,27.7,13.499478768467837
44.2,27.8,12.841964045872578
44.2,27.9,13.453906911871066
44.2,28.0,12.728910011364789
44.2,28.1,13.312063746254747
44.2,28.2,13.189791300754143
44.2,28.3,13.055699969005035
44.2,28.4,13.294634259737556
44.2,28.5,13.157163963219318
44.2,28.6,13.629742742018797
44.2,28.7,13.779606880876187
44.1,22.8,12.861521334848621
44.1,22.9,13.762295691703699
44.1,23.0,13.899774770120946
44.1,23.1,13.659699865688557
44.1,23.2,13.59790784171914
44.1,23.3,13.49476857113343
44.1,23.4,13.38482901126146
44.1,23.5,13.265455625581167
44.1,23.6,13.20747184626509
44.1,23.7,13.055139993800996
44.1,23.8,12.850335261907176
44.1,23.9,13.193108275648251
44.1,24.0,12.91900609567108
44.1,24.1,12.757732720322261
44.1,24.2,12.761842132451727
44.1,24.3,12.799575885938665
44.1,24.4,12.936358611426913
44.1,24.5,12.978078313875468
44.1,24.6,13.016469160037266
44.1,24.7,12.81065244343416
44.1,24.8,12.913128938940005
44.1,24.9,12.860688604194717
44.1,25.0,12.949477735303295
44.1,25.1,13.010544994317595
44.1,25.2,13.07677446017144
44.1,25.3,13.000569273685324
44.1,25.4,13.100499018493696
44.1,25.5,13.15672693460071
44.1,25.6,13.152249199297435
44.1,25.7,13.110730447360236
44.1,25.8,13.058138237421149
44.1,25.9,13.01257206322965
44.1,26.0,13.000390536212407
44.1,26.1,13.036564727761123
44.1,26.2,13.01564107862387
44.1,26.3,13.049543857836609
44.1,26.4,13.29190773840267
44.1,26.5,13.296403554086167
44.1,26.6,13.304442607707411
44.1,26.7,13.341985225746459
44.1,26.8,13.323522058063872
44.1,26.9,13.4445149292282
44.1,27.0,13.27023091228428
44.1,27.1,12.76932637669178
44.1,27.2,13.439000929848234
44.1,27.3,13.178853703895031
44.1,27.4,13.14557805558424
44.1,27.5,13.306550263457005
44.1,27.6,13.042435685504636
44.1,27.7,13.104072734786582
44.1,27.8,13.142342700692147
44.1,27.9,12.94540758342806
44.1,28.0,12.519496848847991
44.1,28.1,12.618243620208688
44.1,28.2,12.728843372249166
44.1,28.3,12.724624444674081
44.1,28.4,12.87638495712365
44.1,28.5,13.208764851740952
44.1,28.6,13.601609670420512
44.1,28.7,13.716903089162127
44.1,28.8,13.812164479801648
44.0,22.8,13.72450873024069
44.0,22.9,13.975560491786364
44.0,23.0,13.830756793057065
44.0,23.1,13.764302097324096
44.0,23.2,13.697899059820235
44.0,23.3,13.624317078210527
44.0,23.4,13.572113854737008
44.0,23.5,13.507064262837138
44.0,23.6,13.465407583428162
44.0,23.7,13.315353858869656
44.0,23.8,13.215310465957293
44.0,23.9,13.293520508317037
44.0,24.0,13.056646864345456
44.0,24.1,12.901877776629796
44.0,24.2,12.86359128009088
44.0,24.3,12.859272135551176
44.0,24.4,12.988664634776338
44.0,24.5,13.074284016943896
44.0,24.6,13.123447670213862
44.0,24.7,12.913767951234584
44.0,24.8,12.973910527947112
44.0,24.9,12.92691187106106
44.0,25.0,12.924708647587552
44.0,25.1,12.939068085546005
44.0,25.2,13.158999380101289
44.0,25.3,13.155956193821686
44.0,25.4,13.340423597479134
44.0,25.5,13.234602231635476
44.0,25.6,13.112775080070238
44.0,25.7,13.070617315838385
44.0,25.8,13.033885731997193
44.0,25.9,13.016239797499708
44.0,26.0,13.019667837586523
44.0,26.1,13.231422151048589
44.0,26.2,13.224742225436517
44.0,26.3,13.238643454902437
44.0,26.4,13.269534559355293
44.0,26.5,13.220196817853079
44.0,26.6,12.819602748217754
44.0,26.7,12.79741243930162
44.0,26.8,12.901734166752734
44.0,27.3,12.458605227812729
44.0,27.4,12.374618245686527
44.0,27.5,12.321886041946499
44.0,27.6,12.348044736026443
44.0,27.7,12.304885318731172
44.0,27.8,12.189085649343934
44.0,27.9,12.313815993387694
44.0,28.0,12.892608740572358
44.0,28.1,12.614675586320827
44.0,28.2,12.47291610703585
44.0,28.3,12.706743981816317
44.0,28.4,12.902884595516145
44.0,28.5,13.289734993284357
44.0,28.6,13.382458415125463
44.0,28.7,13.66187002789549
43.9,22.8,13.752384543857838
43.9,22.9,13.886333298894437
43.9,23.0,13.89935582188237
43.9,23.1,13.825445810517584
43.9,23.2,13.76942349416259
43.9,23.3,13.716820952577745
43.9,23.4,13.658574232875333
43.9,23.5,13.570240210765661
43.9,23.6,13.595979956607056
43.9,23.7,13.508899163136611
43.9,23.8,13.354822812273987
43.9,23.9,13.373934807314752
43.9,24.0,13.1416205186486
43.9,24.1,12.973199194131618
43.9,24.2,12.987121086889148
43.9,24.3,12.983427523504451
43.9,24.4,13.119686951131277
43.9,24.5,13.18893429073243
43.9,24.6,13.246266659778895
43.9,24.7,12.995243310259323
43.9,24.8,12.993367083376338
43.9,24.9,12.961221200537251
43.9,25.0,13.242511623101578
43.9,25.1,13.274367186692828
43.9,25.2,13.069429176567835
43.9,25.3,13.11894513896069
43.9,25.4,13.199115094534582
43.9,25.5,13.155701518751977
43.9,25.6,13.133432172745007
43.9,25.7,13.100972724454994
43.9,25.8,13.08506767228024
43.9,25.9,13.295153941522845
43.9,26.0,13.19573303027168
43.9,26.1,13.082782828804568
43.9,26.2,13.112832420704677
43.9,27.7,12.243448703378439
43.9,27.8,12.307729620828672
43.9,27.9,12.083679615662732
43.9,28.0,12.55983107759072
43.9,28.1,12.264624444674045
43.9,28.2,12.390847194958159
43.9,28.3,12.62895702035337
43.9,28.4,12.888743671866935
43.9,28.5,13.239222027068886
43.9,28.6,13.499673519991656
43.9,28.7,13.611605537762149
43.8,22.8,13.497520921582787
43.8,22.9,13.330970141543474
43.8,23.0,13.82225074904436
43.8,23.1,13.7934476702138
43.8,23.2,13.35083324723625
43.8,23.3,13.080970141543554
43.8,23.4,13.282784895133808
43.8,23.5,13.615847711540438
43.8,23.6,13.527335468540127
43.8,23.7,13.561158177497683
43.8,23.8,13.491719185866247
43.8,23.9,13.458344353755516
43.8,24.0,13.332792643868094
43.8,24.1,13.243337638185732
43.8,24.2,13.189143506560535
43.8,24.3,13.243233288562857
43.8,24.4,13.335508833557114
43.8,24.5,13.333199710713966
43.8,24.6,13.326558012191347
43.8,24.7,13.317249199297468
43.8,24.8,13.339656989358415
43.8,24.9,12.954220993904404
43.8,25.0,13.01817801425769
43.8,25.1,13.095026345696791
43.8,25.2,13.066131831800796
43.8,25.3,13.1462842235768
43.8,25.4,13.147903192478546
43.8,25.5,13.34393067465644
43.8,25.6,13.26046285773324
43.8,25.7,13.304437958466766
43.8,25.8,13.346588490546463
43.8,25.9,13.345241760512476
43.8,26.0,12.782824671970246
43.8,28.0,11.871823535489204
43.8,28.1,12.339713296828137
43.8,28.2,12.310169438991672
43.8,28.3,12.577577229052594
43.8,28.4,12.874231842132424
43.8,28.5,13.135748527740473
43.8,28.6,13.494149188965766
43.8,28.7,13.569588800495948
43.7,23.6,13.031481041429949
43.7,23.8,13.36199504081001
43.7,23.9,12.841924269036069
43.7,24.0,12.916289389399688
43.7,24.1,13.457638702345319
43.7,24.2,13.431523917760021
43.7,24.3,13.431286806488272
43.7,24.4,12.83906860212831
43.7,24.5,13.477730653993156
43.7,24.6,13.541707821055805
43.7,24.7,13.339379068085591
43.7,24.8,13.38379171402009
43.7,24.9,13.00182456865384
43.7,25.0,13.40617160863729
43.7,25.1,13.449343940489712
43.7,25.2,13.467037400557986
43.7,25.3,13.464502531253197
43.7,25.4,13.445791404070642
43.7,25.5,13.298324207046148
43.7,25.6,13.315516582291565
43.7,25.7,13.339674553156348
43.7,25.8,13.271276991424694
43.7,25.9,12.712030684988152
43.7,28.1,12.090391569377028
43.7,28.2,12.266823018906953
43.7,28.3,12.651611736749626
43.7,28.4,12.774120776939695
43.7,28.5,13.133459551606531
43.7,28.6,13.4586088438889
43.6,24.2,12.897766298171277
43.6,24.3,12.97479491683013
43.6,24.7,13.265136377724936
43.6,24.8,13.13977631986772
43.6,25.1,12.703873850604388
43.6,25.2,13.441376691806978
43.6,25.3,12.425890071288421
43.6,25.4,13.123736439714863
43.6,25.5,13.181955263973519
43.6,25.6,13.121493955987074
43.6,25.7,12.868468333505618
